2018.12.20 13:08,211,kazn****,223.39.***.237,3,1,4만가즈아,
2018.12.19 15:00,921,rssu****,222.107.***.198,1,1,"전자공시를 보면 에스엘라이팅의 자산총계는 (장부가액): 585,517,332,240원

합병으로 인해 에스엘라이팅의 주주들이 받는 신주는 총: 14,338,187주

에스엘 주가가 20,000원 정도에 PBR 이 0.7배 정도인데,

신주수 (14,338,187)*20,000 = 286,763,740,000원 임.

따라서 에스엘라이팅의 기존 주식 가치는 PBR 0.5 이하에서 책정됨. 에스엘라이팅의 2017 회계년도 영업이익률은 1.9% 정도라 딱히 인상적이진 않음. 그걸 감안해서 PBR 책정을 낮게한듯.

결론적으로, 상장된 (주)에스엘 개인주주들에게 크게 좋을것도, 나쁠것도 없는 딜임. 호들갑 안떨어도 됨. 어차피 에스엘 라이팅은 자회사였음.","['징징거린다니 사실을 얘기한거지 내가 무슨징징됨 말하는게 니미 애미 팔아먹은듯이 말하네?', 'stor님아 그럼 오늘 올랐을때 팔지 왜 계속 가져가는거임?', '제가 밑에서 얘기했듯이 저희 에스엘 주주에게는 호재도 악재도 아니라니까는 누가 계속 호재라고 함 ?ㅋ\n바본가 ? 충곤이 가족임? 오늘 주식산놈들이랑 우리는 동급임 ㅋㅋㅋ 아니지 우리에게는 오히려 더 악재가 될수도 있겠다고 생각함', '굳이 반대할 필요는 없어요~ 나쁘지 않은 딜이고 지배구조 단순화는 2년전부터 추진하던 일이었음.']"
2018.12.19 13:57,606,dbqk****,112.216.***.242,3,1,"한번씩 확인하세요
http://bit.ly/2UYmdQy",[]
2018.12.19 10:43,627,anyw****,220.126.***.179,3,2,에스엘 라이팅은 제네시스램프를 생산하는 공장입니다.물론 현대가 주력인 램프 공장이고 검단공단에 있으며 알짜 회사입니다.지난 20여년간 에스엘을 억여 살려온기업인데 합병한다니 일단 환영합니다. 조건은 두고봐야겠지만..,[]
2018.12.19 10:23,724,kshh****,175.223.***.131,3,4,"ㅋㅋ 최소 4만원 갑니다
팔지마세요 ㅋㅋ","['ㅋㅋ 팔면 후회합니데이', '곧 13000원 원복합니다.\n어여 고점에서 매도해요~', '라이팅에 매출 이익 다잡혀 있던 회사라 6만원도 가능']"
2018.12.19 09:43,488,kiji****,61.74.***.246,2,2,2만원안착 ~~~이제 쭉 갈듯~~~,[]
2018.12.18 22:16,980,stor****,58.148.***.197,2,3,"소액주주님들 반대권 행사하시죠! 의결권만 있을뿐 

호재도 악재도 아닙니다 

내일 주식사도 저희랑 별다를께 없습니다 

이득이 되는건 이충곤 이성엽 가족들이겠죠

이회사는 너무 주주를 호구로 보네요

반대권 행사해서 합병을 막고 한번 호되게 당해봐야 합니다

재상장여부도 아니요 하는거보니 주주들에게 한푼도

주기싫고 에스엘라이팅 대주주 이씨 가족집안들만 이득

보게되는 겁니다

신주권이라도 줘야지.에스엘 라이팅만 딱 신주권주네요

에스엘라이팅 대주주가 이씨집안이죠 즈그들끼리

다해쳐먹을라나 봅니다 걍 주주호구로봄","['기업가치가 상승하는데 왜 호재가아니죠?규모가커져서 대외적으로 영업에도좋구요 반대할 이유가 전혀없는거같은데요?', '에스엘 주주 이씨집안에 전부다 호구된겁니다', '국민연금 외인 형님들이 반대 눌러줄가능성도 큽니다']"
2018.12.18 22:06,728,psj4****,110.70.***.2,2,0,"에스엘라이팅
총자산 636,025,000,000
순이익 34,448,000,000
회사와의 합병이
호재일까요?
악재일까요?","['호재임', '당연히 호재지 회사가 커진다는건 마이나쓰는 아냐', '내일 주가가 오를지 떨어질지는 모르겠으나 기업가치가 상승하니 당연히호재입니다.', '에스엘 주주에게는 이득되는게 없습니다.\n내일주식을사도 저희랑 별다를께 없습니다\n의결권만 있을뿐 호재도 없고 악재도 없습니다 반대권행사 하세요']"
2018.12.18 21:11,767,stor****,58.148.***.197,2,2,"공시 잘읽어봤다 에스엘 주주에게는 이득되는게 하나도읍네

?OOO들 .. 에스엘 라이팅 주주만 좋고 에스엘 주주는 그냥 쓰레기 만들었네

에스엘 라이팅 주주에 즈그 가족들 다속해있으니 에스엘 라이팅만 신주권 주나보네

에스엘은 주주가 많다이건가 OOO들 합병반대다 쓰레기 ㅅㄲㄷㅇ\

이득되는것도 없는데 의결권을 왜줌 ㅆㄹ OOO ㄷ

이득이 되는게 잇어야지 찬성을 하든 반대를하지

국민연금 형님들 합병 반대 눌러주세요!!!

하여튼 충곤이 이 ㅅ ㄲㄴ 끝가지 ㅆㄹ ㄱ 짓만하네 ..

소액주주님들 반대권 행사하시죠! 의결권만 있을뿐

호재도 악재도 아닙니다

내일 주식사도 저희랑 별다를께 없습니다",[]
2018.12.18 21:08,422,yoon****,222.103.***.94,2,1,힘차게 갈려나,[]
2018.12.18 17:25,1101,msh1****,112.217.***.123,1,0,????,"['합병하는 회사가 알짜입니다. 걱정하지 마세요', 'ㅎㅎㅎ']"
2018.12.18 13:10,853,ui38****,210.123.***.240,1,1,오늘은 잠시 쉬고 갑니다,"['오늘 장외부터 간다!!', 'ㅋㅋㅋ 훅 올라 갑니데이', '상한가 가즈아!', '이것도 공매를 치네여\n헐', '매르치가 막고 있어 못가요', '그럼 언제가나요']"
2018.12.18 09:54,872,pooh****,117.111.***.12,0,0,ㅇ,['헐']
2018.12.12 15:11,1914,yoon****,106.102.***.98,0,0,상한처야 반응올걸요,[]
2018.12.12 10:45,1428,heoc****,210.0.***.203,0,3,"주가가 7%나 올라도 좋아라 하시는분이 안계시네요
고수님들 에스엘 앞으로의 전망을 좀 알려주십시요^","['에스엘은 6개월전 아반떼 리콜을 자발적으로 잘 처리하여 주가 조절됐고, 중국공장 매출 감소가 어려우나 최근 북미 시장에서 GM에 수주를 해서 최대수주를 했습니다. 샤시쪽은 이익은 램프 만큼 커지는 않지만 나름 꾸준한 매출을 올리고 있습니다. 현대 의존도는 지속적으로 낮아져서 안정성이 확대되고, 북미 시장의 도약이 기대됩니다. 현재로는 성장 가능성이 부족하나 포드 마켓이 증가할 것으로 예상됩니다.', '좋아여~~~~~~', '다 물렸는데 좋아할리가 ㅋㅋ']"
2018.12.12 12:47,865,mc41****,175.223.***.62,0,1,잘 될거에요,[]
2018.12.10 16:48,998,anyw****,220.126.***.179,0,1,오늘 공매도가 투입되었는데 결국 힘을 못쓰고 - 50원으로 장을 마감했다.,['이곳은 유일하게 매매일지를 블로그에 다 까는 곳 이에요.\n\n제가 뇌동매매만 하다가 이곳에 가서 깨닫고 수익 내는 중입니다.\n\n복사 붙여넣기 하시면 돼요. 꼭 이웃추가 하셨음 해요.\n과연 진짜인지 가짜인지 한번 지켜보세요.\nhttps://blogdaum.shortcm.li/MBoIGf']
2018.11.27 12:08,3104,dsle****,211.217.***.100,1,1,적당이좀 팔아라~ㅠㅠ,['공매가 붙은날은 어김없이 떨어집니다.']
2018.11.21 09:44,1753,anyw****,220.126.***.179,1,1,"어제 공매 금액 1억 2천이 들어왔다 이제 결정하자 공매도 떠면 죽일지 관망할지
아래 댓글자 공매도 하려고 의심도 되고 ..",[]
2018.11.20 13:50,1576,aure****,210.178.***.200,2,2,"현대차는 벌써 10만원 붕괴됨

부품주는 일단 매도하고 관망, 단기 반등 큰 종목일수록 급락도 크다.","['네 이틀 공매 들어왔어요 떨어져야 사니 이러는듯', '이분 공매인가?']"
2018.11.20 11:50,1296,aure****,210.178.***.168,1,2,일단은 자동차 부품주는 무조건 정리,[]
2018.11.18 09:27,2377,bott****,125.185.***.170,3,3,"한달 보름후에 2.5프로 정도면 괜찮음.
주가도 더 이상 떨어질 위험도 적고
이제 주가도 턴어라운드하고","['주가 13000원도 감지덕지인 종목..', '아니 그런 고급 정보를 흐리다니...']"
2018.11.17 07:29,1458,7446****,211.208.***.68,0,1,"조정후 상승

에매한 위치",[]
2018.11.16 22:34,822,bott****,125.185.***.170,1,0,"서서히 주가회복
1년뒤 큰 상승 폭 이루어질것.",['2만원대 물리셨군요~ ㅉㅉ.. 3년을 기다려보세요~ 그날이 오나~']
2018.11.16 09:42,984,anyw****,220.126.***.179,0,0,어제 이어 오늘도 양본 띄우면 올초 가격으로 돌아온다.,[]
2018.11.15 22:17,1644,yoon****,106.102.***.126,0,4,만원에샀는디 아직이모양이니 뭘더바랄깝쇼,['이분 뭐야 종목을 잘못보고들어 왔나']
2018.11.15 21:50,1153,bott****,125.185.***.170,2,1,"자동차 관련주들
저가 매수 유입
삼바사태 이후 투자처 발굴 중
그중 초저평가 자동차 관련주 매수유입
앞으로 연말까지 쭈욱 가보자
배당수익율도 좋네.",['고점에 물리신듯~..']
2018.11.15 16:58,1112,hwis****,223.62.***.23,5,2,"제곧내
BPS랑 리콜 반영된 실적발표 봤을때 2만원 넘게 찍을거같는데 어떻게 보시나요??","['조만간 계열사 합병소식 들려올겁니다~준비들 하세요~~', '3만원', '오버슈팅된 상태인듯..\n다시 15000원 이하갑니다..\n조심하세요~', '아 개미 많아지네', '본래이만원 왔다리갔다리 종목임', '2만원이상 감 자동차부품주중에\n독보적인 기술력 흑자기업', '4만원 3만원은 너무 높네요. 리콜은 아직 100% 반영이라고 볼수 는 없습니다. 그러나 sl의 장점은 생산성이 좋은 회사이니 램프의 강자는 틀림없습니다. 샤시는 생산성은 낮으나 자동화율에 따라 좋은 회사라 볼수 있습니다. 무엇보다 중국 미국 사업체에서 지속적으로 수익을 내고 있지요. 투자하는 곳곳에 3년내에 손일분기점을 내는 것이 장점인데 최근 중국 모공장이 불안하네요.', '사만원봅니다', '3만원 봅니다']"
2018.11.15 12:42,1334,jpt1****,221.156.***.26,1,3,ㅇㅇ,"['에스엘은 내부 매출이 3조 8천억이다. 샤시 미러 부품 업도하지. 서비스업에 빗대지말았으며 , 제조업을 서비스에 차라리 부동산을 하시지', '100만원에 3프로와 1조의 1프로가 갖냐?']"
2018.11.15 11:47,1152,anyw****,220.126.***.179,2,0,그 간 공매도 한사람들 돈 좀 벌었나 오늘은 씨를 말릴꺼다,[]
2018.11.15 10:32,1254,psj4****,39.7.***.250,5,0,"믿고 투자하셔도 될듯합니다
미래에 대한 대비도 잘 하고있습니다",[]
2018.11.15 09:55,861,anyw****,220.126.***.179,1,0,"리콜이 반영되었나보네. 중국공장 혁신만 잘되면 모든 악제 사라진다.
여전히 GM 북미는 잘나가고 현대차는 고만고만..
모비스가 램프에서 적자인데.","['제가 많은곳을 다녀봣지만 매매일지를 오픈하는 곳은 이곳밖에 본적이 없습니다.\n\n저는 뇌동매매 위주의 투자하다 크게 손해봤는데 이곳에서 깨닫고 지금 엄청난 이익을 봤습니다.\n\n복사하고 붙여 넣어서 가보세요. 이웃추가 하고 며칠동안 지켜보셔요.\n가짜와 진짜를 구분해보셨음 합니다.\nhttps://blogdaum.shortcm.li/AaDpxM', '여지것 양봉의 힘인데 이제 부터는 실적으로 올라가겠지']"
2018.11.14 16:21,1466,ryu6****,61.108.***.132,0,1,드가서 봐라.,['리콜과 중국공장 개판에 이정도 실적이면 선방이다.']
2018.11.14 10:54,1022,anyw****,220.126.***.179,1,0,공매도 친놈들 이번에 손실크겠네,['6만주 평단 14400원대?\n어떤 모지리가 이런데서 공매치는지 ㅋㅋ']
2018.11.12 18:15,925,tkae****,222.103.***.1,1,0,"왜 또샀냐

어이구 만삼천때 막던지더만

외인이 야금야금 사니까

오를까봐 걱정되나

제발 다팔고 내연금이나 돌려도..",[]
2018.11.12 16:49,1094,sabu****,110.70.***.60,0,0,사람마음이 다 비슷해....,[]
2018.11.12 13:39,1094,worl****,59.2.***.79,0,0,112,[]
2018.11.10 09:38,1598,lby6****,58.226.***.174,1,0,"기관 매도 전부가 연기금 쪽이냐?

녀석들~",[]
2018.11.09 19:16,871,tkae****,116.44.***.245,3,0,"연기금

자기돈 아니라고 생각없이 매도하는거 보소

충분히 더비산가격에 팔수 있는데

제발 국.연 으로 주식하지마라..

문제는 투자해서 손해보면

책임지는 놈이 없네...에~~이 ㄱㄴㄷ",[]
2018.11.09 11:03,854,gogo****,116.41.***.246,3,0,"연기금이 매일 팔아제끼는 종목....

2일동안 50만주 매도...

지분300만주중 이제 250만주 보유..

가치는 2만6천원인데....

연기금은 왜 팔아제끼나?",[]
2018.11.09 10:48,1026,baed****,42.82.***.190,0,0,또 시작? 이러시면 진짜 진짜 안되쥬 ㅠㅠㅠㅠ,[]
2018.11.13 13:02,637,supe****,198.208.***.253,0,0,전기차랑 에세엘이랑 무슨 상관이람?,[]
2018.11.09 02:00,580,choi****,175.124.***.56,0,1,"진짜만원가나? OOO

현대차비중63%

같이 죽나요


현대차 가 귀신이네요~~",[]
2018.11.08 22:31,613,ryu6****,117.111.***.91,3,0,"손실중이다만...

배당도 괜찮고 성장도 괘않고

그냥 함 모아가볼란다",['ㅋㅋ 골로 가시는 기차 타신거~']
2018.11.08 17:37,919,baed****,42.82.***.110,1,0,"요 며칠 약50만주 매도,총지분 약310만주,외인에게 계속 넘어감,엄청난 손실액은 누구의 돈인가? ㅠㅠㅠㅠ",['국민?...하나님?...']
2018.11.08 15:20,1012,po3u****,223.62.***.194,1,0,내 추종자들아,"['ㅍㅎㅎㅎ 둘 대화 넘웃겨.. 덤앤더머', '기다리라', '인바디 어쩔래 이 shake it 야']"
2018.11.08 12:15,944,gogo****,116.41.***.246,3,0,"주당순이익 2천원?....근데 주가가 13900원?

무슨 제약회사도 아니고...

두배 저펑가이긴하군

Led 헤드라이트 비싸서 안했드만.....

이젠 모든차에 기본장착해라

성능은 좋드만...뽀대나고 full Led헤드램프...

비싼옵션이지 최상위 트립에만 들가고",[]
2018.11.08 11:05,971,baed****,42.82.***.110,1,1,또 시작? 정신차리시유 ㅠㅠㅠㅠ,['씨 팍 고만 팔아라~!!\n1만까지 갈라카나~!!!']
2018.11.08 10:25,1014,elec****,222.235.***.36,0,2,단타충 10일선까지만 먹고 빠져요 성투하세여,[]
2018.11.08 10:23,601,aryo****,223.39.***.117,4,3,"14,000원 1300주 입성했습니다~들고있으면 이주식 18,000~20,000원 무난하게 갑니다. 걱정들하지마시고 복받으세요^^","['손실보고있네 ㅜ ㅜ 불쌍한놈', 'ㅋㅋㅋ 절', '절간같이 조용하더니 어찌되었던 시끌시끌하니 좋네 ㅋㅋ']"
2018.11.08 09:36,949,po3u****,223.39.***.86,0,2,ㅋㅋ,"['주식판에 확실한건 없다 수익은 실현했을때 수익이다 하수들아 인바디 오늘 음봉뜬다 드가라 이십에서 삼십퍼정도', '공포에 산 양반이 간이 콩알만하시구만!\n나는 낼까지만 좀 더 홀드', '인바디 삼십프로 드가라', '그럼 오늘은 공포에 뭘살까', '그라이 니가 돈못버는거야 얌마', '다들고가야지 임마 공포에샀으면']"
2018.11.08 09:16,550,po3u****,223.39.***.86,0,1,ㅋ,"['단타아니다 18000까지는본다', '그래봐야 단타칠거면서~ ㅋㅋㅋ']"
2018.11.08 02:32,1018,lby6****,58.226.***.174,0,1,"와~우~

장대 음봉!!!

회사는 괜챦는데~

수급이 꼬였나

내일 반등 못하면 문제인데~",[]
2018.11.08 01:02,398,po3u****,223.39.***.86,0,1,형은 13050에 샀다 내일 잘봐라,[]
2018.11.07 17:48,867,baed****,180.189.***.108,3,0,"이러시면 안되쥬 개미들 소박한 꿈을 산산조각네고 피눈물 흘리게만들고,공매도 작전세력에 몇푼에 놀아나고,연기금의 돈은 공적자금인데,철저히 책임져야할 무서운 돈입니다.두고봅시다 ㅠㅠㅠㅠ",[]
2018.11.07 17:18,1013,char****,117.111.***.216,1,1,ㅡㅡ,[]
2018.11.07 16:55,1296,kswl****,223.62.***.111,1,1,"으악 ㅡㅡㅡ
조심해야혀",['한번더밀면 몰빵이지']
2018.11.07 16:33,1201,po3u****,223.39.***.51,2,2,개미들아,"['샀다', '공포에 니나 사라!~']"
2018.11.07 15:54,448,ryu6****,117.111.***.38,1,0,"이유가 뭐냐....

담당자 삐졌냐..

이 놈만 후려 패네",[]
2018.11.07 15:23,1225,hosi****,61.80.***.135,1,1,된장국 끓일 차트네요,['품질 클레임만 수백억요']
2018.11.07 15:14,1371,ench****,119.195.***.217,1,1,"이정도 하락이면

부도나 화재로 공장전소인데",['ㅋㅋㅋ']
2018.11.07 15:00,1233,ghkd****,211.36.***.44,0,2,꼭 잡고 있어요 지하로 내려가면...,[]
2018.11.07 14:43,832,ench****,119.195.***.217,1,1,그럼 하따 매수세 들어 온다,[]
2018.11.07 14:30,795,po3u****,223.39.***.121,1,1,냉무,['혼자사 ㅋ']
2018.11.07 14:27,488,ryu6****,117.111.***.38,1,1,오늘은 겁나서 못드가겠다,['오늘드가라 바보야']
2018.11.07 14:15,954,sung****,117.111.***.55,1,1,미끄러진다,[]
2018.11.07 14:09,664,ever****,165.132.***.92,2,1,"13900원 544주 입성 신고

들어오자마자 마이너스중임 ㅜㅠ

성투~~~~~",[]
2018.11.07 13:49,403,tkae****,222.103.***.1,1,0,"카~~~퉤
멍청한 대주주 튱곤",[]
2018.11.07 13:45,951,po3u****,223.39.***.121,2,1,13700원 적정매수가다,['예']
2018.11.07 12:18,1073,ghkd****,211.36.***.44,1,0,내일이..,[]
2018.11.06 16:53,539,baed****,180.189.***.135,1,2,이러시면 안되쥬 ㅠㅠㅠㅠ,[]
2018.11.06 16:34,971,bjh6****,203.226.***.94,0,2,"에스엘 방 있다고 하던데요
저도 좀 들어갈 수 있나요? ..",[]
2018.11.06 13:46,209,ghkd****,211.36.***.139,1,0,아직 올라 타지도 않았는데 벌써 싸버렸다....,[]
2018.11.06 04:33,625,mous****,210.204.***.11,0,1,"반도체?
나는 지금의 pc를 15년째 쓰고 있지만
차는 5년마다 바꾸고 있다.",[]
2018.11.05 23:50,642,pufs****,121.165.***.29,0,3,"※주식담보대출 年 ４% 중반 수준으로 제공 가능합니다.

※대출만기 연장으로 인한 추가 금리인상 없이, 고정금리입니다

※연락 주시면 자세히 안내 드리겠습니다.

직통) ０２-４１３-１１５７
HP) ０１０-３７８６-８８６８",[]
2018.11.05 18:27,921,jelk****,124.59.***.9,2,1,"기술력이 없고

자동차가 안팔리고

그 기술력 안좋은거는 자체생산하려고 가져가고 있고

에스엘은 그냥... 껍데기여","['급락 이유는 현대, 기아차 중국 미국 매출 급감에대 대규모 리콜 시ㅣ태 때문이요']"
2018.11.05 15:57,358,k002****,223.39.***.149,1,1,"여기는 기관이 매수하는 날 같이 매수하면 됨
호재가 없어 계속 흘러 내릴 듯..
어디까지 추락할지는 아무도 모르나
10000원은 깨질 듯...",['전에 1900원도 갔음.']
2018.11.05 15:15,311,cent****,223.33.***.61,0,1,ㅋㅋㅋ너의 아래로 갈려는 뚝심 최고,[]
2018.11.05 15:04,283,choi****,223.62.***.64,0,1,"반등도없나

진짜 만원가나 ㅆ",[]
2018.11.05 12:07,614,msj2****,117.111.***.44,2,3,"ㅋㅋ 세일한다해도 아무도거들떠도안보네
앞에삼자나왔다 끝이네","['9000원도 지키기 힘들듯\n절벽이 기다리고 있으니...', '좀 있음 9000원 갈거임']"
2018.11.01 20:49,451,tkae****,223.39.***.136,1,3,"총 주식수 3380여만주
오너 및 기타주주 2640 여만주
외인 690여만주
개미 50 여만주?
개미 1.8% ?
참 어이 없습니다..
앞으로 이런주식은 절대 손대지 마시길...
?곤이 모르쇠~~하면 절대 안오름
참고하시고 성투하세요",[]
2018.11.01 20:35,344,tkae****,223.39.***.136,0,2,"경영자는 봐라
Eps &bps 둘중 하나는 맞춰야겠지
그람 뭐다
지금이 무상증자할때 아닌감
아님 자사주 매입 좀하던지
주주 죽일려고 작정했네 튱곤씨?",[]
2018.11.01 19:46,330,aure****,211.36.***.154,1,2,설마,[]
2018.11.01 18:52,294,baed****,180.189.***.63,0,2,이러시면 안되쥬 ㅠㅠㅠㅠ,[]
2018.11.01 12:35,525,peng****,110.70.***.210,0,5,"현기차 영업이익 급락 보셨죠?
에스엘도 현기차 비중 높아서 실적이 안 좋아요
그것 보다도
최근에 아반테 품질불량 클레임 수백억대 맞았다고 하네요
이 금액 3분기 반영되면 주가 급락 합니다",[]
2018.11.01 12:24,377,kin7****,223.38.***.205,0,2,2만원대 살까말까하다 안삿눈데..,[]
2018.11.01 12:24,368,haou****,118.176.***.251,0,2,"이걸 버려야하는건지,..
계속 둬야되는건지 모르겠어요 정말 너무 힘든거 같아요ㅠ

사실은 주식한지 얼마 되지도 않기도 했을 뿐더러
너무 오래 오래 거리는거 같아요ㅠ

답을 좀 알려주세요!!!","['2020년까지는기다려보심이 내년까지 현대차 신차줄줄이나와요예상도보면잘팔릴듯하고요~에스엘은LED램프확대,내년말인도,중국,맥시코공장돌아가고,자율주행차수혜주이기도하고요']"
2018.10.31 13:52,525,suns****,118.45.***.93,0,1,항상 반대로가네 ㅠㅠ,[]
2018.10.30 13:25,588,kim9****,122.44.***.17,0,1,고수님 알려주세요,[]
2018.10.27 23:51,760,choi****,223.39.***.118,0,0,가나요~,[]
2018.10.25 16:16,842,yonu****,58.140.***.208,2,0,"현다이 뿐 아니라 전체 자동차 기업들이

수익성 하락",[]
2018.10.25 14:42,770,jelk****,117.111.***.154,2,0,아직아냐,"['적정가는 모르겠고 일지는1천원가야지 중국망햇는디', '일지3000\n에스엘 9000적정가.\n화신2900']"
2018.10.24 22:47,498,see0****,114.203.***.185,0,1,"안녕 하십니까!!
반갑습니다~
아래 글을 끝까지 읽어 주시기바랍니다

청원명:국민연금의 주식대차를 폐지하라

청원마감일:10월 31일까지

우리의 부모님 형제 자매들이 피땀흘려 내는 국민연금이 줄줄 새고있습니다.

현재 국민연금
조성기금 670조를 투자 운영하고 있는 자산운영본부(국민연금운영위)
에서 1년에 10조의 손실을 내고있다는 사실을 알고계십니까?

국민연금이
공매도 세력(외국인.기관)들에게 주식을 대차해 줌으로서 생겨난 손실이며 그것은 국민연금이 재정고갈로 이어지는 결과를 초래해 왔던것입니다
그리고
국부유출로 이어지고 있습니다.

국민연금을 내시는 분이시라면 ''국민연금 주식대차 금지
청원개요,,를 꼭 읽어 보시기 바랍니다.

아울러
SNS 정보망을 통해 20만명이 동참 할때까지 가족.친구.
선 후배. 주변의 모든 지인들께
동참을 독려 해주시기 바랍니다.

※ 참여 방법은 참 쉽습니다..^^
아래 링크로 들어가신 후 '동의'를 클릭하시면 됩니다.
(네이버/페이스북/트위터로 3번 동의 가능)

https://www1.president.go.kr/petitions/394401

♥또 한번 제대로 찍어봅시다♥",[]
2018.10.23 11:02,1206,scva****,210.108.***.27,4,4,"투자라는 것은 자기 자신이 하기로 결정했기때문에 자기 자신에게 먼저 책임이 있습니다

예전 지인에게 이런말을 들은적이 있습니다 다른건 모르겠지만 주식만큼은 건드리지마라 아무튼

중요한 내용이니 처음부터 끝까지 보시고 행복한 삶을 되찾으시길 바랍니다


좋은 주식이 하나 있다고 생각해보세요．1차로 내부자와 관련자가 들어가고,2차로 외국인과 기관투자가,3차로 고급정보를 얻을 수 있는 개인들이 들어간 뒤에 마지막으로 일반인들이 투자합니다．냉정하게 말하면 일반인들은 1,2차 투자가들의 이익을 실현시켜주기 위한 봉에 불과합니다”．

간혹 예외적인 경우가 있어 ‘대박’을 터트리는 일반인도 있습니다．그러나 가뭄에 콩나듯하는데다,계속 하다보면 그마저 날릴 가능성이 매우 큽니다

-본론-

여러분 깨어나셔서 꼭 보셔야됩니다

일확천금의 꿈에 부풀어 객장으로 향하고 있는 많은 사람들!!!

.""주식투자는 파산이나 죽음이 아니면 빠져나올 수 없는 파멸의 구렁텅이니 절대로 가까이 가지 말라.""

삼가 주주분들 고인의 명복을 빌며
앞으로 다시는 주식같은거 하지마시고

열심히 땀 흘려 일하시거나 기술배워 돈 버세요
괜히 고집부리다가 나중에 한강가서 인생 마감하지마시고

제 말 들으세요 나이먹고나서 후회하지마시고

마지막으로 주식으로 돈 벌겠다는 것은

노래 못하는 음치인데 TV에 나오는 댄스 가수 되겠다고 고집부리며

설치고 다니는거랑 똑같습니다

정신바짝 차리세요

나중에 나이 먹으면 답 없습니다

돈 다 잃으면서 인생 시간 허비하지마시고

헛된 꿈 버리시고
되도않는 쓸데없는생각하지마시고

그냥 맘 편하게 일해서 땀 흘려서 저축하세요

운좋게 주식으로 벌으셨다고 하신분들? 주식 계속하시다보면 몇달뒤면

원금까지

다 없어질것입니다

앞으로는

주식공부하겠다고 쓸데없이 시간낭비하지마시고

그 시간에 나가서 기술이나 배우세요

기술배우는게 백배 천배는 낫습니다

나이들면 누가 써주기나합니까?

평생 죽어라 알바만 할겁니까?

이대로 가면 가족들한테 경제적으로나 정신적으로 피해만 끼칩니다

제발 정신차리시고 일하시거나 기술배우세요

주식시장에 대한민국 너나 할것없이 여러분들보다 더 똑똑한 개미들이 얼마나 많이 공부를 하고 준비를 했겠습니까?

세상에 잘났다고 하는 서울대졸업반, 판사, 변호사 머리좋다고하는 사람들 주식하다 골로 갔습니다

근데 당신들은

책? 인터넷? 강의? 이것도 안되니 특별한 기법들을 찾으려고

눈을 불을 키고 찾고들 있겠죠

여러분들 잘 되었습니까?

현실적으로 대한민국 개미실력은 형편없습니다 객박살 나기싫죠?

앞으로

제가 지금 하는말이

앞으로 돈 없는 찌질한인생 버리고 인간답게 살수있는

마지막 기회일것입니다

골로 가고싶은면 계속하세요

반드시 후회할날이 올것입니다

힘드시게 번돈 아깝게 다 날리지마시고 열심히 일해서 저축하세요

-결론-

천재뉴턴도 주식 실패

만유인력의 법칙으로 잘 알려진
위대한 천재 과학자 뉴턴은 이런 말을 했습니다.

""천체의 움직임은 계산할 수 있지만
사람들의 광기는 계산할 수 없다.""

""외국인 및 기관투자가와 일반투자가가 경쟁하면 세계랭킹의 복서와 아마추어 복서가 링에서 만난 것처럼 결과는 일반투자가들의 KO패로, 유혈이 낭자하고 심지어 링에서 목숨을 잃는 지경에 이른다. 아무리 주먹을 날려 점수를 따면 뭘 하는가. 결국은 링 위에 드러눕는 자신을 보게 될 텐데.""

""주식투자는 마라톤경기와 같다. 1등 2등 3등 외엔 나머지 수천명은 엑스트라에 불과하다

TV에 나오는 청담동 사기꾼처럼 외면적으로는 누가 주식으로 큰 돈을 벌었다고 속이는 삶을 보여주는 반면에

실제 주식의 내면의 세계를 들여다보게되면 많은 사람들의 인생을 망치면서 고독과 허망함 깊은한숨 절망같은 하루를 이어가는 사람들이 수없이 많다

내가 조언해주고 싶은것은 지금 당신들의 삶은 다시 돌아올수없는 강을 건너고 있다는것이다 지금부터라도 다시 삶을 제 정비해서

정상적으로 일하거나 기술을 배우라는 것이다
깊은 한숨과 분노속에서 컴퓨터에 얽매여있지만 말고

당신들이 하고싶은것을 하면서 행복한 삶을 되찾으라는 것이다 돈에만 집착하여 주식한다고 고집부리면서 계속 같은방식으로 가다간 절망과 고통속에서 당신의 건강과 가족의 행복 나이만 잃어갈뿐이다

지푸라기 잡는 심정으로 원금회복?? 꿈도 꾸지마라 결국에는 사기당할 뿐이다

이 주식시장은 무서운 세계이며 냉정한 세계다 패배자가 되기싫다면 빠져나오라

""아무개가 큰 돈을 벌었다는 말에 솔깃하여 무작정 증권사에 계좌 개설을 하는 것은, 아무것도 모르는 청년이 총한 자루 달랑 들고 전투에 나가는 것과 다름없다. 처음 몇 번은 용케 적탄이 피해갈지 모르지만, 순식간에 적의 포탄 세례에 피범벅이 되어 처철하게 몸부림치다 죽어가는 것이다.""

""전쟁터에서 한 사람의 영웅이 탄생하기까지는 수많은 이름없는 병사들의 장렬한 전사가 있었다는 것을 기억해야 한다. 주식투자도 마찬가지다. 수없이 많은 일반투자자의 생명과 재산의 손실을 밑거름으로 하여 몇몇 투자자들이 수억원의 고수익을 올리는 것이다.""

""전문가들도 수익을 올리지 못하는 증시에서, 모든 면에서 열세인 일반투자자가 어떻게 돈을 번단 말인가. 골프의 박세리나 야구의 이승엽 또는 마라톤의 황영조나 이봉주처럼, 주식에는 극소수의 선택받은 사람들이 있을 뿐이다. 아무나 욕심을 부린다고 해서 엄청난 수익을 거둘 수는 없는 것이다.""

""주위에서 주식거래로 몇억원을 벌었다는 이야기를 들었다고 해서 그사람을 크게 부러워할 필요는 없다. 그 사람이 주식거래를 계속하기로 결정했다면, 어느 정도의 시일이 지나면 그 많은 수익을 다시 잃게 될 것이고, 심지어는 투자원금까지 날릴 것이기 때문에 오히려 걱정을 해주어야 한다.""

""주식은 노름과 마찬가지로 손털고 일어설 때의 결과가 중요하다. 중간에 아무리 많은 수익을 얻었다 할지라도 그 돈이 자기 돈이라는 보장은 없다.""

""더이상 주식으로 인해 담배연기와 한숨 속에서 인생을 낭비하지 말고, 넓은 세상을 돌아다니며 많은 것을 배우고 맛있는 음식도 먹으며 멋진 인생 계획을 세우는 인생의 승리자가 되라.""","['너나잘해\n너나 그렇게 살라고\n왜강요를하냐', '주식을 했거나 하고 있을 듯.\n지금이 가장 적게 잃은 상태.']"
2018.10.22 14:23,572,ccii****,223.33.***.26,0,0,"●청원●
국민연금의 주식대차를 폐지하라
https://www1.president.go.kr/petitions/394401

다시 시작하는 청원입니다.
이전에 비슷한 청원에 동의하셨더라도 다시 한번 더 이 청원에 동의 부탁드립니다.

• [기자수첩]공매도 권유하는 '정부'…분통터지는 '개미'
https://m.news.naver.com/read.nhn?mode=LSD&mid=sec&sid1=110&oid=018&aid=0004225969

• [단독] 공매도 신음株, 절반은 국민연금이 대여
https://news.v.daum.net/v/20181016095007871

• 국민연금공단, 해외운용사서 돈받아 직원들 해외연수 논란
http://www.businesskorea.co.kr/news/articleView.html?idxno=25479

• '주식 대여 장사' 논란 휩싸인 국민연금
https://m.news.naver.com/read.nhn?mode=LSD&mid=sec&sid1=101&oid=011&aid=0003410343

• 국민연금 주식대여액 1천조원 육박..""공매도 종잣돈 창구""
https://news.v.daum.net/v/20180907070022685?f=m

• 거래량도 대금도... 공매도 시장 휘젓는 외국계 증권사들
https://news.v.daum.net/v/20181009044529592?rcmd=rn&f=m

• 국민연금, 올해 7월 말까지 국내주식투자로 10조원 손실
https://news.v.daum.net/v/20181006090008650?f=m#none

국민연금이 공매도세력들에게 주식을 대여해주며 연금을 운용하여 우리들의 국민연금과 주식이 막대한 손실을 입고 있습니다. 

국민연금의 주식대차를 없애야지만 우리들의 국민연금과
주식을 지킬 수 있습니다.

우리들의 재산을 지킵시다.

청원에 힘을 보태어 주십시요.

여러분들의 힘이 절실히 필요합니다. ",[]
2018.10.19 16:10,864,phar****,211.251.***.161,1,4,반등시작 20000 고고씽!!,"['2만? 3만~ㄱㄱ', '2만? 노노 6만~!']"
2018.10.18 17:30,1372,coli****,27.175.***.149,0,2,"없다...


있냐?","['1자동차업황부진\n2투입인원이 많음 최저임금 직격탄 맞음', '있다 경영진이 돌아이들이니깐']"
2018.10.18 11:09,218,habi****,14.42.***.35,1,1,"♥ 내 소중한 국민연금을 보호하고, 공매도 주식대차를 막기위해,
'국민연금 주식대여 금지' 청원에 동참해주세요! ♥

10월 9일 현재 청원 9일만에 '동의' 5만을 넘었습니다.
현재 청와대 국민청원 첫페이지에 올라 있고, 경제민주화 부문 1위입니다.

아직 여러분들의 참여가 어느때보다 절실합니다.
10월 말일까지 20만 동의를 넘겨서 반드시 국민연금의 공매도 주식대여금지를 실현합시다.

국회에 계류중인 ""국민연금공단 주식대여금지 법안""이 올해 통과될 수 있도록 청와대 청원에 힘을 보태 주세요.


※ 참여 방법은 매우 쉽습니다!

아래 청와대 국민청원 링크로 들어가신 후 '동의'를 클릭하시면 됩니다.
(네이버/페이스북/트위터로 3번 동의 가능합니다 , 한가지 계정 동의 후 청원 인터넷 창 닫으시고 10여분 후에 다른 계정으로)

https://www1.president.go.kr/petitions/394401


모두 청원 참여 부탁드립니다!
우리의 부모님, 형제, 자매들이 피땀 흘려 내는 국민연금이 어처구니 없는 투자방식으로 손실을 입고 있습니다.

대한민국 핫 이슈인 국민연금 재정고갈 문제이자,
국민연금을 내시는 분이시라면 꼭 관심을 갖고 참여하셔야 할 청원입니다.


연간 국내주식 투자금액 120조원의 0.0014%의 수익을 올리기 위해 국민연금이
4년6개월간 1천조원에 달하는 주식을 공매도세력(주가를 하락시켜야 이익을 보는 세력)에게 대여해 줌으로써,

1)국내 주식시장을 교란하고,
2)공매도를 사용할 수 없는 개인투자자들을 주식시장의 패배자로 내몰고,
3)해외헷지 세력들의 주머니를 채워 연간 수천억원의 국부를 유출하고,
4)국민연금 스스로 투자한 종목의 주가상승을 막고, 로스컷(손절매) 발생시 막대한 국민연금의 손실을 초래하는


이 바보같은 일에 국민연금이 앞장서고 있다는 사실을 고발하고 바로 잡고자 합니다.



※ 이 청원은 '경실련'(경제정의실천시민연합), '공매도제도개선 주주연대', '희망나눔 주주연대'가 함께 합니다.

국민이 주인입니다!
국민이 원하지 않는 일, 국민의 돈으로 국민에 피해를 주는 일은 법으로 중단시켜야 합니다.",[]
2018.10.12 16:51,770,taig****,223.62.***.21,0,0,월요일 오후 3시 이후 매수,[]
2018.10.11 19:22,215,min1****,39.7.***.103,1,0,"♥ 내 소중한 국민연금을 보호하고, 공매도 주식대차를 막기위해,
'국민연금 주식대여 금지' 청원에 동참해주세요! ♥

10월 11일 기준 청원 11일만에 '동의' 6만명을 넘어, 지금도 계속 빠르게 증가하고 있습니다.
현재 청와대 국민청원 첫페이지에 올라 있고, 경제민주화 부문 1위입니다.

아직 여러분들의 참여가 어느때보다 절실합니다.
10월 말일까지 20만 동의를 넘겨서 반드시 국민연금의 공매도 주식대여금지를 실현합시다.

국회에 계류중인 ""국민연금공단 주식대여금지 법안""이 올해 통과될 수 있도록 청와대 청원에 힘을 보태 주세요.


※ 참여 방법은 매우 쉽습니다!

아래 청와대 국민청원 링크로 들어가신 후 '동의'를 클릭하시면 됩니다.
(네이버/페이스북/트위터로 3번 동의 가능합니다 , 한가지 계정 동의 후 청원 인터넷 창 닫으시고 10여분 후에 다른 계정으로)

https://www1.president.go.kr/petitions/394401


모두 청원 참여 부탁드립니다!
우리의 부모님, 형제, 자매들이 피땀 흘려 내는 국민연금이 어처구니 없는 투자방식으로 손실을 입고 있습니다.

대한민국 핫 이슈인 국민연금 재정고갈 문제이자,
국민연금을 내시는 분이시라면 꼭 관심을 갖고 참여하셔야 할 청원입니다.


연간 국내주식 투자금액 120조원의 0.0014%의 수익을 올리기 위해 국민연금이
4년6개월간 1천조원에 달하는 주식을 공매도세력(주가를 하락시켜야 이익을 보는 세력)에게 대여해 줌으로써,

1)국내 주식시장을 교란하고,
2)공매도를 사용할 수 없는 개인투자자들을 주식시장의 패배자로 내몰고,
3)해외헷지 세력들의 주머니를 채워 연간 수천억원의 국부를 유출하고,
4)국민연금 스스로 투자한 종목의 주가상승을 막고, 로스컷(손절매) 발생시 막대한 국민연금의 손실을 초래하는


이 바보같은 일에 국민연금이 앞장서고 있다는 사실을 고발하고 바로 잡고자 합니다.



※ 이 청원은 '경실련'(경제정의실천시민연합), '공매도제도개선 주주연대', '희망나눔 주주연대'가 함께 합니다.

국민이 주인입니다!
국민이 원하지 않는 일, 국민의 돈으로 국민에 피해를 주는 일은 법으로 중단시켜야 합니다.",[]
2018.10.11 15:05,453,ccii****,121.144.***.123,1,0,"• 국민연금 주식대여액 1천조원 육박..""공매도 종잣돈 창구""
https://news.v.daum.net/v/20180907070022685?f=m

• 국민연금, 올해 7월 말까지 국내주식투자로 10조원 손실
https://news.v.daum.net/v/20181006090008650?f=m#none

• 국민연금공단, 해외운용사서 돈받아 직원들 해외연수 논란
http://www.businesskorea.co.kr/news/articleView.html?idxno=25479

• '주식 대여 장사' 논란 휩싸인 국민연금
https://m.news.naver.com/read.nhn?mode=LSD&mid=sec&sid1=101&oid=011&aid=0003410343

• 거래량도 대금도... 공매도 시장 휘젓는 외국계 증권사들
https://news.v.daum.net/v/20181009044529592?rcmd=rn&f=m

국민연금이 공매도세력들에게 주식을 대여해주며 연금을 운용하여 우리들의 국민연금과 주식이 막대한 손실을 입고 있습니다. 
국민연금의 주식대차를 없애야지만 우리들의 국민연금과
주식을 지킬 수 있습니다.
우리들의 재산을 지킵시다.
청원에 힘을 보태어 주십시요.
여러분들의 힘이 절실히 필요합니다. 

●청원●
국민연금의 주식대차를 폐지하라
https://www1.president.go.kr/petitions/394401

다시 시작하는 청원입니다.
이전에 비슷한 청원에 동의하셨더라도 다시 한번 더 이 청원에 동의 부탁드립니다.",[]
2018.10.05 12:01,799,scva****,112.170.***.124,3,4,"투자라는 것은 자기 자신이 하기로 결정했기때문에 자기 자신에게 먼저 책임이 있습니다

예전 지인에게 이런말을 들은적이 있습니다 다른건 모르겠지만 주식만큼은 건드리지마라 아무튼

중요한 내용이니 처음부터 끝까지 보시고 행복한 삶을 되찾으시길 바랍니다


좋은 주식이 하나 있다고 생각해보세요．1차로 내부자와 관련자가 들어가고,2차로 외국인과 기관투자가,3차로 고급정보를 얻을 수 있는 개인들이 들어간 뒤에 마지막으로 일반인들이 투자합니다．냉정하게 말하면 일반인들은 1,2차 투자가들의 이익을 실현시켜주기 위한 봉에 불과합니다”．

간혹 예외적인 경우가 있어 ‘대박’을 터트리는 일반인도 있습니다．그러나 가뭄에 콩나듯하는데다,계속 하다보면 그마저 날릴 가능성이 매우 큽니다

-본론-

여러분 깨어나셔서 꼭 보셔야됩니다

일확천금의 꿈에 부풀어 객장으로 향하고 있는 많은 사람들!!!

.""주식투자는 파산이나 죽음이 아니면 빠져나올 수 없는 파멸의 구렁텅이니 절대로 가까이 가지 말라.""

삼가 주주분들 고인의 명복을 빌며
앞으로 다시는 주식같은거 하지마시고

열심히 땀 흘려 일하시거나 기술배워 돈 버세요
괜히 고집부리다가 나중에 한강가서 인생 마감하지마시고

제 말 들으세요 나이먹고나서 후회하지마시고

마지막으로 주식으로 돈 벌겠다는 것은

노래 못하는 음치인데 TV에 나오는 댄스 가수 되겠다고 고집부리며

설치고 다니는거랑 똑같습니다

정신바짝 차리세요

나중에 나이 먹으면 답 없습니다

돈 다 잃으면서 인생 시간 허비하지마시고

헛된 꿈 버리시고
되도않는 쓸데없는생각하지마시고

그냥 맘 편하게 일해서 땀 흘려서 저축하세요

운좋게 주식으로 벌으셨다고 하신분들? 주식 계속하시다보면 몇달뒤면

원금까지

다 없어질것입니다

앞으로는

주식공부하겠다고 쓸데없이 시간낭비하지마시고

그 시간에 나가서 기술이나 배우세요

기술배우는게 백배 천배는 낫습니다

나이들면 누가 써주기나합니까?

평생 죽어라 알바만 할겁니까?

이대로 가면 가족들한테 경제적으로나 정신적으로 피해만 끼칩니다

제발 정신차리시고 일하시거나 기술배우세요

주식시장에 대한민국 너나 할것없이 여러분들보다 더 똑똑한 개미들이 얼마나 많이 공부를 하고 준비를 했겠습니까?

세상에 잘났다고 하는 서울대졸업반, 판사, 변호사 머리좋다고하는 사람들 주식하다 골로 갔습니다

근데 당신들은

책? 인터넷? 강의? 이것도 안되니 특별한 기법들을 찾으려고

눈을 불을 키고 찾고들 있겠죠

여러분들 잘 되었습니까?

현실적으로 대한민국 개미실력은 형편없습니다 객박살 나기싫죠?

앞으로

제가 지금 하는말이

앞으로 돈 없는 찌질한인생 버리고 인간답게 살수있는

마지막 기회일것입니다

골로 가고싶은면 계속하세요

반드시 후회할날이 올것입니다

힘드시게 번돈 아깝게 다 날리지마시고 열심히 일해서 저축하세요

-결론-

천재뉴턴도 주식 실패

만유인력의 법칙으로 잘 알려진
위대한 천재 과학자 뉴턴은 이런 말을 했습니다.

""천체의 움직임은 계산할 수 있지만
사람들의 광기는 계산할 수 없다.""

""외국인 및 기관투자가와 일반투자가가 경쟁하면 세계랭킹의 복서와 아마추어 복서가 링에서 만난 것처럼 결과는 일반투자가들의 KO패로, 유혈이 낭자하고 심지어 링에서 목숨을 잃는 지경에 이른다. 아무리 주먹을 날려 점수를 따면 뭘 하는가. 결국은 링 위에 드러눕는 자신을 보게 될 텐데.""

""주식투자는 마라톤경기와 같다. 1등 2등 3등 외엔 나머지 수천명은 엑스트라에 불과하다

TV에 나오는 청담동 사기꾼처럼 외면적으로는 누가 주식으로 큰 돈을 벌었다고 속이는 삶을 보여주는 반면에

실제 주식의 내면의 세계를 들여다보게되면 많은 사람들의 인생을 망치면서 고독과 허망함 깊은한숨 절망같은 하루를 이어가는 사람들이 수없이 많다

내가 조언해주고 싶은것은 지금 당신들의 삶은 다시 돌아올수없는 강을 건너고 있다는것이다 지금부터라도 다시 삶을 제 정비해서

정상적으로 일하거나 기술을 배우라는 것이다
깊은 한숨과 분노속에서 컴퓨터에 얽매여있지만 말고

당신들이 하고싶은것을 하면서 행복한 삶을 되찾으라는 것이다 돈에만 집착하여 주식한다고 고집부리면서 계속 같은방식으로 가다간 절망과 고통속에서 당신의 건강과 가족의 행복 나이만 잃어갈뿐이다

지푸라기 잡는 심정으로 원금회복?? 꿈도 꾸지마라 결국에는 사기당할 뿐이다

이 주식시장은 무서운 세계이며 냉정한 세계다 패배자가 되기싫다면 빠져나오라

""아무개가 큰 돈을 벌었다는 말에 솔깃하여 무작정 증권사에 계좌 개설을 하는 것은, 아무것도 모르는 청년이 총한 자루 달랑 들고 전투에 나가는 것과 다름없다. 처음 몇 번은 용케 적탄이 피해갈지 모르지만, 순식간에 적의 포탄 세례에 피범벅이 되어 처철하게 몸부림치다 죽어가는 것이다.""

""전쟁터에서 한 사람의 영웅이 탄생하기까지는 수많은 이름없는 병사들의 장렬한 전사가 있었다는 것을 기억해야 한다. 주식투자도 마찬가지다. 수없이 많은 일반투자자의 생명과 재산의 손실을 밑거름으로 하여 몇몇 투자자들이 수억원의 고수익을 올리는 것이다.""

""전문가들도 수익을 올리지 못하는 증시에서, 모든 면에서 열세인 일반투자자가 어떻게 돈을 번단 말인가. 골프의 박세리나 야구의 이승엽 또는 마라톤의 황영조나 이봉주처럼, 주식에는 극소수의 선택받은 사람들이 있을 뿐이다. 아무나 욕심을 부린다고 해서 엄청난 수익을 거둘 수는 없는 것이다.""

""주위에서 주식거래로 몇억원을 벌었다는 이야기를 들었다고 해서 그사람을 크게 부러워할 필요는 없다. 그 사람이 주식거래를 계속하기로 결정했다면, 어느 정도의 시일이 지나면 그 많은 수익을 다시 잃게 될 것이고, 심지어는 투자원금까지 날릴 것이기 때문에 오히려 걱정을 해주어야 한다.""

""주식은 노름과 마찬가지로 손털고 일어설 때의 결과가 중요하다. 중간에 아무리 많은 수익을 얻었다 할지라도 그 돈이 자기 돈이라는 보장은 없다.""

""더이상 주식으로 인해 담배연기와 한숨 속에서 인생을 낭비하지 말고, 넓은 세상을 돌아다니며 많은 것을 배우고 맛있는 음식도 먹으며 멋진 인생 계획을 세우는 인생의 승리자가 되라.""",['초딩 쌤 수준']
2018.10.05 11:55,156,seo9****,58.143.***.163,0,0,"https://www1.president.go.kr/petitions/394401
국민연금 공매도금지 청원 한표씩 찍어주세요
주가 올랐을때 정말 조심해야 합니다
공매도 준비하는넘들이 하도많아서요
그래서라도 한표 찍어주어야 할것같네요
공매 타진 하는 방법은 이방법밖에 없다고 생각합니다
동참해주세요
저도 한표 행사하고왔습니다
공매도의 테러의 몸살을 앓고있습니다.

네이트 페이스북 트이터 3번동의 가능합니다.",[]
2018.10.05 05:13,843,song****,121.127.***.251,6,3,인건비 아낄려고 정규직 안뽑고 계약직으로 뽑아서 2년되기전에 다 짜르고 다시 계약직 뽑죠 그러면서 정규직전환가능이라고 올려놈 제 친척동생이 당함 이런 회장 마인드 보면 다 답이나와있음.. 어느시대인데 아직도 공장에 2조2교대 근무한다네요 겉으론 착한척 속으론 가족들이랑 다해먹고있음,"['틀린부분 정정해드립니다. 주간야간있구요. 주52시간 시행중입니다. 토요일 일요일 쉽니다. 정직원 됩니다. 안되는거 아닙니다. 일은 힘들지만 급여나 상여.성과금 휴가비\n등등 각종 수당 적용받습니다. 자녀학자금 지원됩니다.인정머리 없는 나쁜회사로 볼수도 있지만 꼭 그렇지도 않습니다. 가족경영 나쁘게 보일수있습니다만 득일수도 있습니다ㅡ 그리고 생산직 2조2교대 뿐만아니라 라인특성상 주간만 하는조도있습니다. 단편적인것만 보고ㅜ판단 하지말아주세요.', '생산직이 뭐 다그렇지. LG , 삼성 생산직도 오래 일못하고. 나가야한다.', '바보아니냐? 자동차부품 제조업 생산직은 보통 2교대돌거나 3교대야.. 현실을 쫌 알고 얘기해라', '공부 안하고 놀다가 할일 없어서 취직하는 마당에 정규직 안되어서 회사불만?? 첨부터 공부해서 정규직으로 들어오던가, 그게 아니면 아닥하고 다니던가...', '나쁜회사아닙니다', '맞음 주식수량 보면 즈그가족들 다해쳐먹고있음 존나 쓰레기회사임', '그런면에선 역사가 깊은거 같네요 ㅎ']"
2018.09.17 12:34,179,cion****,59.20.***.181,0,0,"여러분들의 국민연금이 새고 있습니다.
아래 청원에 힘을 보태주세요.^^

1. 국민연금 주식대여 금지 청원
https://www1.president.go.kr/petitions/353707

2. 삼성, 엘리엇 소송 관련 청원
https://www1.president.go.kr/petitions/350397

3. 정부는 매국연금을 국민연금으로 되돌려라!
https://www1.president.go.kr/petitions/370356

※ 참조기사
국민연금 주식대여액 1천조원 육박..""공매도 종잣돈 창구""
https://news.v.daum.net/v/20180907070022685?f=m

여러분들께서 자주 이용하시는 커뮤니티나 포털사이트 증권 토론방 게시글에 위 글을 복사해서 댓글로 달아주시면 큰 도움이 됩니다.
여러분들의 힘이 필요합니다.^^",[]
2018.09.13 23:28,484,hsul****,223.33.***.104,0,1,"어떻게 손만대면 내려가는건지 ㅠㅠ
너무답답하네요
톡방있음 초대좀 주세요",['얼마전에 하루에 8% 오른적도 있었어요.\n좀 기다려보시면 그 날이 다시 올거에요']
2018.09.11 22:45,555,jpt1****,221.156.***.26,0,0,미중 관세모멘텀이 여긴 읍네요,[]
2018.09.10 13:44,435,jpt1****,221.156.***.26,1,1,"노면의 빛반사도 날씨 조도 강수여부 시간 마주오는차 뒷차여부 등등

이제 귀찮게 사람이 비상등 키고 뭐키고 할필요가없어진다

머신러닝으로 지가 알아서 빛조절 키고 끄고 다할거다

가장 근미래에 구현가능한 충분한 기술이 바로 헤드램프 전장화다


그리고 led갯수도 증가할거다 왜냐 빛의 밝기조절의 다양성을 위해서는 갯수가 많을수록 디테일해진다


인공지능 기술을 적용하고 상업성이 잇는 분야가 램프분야다
lg전자에서 괜히 1조원 주고 외국업체 산게아니다


미래를보고 투자해라 개나소나 투자하는 전기차 배터리 5g 그래 가기야 더가겟지

떨어질땐 ap시스템처럼 원익ips처럼 추락하겟지


주식은 기다림이다",[]
2018.09.10 13:23,369,jpt1****,221.156.***.26,1,1,"LG전자가 헤드램프업체 1조원 주고 인수한이유 : 도로상태 기상 안개 습도 시간 조광 마주오는차

등등 조건에따라 헤드라트 밝기와 방향을 빅데이터 머신러닝으로 조절하여 최고수준의 전장 모듈을 만들기 위함

led 갯수는 늘어나고 더이상 백열전구 자동차는 자취를 감출것임

무조건 led램프업체 매수해야함

디자인적으로도 뛰어나서 반응이 폭팔적

오죽하면 저가모델 아반떼에도 달겟음?

이번 페이스리프트모델 봐

아직 매집 못한사람들 싸게사고싶어서 비추준다 ㅋㅋㅋㅋㅋㅋㅋㅋㅋㅋㅋㅋㅋㅋㅋㅋㅋㅋㅋㅋㅋㅋㅋㅋ


금호에이치티, 250억 규모 BW 발행 추진…中 설비 확충 투입 - 아시아경제
www.asiae.co.kr &#8250; 홈 &#8250; 증권
2018. 6. 20. - 금호에이치티가 250억원 규모의 신주인수권부사채(BW) 발행을 추진한다. 금호에이치티는 제1회차 무보증 BW 발행을 통해 조달된 자금을 중국 ...



왜 금호에치티가 케파 늘리겟냐?
led램프가 가성비를 떠나서 디자인적으로 뛰어나 한국차업계에서도 폭팔적 반응.
중국에서도 수요 급성장할거다

사이클 초입이다 수요가 공급을 못따라가는 그런 국면으로 예상한다

무적권이다",[]
2018.09.06 13:51,214,ui38****,210.123.***.240,0,0,부국증권이 또 누르네여 이상하네 공매도 아니고 뭐지?,[]
2018.09.05 11:54,273,drsh****,117.111.***.82,0,0,"이제 사네....
내일 또 팔면 폭락인가
암튼 단타의 천재!! 저 프로그램 사고 싶다!",[]
2018.09.04 13:45,204,jami****,223.38.***.185,0,1,양아치 메릴린치 하는짓이 쪽바리 같은데 혹시,[]
2018.09.04 12:09,315,drsh****,115.137.***.249,0,1,메릴린치가 뜨면 예외없이 거의 모든 종목이폭락이네,['하락장에 대처하는 에스엘 주주들만의 모임 공간\nhttps://band.us/n/a5a8Y1C9I7q17']
2018.09.04 12:00,206,tomo****,125.129.***.148,0,1,정말 메릴린치 싫다,[]
2018.09.04 11:48,574,jpt1****,221.156.***.26,0,1,"1.나프타 멕시코 협상 = 한국자동차기업에 악재 = 미국에존재하는 부품사 수혜
에스엘이 미국법인 잇다고해?자 그닥 호재가아님
2.한미fta 이제 싸인할건데 자동차 무관세 과연될까? 멕시코도 저랫는데 한국에 쉽게 무관세 해주리라는 보장이잇음?
3.에스엘 자체문제보다는 현기차가 타격입을거라는게 문재임 미국거래선 뚫어도 현기향 물량에 비하면
4.한미fta 싸인하기전까지 불확실성이 많은데 지금 굳이 자동차 섹터 살필요가?",[]
2018.09.04 11:39,226,jami****,223.38.***.141,1,1,야 개릴린치 너 너무 설레발 치는 거 아냐 너무 심해 좋은 말할 때 꺼져라,[]
2018.09.04 11:02,426,tomo****,125.129.***.148,0,2,뭐가 문제인지 무너뜨리는건지 모르겠음,['크게 먹으려고 뒷걸음질이예요 회사 좋으니 걱정 뚝']
2018.09.04 10:04,195,yjka****,58.238.***.170,1,1,"참 짜증나지만
난 안팔아!",[]
2018.09.04 09:41,152,jami****,223.38.***.34,0,1,오늘도 개릴린치가 개미를 죽이는구나,[]
2018.09.03 09:49,320,jpt1****,221.156.***.26,0,1,"이거사느니 금호에이치티사라 시총 500억 에스엘에 led 납품함

물론 악명높은 금호그룹이라 ㅋㅋㅋㅋㅋㅋㅋ


에스엘 60프로 금호에이치티40프로 분산투자하든가 ㅋㅋㅋ

시총500억대라 기관들 못들어오는걸 사야 돈을벌지

커버리지 밖에잇는거말이야

개나소나 살수잇는거 사면 뭐 돈벌기야하겟지



대신 시총500억짜리 개잡주는 6개월 분할매수 알지?",[]
2018.08.31 14:39,317,jami****,122.43.***.135,0,1,우리 나라 기관 의리도 없고 외놈들한테 맨 날 당하고 실 력도 없고 조 터지고 비굴하고 시키면 시키는 대로 바지 가랑 이로 기고 돈이면 무엇이던지 다하고 일본넘 보다 못하고 기관,[]
2018.08.31 14:31,213,jami****,122.43.***.135,1,1,꼴갑,[]
2018.08.29 14:52,198,yjka****,58.238.***.170,0,1,"20,850에 껌 붙었네!",[]
2018.08.29 13:22,165,mast****,110.70.***.209,0,0,"내가 낸 국민 연금을 운용하기 위해 국민연금은 주식을 삽니다.

그런데 국민연금은 그 주식을 몇푼의 이자 수익을 명분으로 공매도 세력에게 대여해 줍니다.

공매도가 많으면 연금이 보유한 주식의 주가는 하락하게 됩니다.

그러면 국민연금은 주식대여로 번 이자의 수십, 수백배의 손실을 보게 됩니다.

이렇게 자기 발등을 찍는 주식 대여로 입은 손실은 결국 연금을 내는 국민의 손해가 됩니다.

그리고 공매도를 통해 손쉽게 엄청난 수익을 낸 외국계 공매 세력은 매년 천문학적인 돈을 외국으로 송금합니다.

최근 국민연금의 수익률이 형편없는 것은 이런 이유들 때문입니다.

연금 제도 변경을 논하기 전에 이렇게 국민을 배신하는 행위부터 막아야 합니다.

적어도 국민연금은 공매도 세력에게 국민연금 보유 주식을 대여해서는 안 됩니다.


그게 연금 수익률을 제고하고 국민의 재산을 지키는 길이기 때문입니다.


국민연금 대차 금지 청원에 동참하여 주시기 바랍니다.

https://www1.president.go.kr/petitions/353707",[]
2018.08.24 11:23,567,poly****,211.213.***.185,0,2,폭락하겠네 조만간,"['이회사가 얼마나 탄탄한데 망하긴\n\n알고 주식좀 하셔', '안망한다 이걸 산 니가 망하겠지..']"
2018.08.24 09:43,205,ui38****,210.123.***.240,0,0,"개인 매도세가 나오면 못간다
좀 기달리지 ㅂㅂ",[]
2018.08.22 15:23,486,bmcg****,1.251.***.196,2,1,ㅠㅠ,"['실적이 나뻐졌으니 탈출 유도 상승후 패대기~', '오늘 22150까지 갔다가 막판에 꽂아버리네요 ㅅㅂ', '외국인이 매수해서 올리면 기관이 매도로 내려놓군. 기관 팜으로 도움 안돼는군.']"
2018.08.21 09:58,464,shim****,39.7.***.107,1,0,ㅋ,"['거래량이 적어 지켜봐야 할것 같은데,,,,']"
2018.08.08 11:44,1116,k675****,119.71.***.148,1,0,하루종일 제자리걸음,"['이런 시장에 선방 하는구만 뭔 솔을..', '거래량없는 주식 접근 금지임다']"
2018.07.31 13:15,678,yoon****,116.38.***.211,0,3,왜오르지요 올라도반응들이 없넹,['관심없는게 좋은거요']
2018.07.23 15:31,656,ilov****,106.240.***.147,0,0,"어린이집 학대사건이 또 발생했습니다. 아동학대예방을 위한 청와대청원 많은 참여바랍니다.
https://www1.president.go.kr/petitions/307487",[]
2018.07.23 13:36,654,hc15****,121.131.***.58,0,0,좀 두면 오르는데 단타가 치고 빠지니 올라도 찔끔이네요~~길게 보고 갑시다.,['같이가시죠']
2018.07.23 12:49,555,stoc****,223.39.***.143,1,0,"전량매도후 떠납니다.

수익률은 다소저조하지만

20프로입니다.","['추카추카', '축하드려요']"
2018.07.21 02:26,511,oror****,182.214.***.22,1,0,"여당 최고위원이 대주주인 웹젠종목도 공매도에서 자유롭지 못합니다.
(청원글 발췌)김병관 더불어 민주당의원이 대주주로 등재 되어있는 코스닥에 웹젠이란 
종목의 최근 시세조종의혹에 관해서 면밀한 조사를 요청하려 합니다.

코스닥 여타 테마주 작전주도 아닌 재무도 좋고 작년 온기 영업이익을 올해 반기만에 달성할 정도로 영업이익도 좋은 기업에 단지 수급을 이용한 공매도를 통해 끝없는 하락을 
부추기고 유발하는 세력들의 계좌들을 면밀히 조사해주십시오. 특히 이베스트 성종화 연구원의 매수 레포트가 나온날엔 반드시 하락 공식은 너무나도 유명하죠.

공매도에 개별종목선물에 7월부터 개별종목옵션까지 이 조그만 종목에 파생이란 파생은 다 들러붙어 개미들은 피눈물 흘리며 고통받고 있습니다.

공매도와 선물옵션으로 세력들이 마음대로 휘젓는 이 상황이 조사된다면 다른 종목에도 도움이 될 것입니다. 시장에서 개미들을 나락으로 빠뜨리는 공매도의 문제점을 여당 최고위원이자 웹젠 대주주인 김병관 의원께 실상을 알리면서 해결책을 논의할 수 있는 청원의 장이 되도록 청원 참여 부탁드립니다.
https://www1.president.go.kr/petitions/312885?navigation=petitions",[]
2018.07.20 09:21,466,jump****,223.62.***.4,0,0,조심,[]
2018.07.19 14:23,393,jump****,223.38.***.224,1,0,ㅎ ㅎ,[]
2018.07.18 09:54,394,jump****,223.62.***.66,0,0,한주로 가격올리는 더러운습관,['한심한놈 ㅋ\n잘 사냐?']
2018.07.13 09:19,687,jump****,223.62.***.184,3,1,속지마세요 올리다 팔아먹길 일주일간 하고있네요,[]
2018.07.12 11:10,554,baed****,180.189.***.179,0,1,"좀챙이 공매도 천국,연기금의 침묵 ㅠㅠㅠㅠ",[]
2018.07.05 11:09,1672,h33t****,175.223.***.129,2,4,매출은 어느정도 수준이죠?,"['여기 토론실 클릭할거 옆에 좀 클릭하면 다 나오는데 몰라서 물어보나? ㅋㅋㅋ', '코스피 순위 253位 당근이죠...', '다 나옵니다.']"
2018.07.04 09:44,894,jami****,122.43.***.135,0,2,혹시 ????????? ^^,['뭔 합병\n이렇게 큰 회사가']
2018.07.03 22:10,556,danb****,223.39.***.71,0,4,랠리 기대해봅니다 회장님!,['뭔소리 외인은 나갔는뎅']
2018.07.03 15:03,713,danb****,223.39.***.90,0,6,"트럼프 자동차와 부품에 관세 25% 때려도
에스엘처럼 미국공장 생산품은 자국생산이라
에스엘이 하반기 기대주라는 얘기가 있던데 맞나요?
곧 2만윈 돌파소문도 있던데 맞나요?",['부왘~!!! ㅋㅋㅋ']
2018.07.03 09:33,385,baed****,180.189.***.71,0,2,"진짜너무하네,건정머리 외국인? ㅠㅠㅠㅠ",[]
2018.06.29 13:13,639,wave****,223.33.***.6,0,2,아주 오져요,[]
2018.06.28 18:48,522,danb****,223.62.***.164,1,2,"이 난장판속에서도 굳건히 지켜낸 에스엘
이 여세를 몰아 내일 상한가로 6월 마무리 믿어봅니다.",['똥싸는소리 그만하시져 ! 개버저리회사인데..']
2018.06.27 19:37,648,danb****,223.39.***.229,2,2,"25000원 회사서 회장님 주주 신경 좀 쓰시면
간다고 삼성증권 DB 두군데서 얘기한거 아닌가요?
이번주에 갈까요?","['ㅋㅋㅋㅋㅋ', '25000원이 아니라 올해 BPS예상치가 3만원대인데.. 자산은 계속 증가중~ 그냥 가지고 배당이나 받고 돈 없으면 어쩔수 없지만 돈 생기면 싸고 좋네 하면서 더 사면 됨.. 단지 자동차에 얽힌 정치적 이슈때문에 이 모양 이꼴이지.. ㅋㅋㅋ. 우리나란 완전한 자본주의가 아니라서 정치적 영향도 중요하긴 함.. ㅋㅋㅋ', '누가요?ㅋㅋㅋㅋㅋ 개네들이 간다고 주가가 오르나요?ㅋㅋ\n이런 개잡주 오지마세요 ㅋㅋ개버러지 회사입니다 ㅋ크']"
2018.06.27 09:03,423,blue****,221.151.***.24,0,2,"최근 뉴스나온거 보니까..

미국상황
http://news.hankyung.com/article/2018062674441

중국상황
http://news.chosun.com/site/data/html_dir/2018/05/22/2018052201797.html

에스엘은 중국에 공장 많은거 같던데..",[]
2018.06.26 09:57,379,baed****,113.52.***.34,0,1,참집요하고 악랄하네 얼마나먹자고 ㅠㅠㅠㅠ,[]
2018.06.25 19:36,352,baed****,113.52.***.34,1,1,참 거시기 하네 개미들을 뭘로보나 이러한작태는 결국 개미들을 떠나게 만든다 ㅠㅠㅠㅠ,[]
2018.06.22 21:43,450,kisu****,121.143.***.54,5,1,휴:.,[]
2018.06.21 09:16,360,baed****,113.52.***.34,1,1,양아치 다른데서 놀아라 제발 ㅠㅠㅠㅠ 연기금 아저씨 해걸부탁해요,[]
2018.06.15 11:35,903,ysce****,39.7.***.57,2,4,자동차 산업자체가 고용능력이 제일 높은 사업이라. 최저임금 상승 52%시간 근무제등에 직격탄으로 타격입는 산업이라 일단은,['갑자기 안 쓰던 댓글 이렇게 쓰면서 사지 말라니 사라니 이렇게 매수 매도 종용하는 사람들 뭐하는 사람들이야? ㅋㅋㅋ']
2018.06.14 19:25,713,baed****,113.52.***.161,1,1,"죽을맛이군요 ㅇ떻게 대처해야할지 ㅠㅠㅠㅠ, 고견 부탁합니다......","['다들 손해가 얼마이시길래.\n한 오천 되나요?\n안되면 이참에 주식 접고\n손 털어요.ㅡ\n절대 주식 하지 말고요.', '나처럼 고점에 쳐물리고 그런소리 하시길 ㅠ', '속으론 웃고 있는거 아냐? ㅋㅋㅋ .. 왜냐면 다른 글 보니 쓴 글들이 다 똑같애.. ㅋㅋㅋ']"
2018.06.14 18:47,356,blue****,221.151.***.24,3,0,"ㅋㅋㅋ.. 대단하다.. ㅋㅋㅋ

누구야? ㅋㅋㅋ",[]
2018.06.12 14:50,467,baed****,42.82.***.216,1,2,제발좀 큰물에서 놀아라 벼룩의 간을 빼먹을듯 설치네 ㅠㅠㅠㅠ,[]
2018.06.08 09:57,908,jys8****,210.123.***.230,1,3,먼 일있나요?바닥찍었다고 오르는건가?,"['요즘 자동차주들 다들 거의 바닥이라고 좀 오르는거 같음... 사드여파에도 실적 좋게 나온 회사도 있고.. 북한에 자동차 팔아먹을려고 그러나.. ㅋㅋㅋ..', '보합예상합니다', '전아직 갈길이 멀었네요\n28000 ㅠㅠ', '네 제가 나갔어요']"
2018.06.07 18:17,529,fewt****,112.171.***.12,0,2,"Stanley Electric

ㅇㅇ",[]
2018.06.06 20:55,693,dbsk****,61.99.***.242,1,5,"SL 가즈아!!

아, 안샀구나,,,,,ㅡㅡ;;;;",['차라리 다른종목 가세요 ㅠ']
2018.06.05 19:41,480,blue****,221.151.***.24,1,2,얜 안가나? ㅋㅋㅋ,['일년후 ㅠ']
2018.05.31 11:43,923,jami****,122.43.***.135,7,2,관세음보살,"['3세 경영의 한계인가? 집안이 편해야 사업도 잘 되느니. 수신제가치국평천하~. 에스엘 엘리트 경쟁사로 많이 빠져나간 것은 조직 리더십에 문제가 있어 보임. 인정하진 않겠지만.', '약산여래불~~', 'ㅋㅋㅋ', '아멘~ 움마니반메훔~ 알라신은 위대하다~ 남녀호랑교~']"
2018.05.31 09:55,478,baed****,42.82.***.234,2,1,"해도 해도 너무한다,여기서 얼마나 먹을려고,할수없다,장농속에 10년보관이다 ㅠㅠㅠㅠ",[]
2018.05.29 04:59,377,lees****,49.173.***.211,0,3,"어디까지 가는지~
주식 정말 어렵네요
함께 겅부하실 분~
ㅋ.ㅌ 주세요~",[]
2018.05.24 21:55,676,slng****,122.46.***.7,3,2,"잘돌아가는 기업 주가 공매도로 죽여놓네
진짜 쓰레기들이구나",[]
2018.05.24 18:29,1075,divi****,39.121.***.112,4,3,"25프로관세 기사나왓자나요 기사안보심?
차와 차부품 관세 준비한다고
요 며칠 투동보면 외인들 연일매도","['다 핑계야.. 이 핑계 저핑계로 싸게 모으는거지.. ㅋㅋㅋ', '미국제품은 현차 미국 공장도 있겠다 SL도 미국 현지 생산하고 있는데 수출관세랑 뭔 상관이죠 ??', 'M&A!!!']"
2018.05.24 15:16,531,jami****,122.43.***.135,2,1,계관들은 한강으로가라,[]
2018.05.23 11:50,854,baed****,180.189.***.29,4,5,"공장 너무너무 잘돌아가고있슴,계속 잔업중","['만들면 만들수록 손해가 커지는 제품도 있음. 야근 많아 좋겠어 경산 ... 돈도 안되는 현대 샤시부품 끼워팔기로 수주해서 잔업하니. 램프,전자도 곧 모비스,IHL,만도에 다 뺏기고 말거야.', '직원애들 인성이 개판.\n납품가면 목에 기브스한놈들 천지.\n정말 더러븐 놈들.', '재고도 많쥬~?ㅋ', '에스엘 직원들 갑질 쩐다며? ㅋㅋㅋㅋ']"
2018.05.23 10:42,469,baed****,180.189.***.29,1,1,해도 해도 너무한다 공매도가 판을 치는구나 사기꾼 집단들 제발 사라져라 제발좀 ㅠㅠㅠㅠ,[]
2018.05.15 23:25,870,jelk****,124.59.***.9,5,0,2분기 실적 확인한 후에 진입,['회사사정이 재무재표에 확연히 드러나네요']
2018.05.04 10:18,1597,alli****,125.141.***.12,0,5,"안녕 하세요, 허가난 젼의판 항상 조심, 조심, 현~ 주식 가치추출결과 . 21,150원, 3 에14 로 설정후 확인검색,","['오늘종가정확히맞추심', '^^']"
2018.04.30 14:56,1807,hbmk****,121.140.***.187,4,6,"매우 제한적이라봐도 무방하다 생각하는데..

굳이 에스엘/모비스 투트랙 체제에서
Zkw한테 조금의 물량이라도 줄만한 여지는 어디에도 없지않나 싶은데..

생산기술 운운하는데, 헤드램프 산업의 코어기술은 금형기술...

모비스가 에스엘에 금형받아다 찍어내는데 에스엘의 생산기술을 운운하는 것은 어불성설이 아닐까 싶네요.

LG의 zkw인수는 장기적 안목에서 영업파이프라인 그리고 자동차전장사업부 간 시너지...

그렇다해도 아이템들 면면을 살펴보면 오히려 에스엘의 역량이 오히려 뛰어나다 생각되는데...

걱정해야할 것은 포드/gm향 아이템이 대부분 세단이라는 것이죠. 포드는 이제 세단 다 단종시킬계획이던데...

난 왠지 중국발 훈풍이 불어닥칠거 같다는 생각이드네요.",[]
2018.04.28 20:57,1640,cool****,223.33.***.117,0,3,"현대차그룹은 에스엘에 더욱 이익과 힘을 실어줄것.
이유를 모르겠다구요?
세상사 다 그런것이지요 ㅎ",[]
2018.04.27 12:13,1348,sho2****,211.114.***.217,0,4,오겡끼데스까,"['고점 저점이 점점 낮아지고 있잖아?', '패턴이 아직은 오르는 척 하면서 꼬라박는 패턴이라.. ㅋㅋㅋ..', '아갈닥데스요', '이제 지쳐서']"
2018.04.26 10:15,1078,jami****,122.43.***.135,2,0,개관넘들은 어제 지러얼 하고 오늘은 왜너엄들이 지러얼 욤벼영을 하네 게 적같은 너엄들아,[]
2018.04.26 09:48,1061,jami****,122.43.***.135,2,0,드럽다 드러워,['진짜 더럽네요ㅠㅠ']
2018.04.25 10:08,1631,jami****,122.43.***.135,0,5,당신들은 왜 안티를 하는 겁니까 도대체 이유가 뭡니까 안티 이유가 뭡니까,"['찬티했는데 잘 안통하는데 안티해봐라.. 진짜 잘 통한다.. 그러니 하는거겠지.. ㅋㅋㅋ..', '전고점에 물려 화가나서 ㅜ']"
2018.04.24 14:08,1721,y2kg****,117.111.***.97,1,4,"엘지가 에스엘과 매출수준이 비슷한 ZKW를 1.4조원에 매수한다죠?

그럼 에스엘도 시장 매물로 나온다면 그 정도 가격대를 기준점으로 해서 가격이 정해지지 않겠습니까?

중요한건 주요 거래선과의 접점인데..
GM, 현기차가 주요 거래선이라는게 맹점!
엘지가 ZKW 인수한 주된 목적이 기술력 보다는 주요 완성차 업체와의 접점 확보라고 하더군요!

벤츠, BMW, 폭스바게 정도되는 업체와 거래를 트는게 필요한 시점이라고 봅니다!","['에스엘은 토사구팽', '엘지가 아니라 현기차가 들러 붙을겁니다!\n벤츠에 들어간거, BMW에 들어간거 우리도 공급해줘 하면서 말입니다.\n\n솔까 현기차 전기차 꼴찌 아닙니까?ㅎ', '엘지에서 현기차 물량을 가만두지 않을것임']"
2018.04.24 13:46,1414,duke****,211.223.***.239,2,2,"이리도 떨어지는건가요???

우리나라는 삼성 LG가 다 해먹네요 ㄷㄷㄷㄷ","['독일차는 zkw가 다 먹었습니다\n유럽자동차 업체는 보수적이기로 유명해서\n그동안 zkw아니면 쳐다도 안봤습니다\n에스엘은 절대 못 뚫습니다', '중요한건 매물로 안 내놓는다는 겁니다\n회장이 아직 팔팔한데 매물로 나올 이유긴 없습니다', '에스엘에겐 m&a 매물 가치를 높이는 계기가 될수도 있습니다!\n\nZkw가 1.4조원에 팔렸으니.. 독일 3사 중 2개 이상 거래처만 확보한다면, 1.4조원 수준에 매각될수도 있지 않을까요? 현주가의 2배 수준입니다! 주주입장에선 좋은가라고 봅니다!', 'LG가 삼성하고 쿵짝하면 끝이죠\n대기업 연구소 에스엘 따라잡는건 순식간입니다']"
2018.04.24 13:45,1239,blue****,221.151.***.24,1,1,"맨날 자동차 부품해봐야 대기업들한테 굽신되는 기업일 뿐이고 해서 주가도 우량한 재무에도 불구하고 운명이 다른데 좌지우지되니 독자적으론 별로 안 오른거 같은데..

그 많은 돈 모아서 뭐 다른거 안하나? ㅋㅋㅋ.. 그래야 오를거 같은데.. ㅋㅋㅋ",['자동차부품만하는데요? 현기 GM 말고 중국 로컬업체비중높이고 르노수주땃으니까 오를거임..2년후에..그리고 합병되면잠시오르겠지만.. 1분기 2분실적은 똥망이니까 그건 아시고..']
2018.04.24 13:28,1038,sho2****,175.223.***.57,0,2,ㅅㅅㅅㅅ,['남못되니 좋으냐 ㅠ']
2018.04.24 10:15,1147,jami****,122.43.***.135,2,2,"LG 저거는 삼성에 밀리니까 아주 별 지롤 다 해 지롤을 떨어라 개지롤을
내가 LG 제품 사면은 인간이 아니다 인간이","['전장부품은 삼성이 엘지에게 아주 많이 밀리고 있죠!\n엘지가 고작 삼성 이기려고 zkw 인수한건 아니라고 봅니다!', 'sl의 기술은 생산성입니다. 대구의 값산 아줌마의 생산성이 기업의 이익을 극대화 하기에 lg와는 상대가 안될정도로 가치가 있습니다. 기술에서 생산기술이 최고입니다.', 'SL 세계적인 글로벌 기업으로 더 성장합니다\n걱정마세요']"
2018.04.24 10:09,1104,worl****,59.2.***.79,3,2,"자동차 부품주

PBR - 0.77
PER - 6.81

하지만, 신영자산 운영이 22000~20000원 대에서 계속 매도 중이다.
배당 수익율 1.83%

-- 개미가 모르는 악재가 있는 것인가? 2만원 대 이하에서 검토.","['14250', '내가 매수한게 악재인듯 ㅠㅠ', '악재는 없고 LG의 전장사업 인수확장 사업은 오랜전부터 진행됐고 SL도 글로벌 최고기업으로 더 성장 할것같습니다']"
2018.04.20 13:43,1257,kdc7****,125.129.***.59,0,1,"통계 기관이나 자료가 있나요?

매달 모델별 생산 대수가 어디에 나와있나요?

알려주세요","['감사합니다.', 'Gm은 이제부터 월별 출하량 공시안하고 분기별로 하기로 했습니다.', 'GM에서 공시하믄 리서치회사서 정리하고 불룸버그같은데에 코딩되서 이곳저곳에 뿌려지겠져.... 근데 애널리스트도 아니고... 그렇게 정보수집하믄 돈도 마나야하고 시간도 많이듭니다.... 에스엘이 각 로컬에서 어떤 차종 수주했나를 기준으로 러프하게 추정하는거죠.....']"
2018.04.20 12:55,1149,kdc7****,125.129.***.59,0,2,"오슬람과 헬라보쉬는 합작 법인 만들어서 레이저 해드램프 준비하던데

LED 대비 2배 정도인 600미터 까지 커버 한다고 하네요

현재 BMW 와 아우디 등 고급 차량에 달고 나온다는데

가격도 LED 대비 5~10배 비싸구요


우리 에스엘도 준비 하고 있나요?","['자율주행차/친환경차 시대가 앞으로의 자동차 미래 트렌드라는데...자율주행차 시대에 과연 레이저 헤드램프가\n필요할지에 대해 저는 개인적으로 의문이 듭니다^^', '레이져 h/l는 양산이 불가 합니다. 한계 온도가 110도 밖개 안되기 때문에 양산이 불가 합니다. 오슬람이 만든것은 보조 하이빔입니다.하이빔은 있고 보조로 사용하는 것입니다. 그정도는 오슬람 레이져 달면 됩니다.에스엘이 아니라 기술없는 회사도 적용 가능합니다.']"
2018.04.20 12:47,1076,kdc7****,125.129.***.59,0,2,"글로벌 판매 7위의 브라질에서


40~50만대. 정도 수준 판매하는 GM 에 납품이 확정적인가요?

지금 에스엘 공장을 짓고 있는건가요?

작년에 SL DO BRAZIL 설집 하였던데 9자본 51억)


1) 납품 확정적인가요?

2) 에스엘 공장 짓고 있나요?

3) 어느정도 물량 예상하시나요?

아시는 분계시나요?",['곧 아시게 될 겁니다^^']
2018.04.20 12:38,894,kdc7****,125.129.***.59,0,1,알려주세요,"['네 감사합니다.', '사업의 내용이요']"
2018.04.20 06:09,827,kdc7****,125.129.***.59,1,1,"2015년 272억
2016년 311억
2017년 898억

왜이렇게 마니 증가 했나요?

알려주세여","['연구개발비라면서 직원들 돈 나눠주기. ㅋㅋㅋ.. 저런데 연구비가 얼마나 많이든다고 무슨 조에 근접하는 연구비가 드나? ㅋ~ 돈이 쓸데는 없고 하도 많아서 주체를 못하는구만.. ㅋㅋㅋ', '방금 관련 동영상 봤습니다. 현대모비스랑 BMW 공장에서 FEM 을 가져다 붙이는데 이걸 개발하군요', '500억 증가했네 후덜덜', 'FEM(front end module)과 후측방 카메라 및 센서, 브레이크, 변속기 등에 연결되는 하니스(harness wire)를 와이어리스화 시키는 연구개발도 진행중인걸로 압니다.(md&a 참고) 실지로 개별 파츠 및 모듈을 생산중이거나 연구 및 개발단계에 있죠.. adas를 선점하려는 노력의 증거라 생각합니다. 그만큼 asp도 가파르게 상승하죠. 그간 쌓여있던 개발비성자산이 원가화 된다는 의미도 있겠구요. 중요한던 asp상승률로 충분히 커버한다는 점이 아닐까요.']"
2018.04.20 05:56,242,kdc7****,125.129.***.59,0,1,"2017년 -130억
2016년 249억

이거 라이팅 합병해서 그런건가요?

알려주세요","['네 감사합니다. 지분법적용투자주식 평가익을 얻었는데 법인세 변동액이 왜 생기는거죠?', '법인세부채 말씀하시는거죠? 말씀하신대로 지분법적용투자주식 평가익에 대응이 가장 큰 원인이겠져']"
2018.04.19 14:15,374,free****,223.39.***.89,0,1,연기금도 주식하나?,[]
2018.04.19 10:20,231,jami****,122.43.***.135,2,0,메릴린치 너희는 필요없다 우리나라에서 너희 같은 증권사 필요 없다,['진짜 단타새끼 멸치 골보기 싫으네요ㅠㅠ']
2018.04.19 10:20,422,free****,223.39.***.89,3,1,1조 매출이 넘는데. 유보율도 5000이 넘고,"['대체 무슨 근거로 적정가가 10만인가요? 그럼 시총 대충 4조인데....', '거의 2조 다되어가는데']"
2018.04.19 10:09,162,jami****,122.43.***.135,1,1,엿같은 며를 린치,[]
2018.04.19 08:05,557,hbmk****,121.140.***.187,2,0,"이번 신형 k9 턴시그널시 사이드 미러에 달린 카메라가 측방을 계기판에 보여주죠.

이게 다 에스엘의 기술력.

HUD에 준하는 기술이라 저변이 높을 것으로 기대됩니다.

변속레버 디자인도 물이오르고있고 점점 고가 아이템으로 p와 q둘다 가파르게 상승하지 않을까요?","['아.. 한국초자가 아니고 성일초자요', '에스엘 관계사 에스엘미러텍에서 납품하는 걸로 압니다. 에스엘은 로열티, 기술료 수취 및 부품을 에스엘 미러텍에 납품하구요. 에스엘의 관계사 서봉이 갖고있는 한국초자와 이여러 관계사들이 adas 기술력과 연계돼있습니다.', 'k9 사이드미러 에스엘에서 하나요??', '중국서 뷰익 쉐버레의 선전과 쥐엠의 일등 굳히기도 든든해지는 대목']"
2018.04.18 13:45,349,free****,223.39.***.61,0,1,"주식수도 3,300만주인데 호가가 왜 저렇게밖에 안실려?
재무도 엄청난데 유보율도 쥑이고....
이거 그냥 묵혀둬 봐야겠어요
이런 좋은 종목이 왜 내려간거죠? 무슨이유로?","['봐야지 산은하고 정부가 지원쪽으로 가닥을 잡았으니 앞으로 볼만 하것구만?', '아니 gm해봐야 비중이 얼마나 gm외에 매출이 엄청난데\n중국에도 곧 다 잡아먹을 기세인데 도데체 왜?\n이거는 일퍼의 무서움으로 삼십퍼르루내노ㅗ는 꼴이네\n지엠 해결되면 바로 연상인가?', 'GM때문']"
2018.04.18 10:07,312,free****,223.39.***.61,0,2,거래량 많으면 심기 불편함,"['저 했으요', '그럼많이 매수하세요ㅠ']"
2018.04.18 11:46,180,shim****,106.251.***.188,0,1,아 징징...,[]
2018.04.17 12:14,461,jami****,122.43.***.135,0,4,무슨 관계?????,"['어쩌라고 ㅠ', '쉿!!']"
2018.04.17 11:52,253,ahnr****,121.132.***.91,1,2,가즈~아,[]
2018.04.16 13:56,456,free****,223.33.***.88,1,3,ㅇㅋ?,[]
2018.04.16 13:24,309,free****,223.33.***.88,0,2,느낌이 그래,[]
2018.04.16 12:57,362,duke****,211.223.***.239,0,2,무슨일있나요??,[]
2018.04.12 16:03,511,bmcg****,1.251.***.196,3,0,ㅜ,['ㅋㅋㅋ']
2018.04.09 21:59,1326,morn****,182.216.***.169,1,3,요즘 흐름을 보니. 딱 내일정도에 이투데이 기자같지 않은 양아치들이 합병 운운하며 기사 출고할 타이밍인 것 같아요. 그냥 느낌입니다.,['뭔소리인지 ?']
2018.04.09 09:49,1444,scva****,117.111.***.137,3,8,"-서론-

기밀문서입니다

진짜 어렵게 구한겁니다

그리고 남탓하지마세요 떨어진다고 욕하거나 질질 짜지마세요

투자는 자기 자신이 하기로 결정했기때문에 자기 자신한테 먼저 책임이 있습니다

예전 지인에게 이런말을 들은적이 있습니다 다른건 모르겠지만 주식만큼은 건드리지마라 아무튼

중요한 내용이니 처음부터 끝까지 보시고 행복한 삶을 되찾으시길 바랍니다

기관대빵: 김대리 잠깐 사무실좀

김대리: 네 부르셨습니까?

기관대빵: 지금 갖고 있는 종목 전부 매도해

김대리: (당황) 네? 지금 갖고 있는 종목 매도한다면 파장이 클텐데요 개미 입장에서도 손실이 어마어마 할거구요

기관대빵: 어이 김대리 우리가 개미입장까지 봐 가면서 일해야되나?

김대리: 아닙니다 전부매도하겠습니다

이상 기밀문서입니다

좋은 주식이 하나 있다고 생각해보세요．1차로 내부자와 관련자가 들어가고,2차로 외국인과 기관투자가,3차로 고급정보를 얻을 수 있는 개인들이 들어간 뒤에 마지막으로 일반인들이 투자합니다．냉정하게 말하면 일반인들은 1,2차 투자가들의 이익을 실현시켜주기 위한 봉에 불과합니다”．

간혹 예외적인 경우가 있어 ‘대박’을 터트리는 일반인도 있습니다．그러나 가뭄에 콩나듯하는데다,계속 하다보면 그마저 날릴 가능성이 매우 큽니다

-본론-

여러분 깨어나셔서 꼭 보셔야됩니다

일확천금의 꿈에 부풀어 객장으로 향하고 있는 많은 사람들!!!

.""주식투자는 파산이나 죽음이 아니면 빠져나올 수 없는 파멸의 구렁텅이니 절대로 가까이 가지 말라.""

삼가 주주분들 고인의 명복을 빌며
앞으로 다시는 주식같은거 하지마시고

열심히 땀 흘려 일하시거나 기술배워 돈 버세요
괜히 고집부리다가 나중에 한강가서 인생 마감하지마시고

제 말 들으세요 나이먹고나서 후회하지마시고

마지막으로 주식으로 돈 벌겠다는 것은

노래 못하는 음치인데 TV에 나오는 댄스 가수 되겠다고 고집부리며

설치고 다니는거랑 똑같습니다

정신바짝 차리세요

나중에 나이 먹으면 답 없습니다

돈 다 잃으면서 인생 시간 허비하지마시고

헛된 꿈 버리시고
되도않는 쓸데없는생각하지마시고

그냥 맘 편하게 일해서 땀 흘려서 저축하세요

운좋게 주식으로 벌으셨다고 하신분들? 주식 계속하시다보면 몇달뒤면

원금까지

다 없어질것입니다

앞으로는

주식공부하겠다고 쓸데없이 시간낭비하지마시고

그 시간에 나가서 기술이나 배우세요

기술배우는게 백배 천배는 낫습니다

나이들면 누가 써주기나합니까?

평생 죽어라 알바만 할겁니까?

이대로 가면 가족들한테 경제적으로나 정신적으로 피해만 끼칩니다

제발 정신차리시고 일하시거나 기술배우세요

주식시장에 대한민국 너나 할것없이 여러분들보다 더 똑똑한 개미들이 얼마나 많이 공부를 하고 준비를 했겠습니까?

세상에 잘났다고 하는 서울대졸업반, 판사, 변호사 머리좋다고하는 사람들 주식하다 골로 갔습니다

근데 당신들은

책? 인터넷? 강의? 이것도 안되니 특별한 기법들을 찾으려고

눈을 불을 키고 찾고들 있겠죠

여러분들 잘 되었습니까?

현실적으로 대한민국 개미실력은 형편없습니다 객박살 나기싫죠?

앞으로

제가 지금 하는말이

앞으로 돈 없는 찌질한인생 버리고 인간답게 살수있는

마지막 기회일것입니다

골로 가고싶은면 계속하세요

반드시 후회할날이 올것입니다

힘드시게 번돈 아깝게 다 날리지마시고 열심히 일해서 저축하세요

-결론-

천재뉴턴도 주식 실패

만유인력의 법칙으로 잘 알려진
위대한 천재 과학자 뉴턴은 이런 말을 했습니다.

""천체의 움직임은 계산할 수 있지만
사람들의 광기는 계산할 수 없다.""

""외국인 및 기관투자가와 일반투자가가 경쟁하면 세계랭킹의 복서와 아마추어 복서가 링에서 만난 것처럼 결과는 일반투자가들의 KO패로, 유혈이 낭자하고 심지어 링에서 목숨을 잃는 지경에 이른다. 아무리 주먹을 날려 점수를 따면 뭘 하는가. 결국은 링 위에 드러눕는 자신을 보게 될 텐데.""

""주식투자는 마라톤경기와 같다. 1등 2등 3등 외엔 나머지 수천명은 엑스트라에 불과하다

TV에 나오는 청담동 사기꾼처럼 외면적으로는 누가 주식으로 큰 돈을 벌었다고 속이는 삶을 보여주는 반면에

실제 주식의 내면의 세계를 들여다보게되면 많은 사람들의 인생을 망치면서 고독과 허망함 깊은한숨 절망같은 하루를 이어가는 사람들이 수없이 많다

내가 조언해주고 싶은것은 지금 당신들의 삶은 다시 돌아올수없는 강을 건너고 있다는것이다 지금부터라도 다시 삶을 제 정비해서

정상적으로 일하거나 기술을 배우라는 것이다
깊은 한숨과 분노속에서 컴퓨터에 얽매여있지만 말고

당신들이 하고싶은것을 하면서 행복한 삶을 되찾으라는 것이다 돈에만 집착하여 주식한다고 고집부리면서 계속 같은방식으로 가다간 절망과 고통속에서 당신의 건강과 가족의 행복 나이만 잃어갈뿐이다

지푸라기 잡는 심정으로 원금회복?? 꿈도 꾸지마라 결국에는 사기당할 뿐이다

이 주식시장은 무서운 세계이며 냉정한 세계다 패배자가 되기싫다면 빠져나오라

""아무개가 큰 돈을 벌었다는 말에 솔깃하여 무작정 증권사에 계좌 개설을 하는 것은, 아무것도 모르는 청년이 총한 자루 달랑 들고 전투에 나가는 것과 다름없다. 처음 몇 번은 용케 적탄이 피해갈지 모르지만, 순식간에 적의 포탄 세례에 피범벅이 되어 처철하게 몸부림치다 죽어가는 것이다.""

""전쟁터에서 한 사람의 영웅이 탄생하기까지는 수많은 이름없는 병사들의 장렬한 전사가 있었다는 것을 기억해야 한다. 주식투자도 마찬가지다. 수없이 많은 일반투자자의 생명과 재산의 손실을 밑거름으로 하여 몇몇 투자자들이 수억원의 고수익을 올리는 것이다.""

""전문가들도 수익을 올리지 못하는 증시에서, 모든 면에서 열세인 일반투자자가 어떻게 돈을 번단 말인가. 골프의 박세리나 야구의 이승엽 또는 마라톤의 황영조나 이봉주처럼, 주식에는 극소수의 선택받은 사람들이 있을 뿐이다. 아무나 욕심을 부린다고 해서 엄청난 수익을 거둘 수는 없는 것이다.""

""주위에서 주식거래로 몇억원을 벌었다는 이야기를 들었다고 해서 그사람을 크게 부러워할 필요는 없다. 그 사람이 주식거래를 계속하기로 결정했다면, 어느 정도의 시일이 지나면 그 많은 수익을 다시 잃게 될 것이고, 심지어는 투자원금까지 날릴 것이기 때문에 오히려 걱정을 해주어야 한다.""

""주식은 노름과 마찬가지로 손털고 일어설 때의 결과가 중요하다. 중간에 아무리 많은 수익을 얻었다 할지라도 그 돈이 자기 돈이라는 보장은 없다.""

""더이상 주식으로 인해 담배연기와 한숨 속에서 인생을 낭비하지 말고, 넓은 세상을 돌아다니며 많은 것을 배우고 맛있는 음식도 먹으며 멋진 인생 계획을 세우는 인생의 승리자가 되라.""",[]
2018.04.09 09:29,733,bmcg****,1.251.***.196,2,0,금요일부터 와이카지,[]
2018.04.06 23:14,620,nyou****,175.223.***.97,3,0,http://www1.president.go.kr/petitions/187633,[]
2018.04.06 14:12,790,duke****,211.223.***.239,2,1,왜이렇게 주식이 오르죠???,[]
2018.04.06 13:21,798,bmcg****,1.251.***.196,2,0,무슨 일 있나요?,[]
2018.04.05 09:49,773,baed****,42.82.***.73,1,2,징그럽다 외인아 큰물에서 놀아라 ㅠㅠㅠㅠ,[]
2018.04.03 12:23,672,lari****,222.116.***.93,2,2,가즈아~,[]
2018.04.02 13:14,608,duke****,211.223.***.239,1,2,카톡??,"['???', 'ㅋㅋㅋㅋㅋ']"
2018.03.31 20:49,1089,chld****,223.62.***.211,2,2,"괜히샀나요? 저번주에사서 지금 마너스 4퍼인데..

이거 운송장비 이제 좀 뜰때안?나요?","['그때가 일년후 ?', '기다리면 때가 옵니다\n확실한 우량주 입니다']"
2018.03.30 13:59,802,hhka****,223.62.***.244,1,2,지금 매수하는 사람은 뭐지?,[]
2018.03.30 13:16,654,kang****,223.33.***.165,2,2,"카톡이나 문자?고22.000 매수한사람들
빨리 손절해라 앞으로 박살납니다...
걔네들 물어보면 기다려라하고 주가는
계속빠지고 고생하지말고 손절이답이다",[]
2018.03.30 13:19,482,hhka****,223.38.***.244,2,1,적자본 회사를 왜 매수하라고 하는지?,[]
2018.03.30 17:50,372,hhka****,223.62.***.95,2,0,"또 개미들만 거래량도없는데 문자받고
졸라매수했구나...고생좀해야겠다..불쌍.....",[]
2018.03.30 11:25,471,dong****,223.62.***.85,2,2,주주의 한사람으로 요즘 에스엘 주식을 보면 기업의 가치보다는 주식이 넘 다운 됐네요 ~ 다들 판단잘하시고 시간을 길게 가져봅시다,[]
2018.03.29 22:31,427,bmcg****,1.251.***.196,1,1,ㄷㄷㄷ,[]
2018.03.27 13:21,591,duke****,211.223.***.239,1,1,넣었다 뺏다 넣엇다 뺏다 하는놈,[]
2018.03.24 04:45,1001,blue****,221.151.***.24,1,3,점점 가까워지고 있다.. ㅋㅋㅋ,"['웃기는 짬뽕일세\n점쟁이 나셨네.\n아님 말고..~\n그냥 디비 자..\n조용히..\n파리 들어간다.\n입 꼭 다물고..ㅎ', '대주주가 고점에서 매도 때린 그 회사~? ㅎㅎ']"
2018.03.22 13:41,456,ahnr****,121.132.***.91,1,2,"내일이 주총이라는데...
너무 멀어서 참석은 못하겠고...
'주가관리' 지켜보겠음.",['한달안에 27000원 돌려나라 ㅜㅜ']
2018.03.21 16:08,577,kang****,223.62.***.19,2,1,뭇자받고 매수한 사람 조졌지...,['ㅋㅋㅋㅋ']
2018.03.21 19:26,458,hhka****,222.232.***.241,2,1,"ㅋ ㅋ 개인들만 톡받고 매수햇지... 불쌍하다
낼도 꼬로박는다.,...",[]
2018.03.16 11:28,1047,h101****,1.252.***.208,0,5,"gm이 다시돌아갈꺼구 기관만 그만팔아주면 반등할꺼같아요.
어제 토마토에 종목진단했는데 26000원까지는 반등 보더라구요.
희망을 가집시다.
나름 괜찮은 기업이잖아요.
홧팅^^","['대주주는 왜 고가에 처분을 ~? 부럽네유~ㅎ', '결론이 오른다는 말씀인가요?', '10년치 챠트를 펼쳐보세요 답이 나옵니다']"
2018.03.15 22:34,592,blue****,221.151.***.24,4,2,노려본다~ ㅋㅋㅋ,"['ㅠㅠ', '1.5 매입희망']"
2018.03.15 10:06,472,h101****,218.237.***.40,2,0,"지친다 24% 손실 물타다 비중만 커지고,,,,,",['저두요..조금 손해볼때팔고 우량주나 잡을껄 ㅠ']
2018.03.14 14:18,550,ui38****,59.14.***.28,2,0,아마도 저가에 대주주 매수대기?,['ㅋㅋㅋ']
2018.03.08 15:45,754,drea****,211.36.***.25,2,2,내가 왜 또 자동차부품주에 들어왔던가 ㅠ,['ㅋㅋㅋ']
2018.03.06 09:18,374,jgki****,39.7.***.83,1,0,거래량이 근거다.,[]
2018.03.02 10:57,1114,hbmk****,121.140.***.187,0,3,꾸준히 상당한 수준으로 늘어나네요 ^.^,"['꺼~억 !!!', '배당주아닌데? 휴켐스사지 그럴꺼먼']"
2018.02.20 10:26,486,ui38****,59.14.***.28,3,0,"계속 던지네
이상하네요 프로그램 매도는 아닌 듯 한데
신고해야 할 듯",[]
2018.02.18 20:32,1207,lby6****,220.119.***.58,0,3,"지금 까지 주가는 견고하게 지켜왔는데~

군산 GM의 공장 영향탓으로 주가 조정

앞으로 영향은 어찌될려나?","['대주주가 매도치는 회사~?', '폭망ㅠㅠ']"
2018.02.16 21:23,1004,ahju****,14.54.***.37,0,2,뻐쓰르 타구스 도루르 가이 멍차더리 길르캐두 마넝그싱지...옌나레는 도루애 차가 떼음떼음 잇뜬그가 이르캐 마능게 차무루다 아쥬마이 발?헌 그시쥬....쥬도 아쥬마이 가야능대....,[]
2018.02.13 19:23,1407,moti****,223.62.***.152,2,3,비중이 얼마나 대냐,"['평화정공 옆에 거 SL??', '밑에 글 문제 되면 삭제 하겠음. 근데 문제될게 있는가요?', '솔직히 말해준다. 나 여기 근무자다.\n지금 설전이라 지금 분위기 들떴는데 심심해서 들어와본다.(참고로 주식 없음)\n\n비중 30프로다. 근데 내수(군산 부평 창원 공장)시장은 안만드는게 낫다 만들면 적자다.\n비중 30프로의 대부분은 테네시 알라바마 미국 공장이다.\n\n이렇게 말하면 좀 그렇지만... 군산공장 망해서 악성재고 떨어지면서 수익율 더 오른다.\n\n난더 떨어졌음 좋겠다. 2만원 밑으로 내려가면 살라고 ㅋㅋ', 'ㅜㅜ', '50프로이상']"
2018.02.13 16:33,565,duri****,14.63.***.220,3,0,그냥 꼬꾸라지네.,[]
2018.02.13 13:45,697,jjha****,223.33.***.158,3,0,뮌가 악재있나 개잡주,['어제보다 오늘은 피마르네요 ㅠㅠ\n거의 몰빵인데 ㅠㅠ']
2018.02.13 10:07,1125,jelk****,106.102.***.16,5,2,GM리스크,"['이거 내부 정보 알고 요 근래 주가 올려서 팔아먹고 나간거 아님?\n지속적 추가하락이 이어지겠군.쩝', '대주주가 매도치는 회사']"
2018.02.12 02:43,802,gold****,211.191.***.236,1,2,"에스엘종목은 말입니다.
저번 금요일 무난하게 오르는것 같았는데요
내일 기대가 되네요.
현재로 저는 보유하고있는 이종목외에
타종목들도 현재 수익률로 잘 내고있거든요.
한번 살펴보시고. 수익구경 하세요~_~
http://www.automoney.biz/bbs/board.php?bo_table=talk",[]
2018.02.08 18:11,721,sksl****,125.138.***.209,0,4,"3만원 바로 코앞이네요
5만 도전합니다",['3만원이 언제 올까요? ㅠ\n희망 고문일뿐..ㅎ']
2018.01.31 19:58,1179,park****,223.33.***.212,0,6,"우리동네 기업만 다가 아님 요즘 대세에 따라야지
언제까지 자동차만 보고 주식할쳐? 평창올림픽에 면세점 수혜함 받아야지 ~~중국 사드완와로 공항마다 중국인이 3분의 2다 한화갤러리아 최저가일때 담아~","['닥치고 밥이나 쳐무라', '이곳저곳 도배성 홍보']"
2018.01.31 12:43,828,sgy2****,117.111.***.99,4,1,"보합만 해도 선방.
내일은 상승",[]
2018.01.30 09:35,779,sgy2****,211.36.***.106,1,1,화이팅,[]
2018.01.29 23:41,827,hanc****,223.62.***.36,1,1,풀매수하라~~~♡♡♡♡,[]
2018.01.27 15:30,950,blue****,221.151.***.24,1,1,이제 겨우 상승 시작이니 좀 하락하는 듯 보여도 수익권은 넘어섰고 이젠 배당만 올려주면 더 좋겠네.. ㅎㅎㅎ,[]
2018.01.25 02:30,1913,clay****,211.210.***.170,4,9,"★★★★★ 기술적 분석으로 본 에스엘 ★★★★★

1. 에스엘 현재 주가는 엘리어트 상승 5파에서 3파에 해당

2. 이틀간 장대양봉이 나오면서 3파 완성됨

3. 이제 음봉이 보이면 4파 조정이 시작된 거로 볼 수 있음

4. 이격이 커서 4파 조정은 폭은 깊으나 기간은 짧을 것으로 보임


이러한 점들을 고려해 볼 때,

에스엘은 기술적으로 단기 고점을 찍었으며 몇 달간의 조정 후 다시 상승(5파)할 것으로 예상됨


성공 투자하세요~",['이글이 성지네']
2018.01.24 13:22,656,sunb****,210.93.***.78,2,1,"전 목표가를 짧게 잡고 대응하고,

욕심 크게 안내고 수익먹고 나오는데 집중하다보니

어제 10% 수익으로 큰 만족하고나왔는데

에스엘 좋은 주식임은 분명합니다.

들고계신분 큰 수익 내시기 바랍니다~~

다들 축하드려요~",[]
2018.01.24 13:11,611,shim****,110.70.***.183,2,2,목표가 6만 ㅋ,['너무오르니 코인 같음 ㅋ']
2018.01.23 19:47,1099,hur1****,211.212.***.24,0,2,"전에 월 얼마주고 가입한 싸이트에서 지금은 안하는데 그당시 그 고수(?)님께서
사라그래서 샀다 여태 5~6년 갖고 있는데 최근 오르길래 팔까 생각중인데
3만원 넘을까요?
제가 산 가격은 31800원입니다","['불곰??? 하~~~나도 물린게 한두개가 아니다....', '고생하셨습니다. 고수가아니라 사기꾼이네요... 쩝\n이제 주목을 받고있고, 자동차 관련주는 올 하반기에 더 좋을겁니다. 이왕기다리셨으니 웃으며 나오시는게 좋을듯합니다.\n디만 4만원 가까이 간다해도 5년이면 저축은행 이자보다 나은 수준이군요 ㅠ', '헐~~/']"
2018.01.23 19:29,1294,fors****,222.107.***.238,1,3,"삼성에서 자동차전장품 사업진출하려면
뭔가 하나는 잡아들여야 하는데....
에스엘 잡아!!!!","['다니고 있는데.. 그럴일 절대 없어요 ㅠ... 그랬으면 좋겠네요..', '제발 좀 잡아라ㅋㅋ나도 삼성이고 싶다 ㅋ']"
2018.01.23 16:36,646,mira****,117.136.***.130,0,1,Y 만 있으면 입생로랑,[]
2018.01.23 14:22,739,skj7****,61.99.***.60,1,0,먼일이에요?기절할뻔,[]
2018.01.23 12:24,1571,okok****,175.223.***.184,2,1,"실적성장 모멘텀은 갈수록 커지고 있다
￦//성장모멘텀은 갈수록 커지고 있다//올해 실적 더 좋다 // 실적 성장성 & 해외물류기지 M&A, 해외물류 자회사 주식 상장 호재
올해 안정적인 실적 주가 반등세
자동화 물류 시스템
곤지암 물류 자동화 허브터미널 3월 가동☞물류 처리량 고속 성장 & 영업이익 증가
세계1위. 2위 < 미국 아마존 & 중국 알리바바 > 세계 최대 인터넷 판매 쇼핑 물류기업 운송
홈쇼핑.내수경기 상승호재로 물류 운송 택배량 계속 증가
성장모멘텀은 갈수록 커지고 있다
한국투자증권은 23일 CJ대한통운에대해 하반기 메가허브터미널 가동과 추가적인 글로벌 M&A(인수합병)에 따른 성장모멘텀은 갈수록 커지고 있다며, 매수의견을 유지했다.",['물류 하고 헤드라이트 생산과 뭔 상관 관계?']
2018.01.23 11:44,1043,sgy2****,211.36.***.209,2,1,좋네요,['우량주']
2018.01.18 17:10,958,taig****,1.230.***.73,2,0,"엘리어트 파동이론의 매매전략


급한 마음은 병든 것이고,

느긋한 마음은 건강한 것이고,

흔들리지 않는 마음은 신의 것이다.

- 메허 바바의 말이다.


주식시장에서 수익을 내기 위해선
신의 마음이 필요할 것 같다


- 차트의 기술 중",[]
2018.01.18 14:04,489,king****,223.62.***.73,2,2,"외인처돌리는거보고만잇을라면왜산거냐개관들
더러워서나간다
카악퉤",[]
2018.01.18 12:00,323,blue****,221.151.***.24,2,0,와 이리 흔들어 대노? ㅋㅋㅋ,[]
2018.01.04 09:38,1008,bmcg****,1.251.***.196,3,3,여기서 큰돈 벌어본 적이 없네요. 저하곤 안맞는 종목인듯ㅠㅠ 다들 성투하세요.,"['우량주', '진짜 안맞는듯 ㅋ']"
2017.12.22 09:53,868,kkle****,58.140.***.45,1,3,내리면또사고,"['이제 못살수도 있는데', '가마니에 담아서 가만히~^^']"
2017.12.20 20:48,1634,blue****,221.151.***.24,2,2,내일은 혹시 또 폭락하는거 아니냐? ㅋㅋㅋ. 요즘 개관들 그러짓 잘 하던데.. ㅋㅋㅋ,['대마불사~!']
2017.12.20 10:44,1072,maru****,211.36.***.193,0,3,"몇일전부터 째려보다가
오늘 아침에 담았습니다...
발기찬 하루되세요~~^^",[]
2017.12.20 10:21,861,juri****,175.203.***.240,1,0,흥아해운 이거 요즘 싼대 단타 가능한가요?,[]
2017.12.19 01:09,1743,all-****,117.111.***.254,4,3,"오늘 장중 본 느낌이 맞다면
내일은 이종목이다

내가 늦게 오더라도
사냥꾼 처럼 이종목 사냥해요

한온 흐름 보면서 자동차 부품주 같이 봤는데
이종목 내일 메이저 매수 날아온다 !!

그럼 내일 봐요 굴비25 ㅎㅎ","['오늘은 포스코 ict 로 뜹시다 ㅎㅎㅎ', '안녕하세요~~~오늘도 쉽지 않은 장이 되겠네요.,,', 'all님 빨리 보시고 지령(?)을 내려주셔야 할텐데요 ㅎㅎ', '티슈진 악재 공시 하나 떴네요 ㅠㅠ', '모두 수고하셨어요ㅎㅎ\n내일은 빨간 하루면 좋겠어요ㅎㅎ', '오늘장 끝났네요.ㅎ all님은 아무래도 달리고 계시는 듯..ㅋ\n한온은 기관이 어제는 많이 사놓고 오늘은 또 많이 팔았네요. 참 알 수없어~ 주식 참 알 수 없어요~~~ㅎㅎ', '오늘도 고생하셨습니다\n내일장이기대되네요^^', 'ㅎㅎ 오늘도 수고하샸습니다 ㅎㅎ', '날도 춥고 장도 춥고 고생하셨어요^^\n코스피 코스닥 낙폭 많이 줄였네요....\n마음은 따숩게~~ 낼 뵈요~~', 'ㅎㅎㅎ 지수도 많이 반등했네요 ㅎㅎㅎ', '이 어려운 장에 에스엘은 그래도 제자리 찾아가네요~', '아침시간 놓치고 망연자실 ...전의상실이네요ㅠㅠ...그래도 점심은 맛있게 드세요', 'ㅎㅎ 저번주 부터 장이 좋지 못하네요 ㅎㅎ 점심들은 맛있게들 드셨어요.??', '한온은 어제 올라서 그런가 낙폭이 과다하네요;;', '저는 한온 세일가에 추가로 담았습니다', '오늘은 제가 밖에 나와 있느라 폰으로 잠깐씩 보려니 모니터 여러대로 보시는 all님이 짱부럽네요ㅎㅎ\nall님 혹 오늘도 달리러 나가셨나요??', '역시 du님은 엘리트반. all님은 어제 달리시고 쉬고 계신가봐요~', 'du님 저 어제 확보한 현금으로 에스엘 들어가서(마이너스 중)아직은 위너 아닌 듯 합니다^^', '오늘은 또 왜 이리 퍼런지ㅎㅎ\n변덕스럽기 그지없네요ㅠ', 'ㅎㅎ 미국장 좋아서 기대했는데 ㅠㅠ 꽝이네요', '카카님 그러시군요ㅠ 요즘 유상증자 발표하는 기업들 여지없이 폭락인듯.. 자나깨나 내 종목 유증발표 걱정해야 하나요ㅎㅎ', '힘을내요 에스엘..', '어제 선생님,du님 들어가실때, 파라 같이 들어갔다가 좌절중입니다. ㅠㅠ 역시 도박주는 내가 할게 아니엇어;;;', '저도 카카오 유증으로 계속 떨어지네요 ㅠㅠ', '어제 다우 나스닥 좋았는데, 한국은 안좋네요.. 코스닥은 많이 빠지고...', '그렇군요.ㅎ 어떻게 흘러가는지 공부차원에서 봐야겠어요~~^^', '유상증자 : 결국 주가 희석 ( 주당 가치하락 ) 단기 악쟈 맞음', 'all님 재무구조개선을 위한 제3자배정 유상증자면 좋은거 아닌가요?\ncj제일제당 많이 빠지는데 악재인지 궁금합니다.', '오셨어요~!?! ㅎㅎ', '네 all님 그럼 전 절반털고 절반 가져가겠습니다~ 에스엘은 추가 매수 성공했습니다~', '카카 : 나는 좀더 가져갈건데 자금 부족하면 종가로 터시오 ㅎㅎ', '아이들 태워다 주고 오느라 이제 들어왔네요. 오늘도 반갑습니다^^ ㅎㅎ', 'xsma.. 이 댓글에 한마디 해야지?\n잘난 근성 보여 주랏!! ㅋ', 'all님 삼전 매수가 왔습니다~~어찌할까요?', '사냥들 잘하고 있나요 ㅎㅎㅎ\n이제 종목 매수 하는 재미를 좀 느끼면서 하는군 ㅋㅋㅋ', '23200원 일부 매수 후 일부 밑에 받쳐놨습니다', '안녕하세요.', '화이팅입니다ㅎㅎ', '좋은 아침입니다~!', '안녕하세요 ~추운 아침이네요 오늘은 자율학습시간인가요?ㅎㅎㅎ', '굿모닝입니다~~~~', '안녕하세요 all님 안오시면 엘리트반 du님이 매수가 알려주시겠죠ㅎㅎ']"
2017.12.15 09:42,761,hjs4****,211.36.***.99,0,0,기관과 외국인물량이 대부분이여서 둘의 싸움이지,[]
2017.12.14 15:41,1363,ui38****,59.14.***.28,0,1,왜 이렇게 빠지지,"['아님 슬슬 진짜 3개월내 전쟁안나면 북한 핵보유국 된다니 전쟁준비하던가.. ㅋㅋㅋ..', '그냥 박스권 운동임.. 위에 갔으니 도루 아래 가는거지.. ㅋㅋㅋ', '매일물타기해서살돈도없다인제ㅋㅋ\n내평단은산인데ㅋㅋ가격은지하에잇네', '시간외 살수 있으면 이런날은 사두면 좋을듯']"
2017.12.14 15:09,766,hjs4****,211.36.***.99,0,0,잡주소리를 안들을까,[]
2017.12.14 12:25,1162,fors****,124.243.***.149,0,0,M&A 가능성이 높은 주식임에 틀림없다고 본다........왜 그런지는 기관 동향을 보면 되지롱~~,"['물량잡아두고기관들끼리돌려팔면수익중ㅋ\n그냥잡주', '에스엘은 돈이 현금이 많은 회사...\n주식수가 별로 없다던데....']"
2017.12.13 14:02,683,smil****,183.105.***.98,0,1,무슨 일 있나요?,"['이러다 종가는 보합일수도 있음', '원래 이럼 뭐하는지 거래량도 없는게 변동폭이 자주 지랄함']"
2017.12.13 07:51,645,kis_****,106.59.***.121,0,0,"최강 한파에 독감주의보 까지..

모스크바 보다 더 춥다네요 제길 ,.

오공 마스크 이슈함 되나? 보면서

감기들 조심 합시다",[]
2017.12.12 15:37,820,blue****,221.151.***.24,0,0,"배당이 적기 때문일거야.. 1%대가 뭐냐? ㅋㅋㅋ.. 좀만 올려봐라.. 그럼 이거 황금알된다.. ㅋㅋㅋ

글구 기관들은 대주주 물량 빼먹으니 배부르냐? ㅋㅋㅋ",['어차피 대주주 물량은 기관들이 다 받아감']
2017.12.08 12:50,336,hjs4****,117.111.***.72,0,0,거래량이 예술적으로 소외받고 있네,[]
2017.11.29 14:14,375,e000****,175.223.***.68,1,2,"장난아닌데 ??
신규입성 어찌보시나요",[]
2017.11.27 13:00,397,jiae****,223.39.***.124,1,1,외인에 지면 안됨 ㅜ,[]
2017.11.24 15:42,362,h952****,112.163.***.96,3,0,"대단하다 대단해~~ㅋ
이건 뭐 욕해놓고 또 이런글올리는거...
니가 꿩이냐? 풀숲에 대가리 박고 니 눈에 안보이면 다 끝나는거임?? 이때까지 토론방에 니가올린 안티글은 우째~?
아~ 니가 다 지워서 괜찮을거 같냐?? 이넘아 니 글 읽은 사람들은 다 기억한다~ 네가 어떤 놈인지... 에이 게토레이 가튼넘!!",[]
2017.11.28 22:36,285,h952****,112.163.***.96,1,0,xsma*** 이ㅡ쉬키 또 지글 지우고 나갔네...,[]
2017.11.22 11:40,325,hbmk****,121.167.***.229,0,0,특별히 내가 잘못한 거라도...?,[]
2017.11.21 20:52,498,sosa****,223.33.***.158,4,1,"아들은 실적 발표전에 대량매도
딸도 덩달아 최근에 지속매도

이런 회사 강력조사해서 나오면 처벌필요.

쓰레기회사.
실적이고 지x이고 대주주 할인블락 돈 아까워서
장내매도 하는 신뢰꽝인 회사는 접근조치 금지","['금감원에 조사요청 해야 함', '에스엘미러텍과 서봉을 주목해보세요..']"
2017.11.21 09:43,213,h952****,118.35.***.48,1,0,"야 이넘 xsma****야!!
얼마전까지 네가 그렇게 오를거라고 쓴 글은 뭐냐?
방금 찾아보니 또 다 지웠드라...
내가 여기서 널 본지 3년 되어가는데~ 가치투자하는 사람들 꼬득여서 너사면 사서 오르게 하려고 사라고 꼬시고 너 팔고나면 이주식 개잡주네 하며 팔게해서 값 떨어뜨리려고하고... 참 한심하다 한심해! 여기 게시판 보고 있는 사람들은 너가 한 행동 다 기억할거다.
이제 까불지 말고 꺼져라!! 지금보니 너 손절한거같네 ㅋ 이주식 까는거보니~ㅂㅅ
너가 팔았으니 이제 괜찮아지겠네 ㅋ",[]
2017.11.21 21:01,105,h952****,112.163.***.96,1,0,"손해는 니가 봤겠지~

내가 이때까지 니가 여기서 한 짓들 다 나열해보까? 아니면 아니라고 얘기해봐~

*** xsma 안티짓의 역사
1. 3년전부터 안티 짓 start~
2. 25000원까지 올랐을때 쓴글 다 지우고 3만원까지 오른다고 사라고 난리를 침.
3. 이후 떨어지니 팔았는지 다시 안티 짓 restart~
4. 그러다가 14000원대까지 떨어지니 10000원 깨진다고 팔아라고 난리침.
5. 그 이후로 쭈욱 여기서 안티짓함!! 얼마전까지...
6. 22000~23000원까지 오르니 다시 지가쓴글 지우고 사라고 부추김.
7. 그러다 그저께부터 다시 안티짓 시작!!(다시 손절한걸로 추정)

이넘아~ 내가 너 하는짓이 하도 한심하고 기가차서 다 기억을 한다~ 여기 토론방에 오시는분들 아마 니 아뒤 다 기억할거다... 다시는 여기 얼씬대지말고 짜져라! 한심한넘...ㅉㅉ","['ㅋㅋㅋ', 'ㅋ\n그래서 한심한놈 임 ㅋ']"
2017.11.20 19:29,970,hahu****,106.242.***.245,5,3,"대주주가 앞장서서 주식을 팔아치우는데 무슨 비전을 보고 투자하겠습니까?
본인은 23,000원 매수했는데 오늘 20,750원 전량 손절하고 나왔습니다.
아버지가 고생해서 일군 회사 자녀들이 말아먹고 있습니다.
에스엘 주식갖고 계신분들은 심사숙고 하시기 바랍니다.","['대주주가 누군지 다시 확인하시길', '16일날 내가 니가 쓴글에 답글 단거보면 니가 지운글이있다 ""저점매수하하고 했죠"" 그날 29500원이었다!! 니가 사라고 부추켜놓고 여기서 이런얘기를하냐? 안부끄럽냐?? ㅉㅉ', 'xsma**** 니가 한심하다...ㅉㅉ', 'ㅋ 조금 오르면 또 없어 질 애들 ㅋ\n한심한 녀석']"
2017.11.20 11:43,409,agne****,175.223.***.134,0,0,"대원산업 합시다~

익절하길 잘했네요 ㅋㅋ 일주일 만에 5프로 수익중",[]
2017.11.16 17:11,618,agne****,182.172.***.70,1,1,"오늘 종가에 거의 다 털었네요. 수익률 30% 남짓.

괜히 욕심 부리다가 수익률 10%p나 날렸습니다. 아쉽네요.

과거 패턴을 보면 1.7만원 정도까진 주욱 뺄 거 같은데요.

그 때 저점에서 다시 잡으면 세 번째 박스권 매매네요 ㅋ","['대원산업도 가지고 있어요 ㅋㅋㅋ 요거 팔아서 대원이 삼', '순이익은 차라리 대원산업이 훨씬 잘 납니다.\n분기당 순이익 100억 내외로 나지만 시총은 1700억에 불과한 황금주식입니다.']"
2017.11.16 21:42,184,h952****,112.163.***.96,1,0,"xsma**** 저점에서 매수하라고?? 이넘 참 뻔뻔하네
이제 관심 좀 꺼라~~ 얼마전까지 개잡주라고 난리더만... 또 고점에서 물렸냐? 불쌍한 넘... 니가 이런글 올리면 안부끄럽냐?? 니가 올린글 지운다고 에스엘 토론방에서 네가 한 욕이얼만데 사람들이 모를줄아냐? 아마 얼마안가서 또 팔고나서 에스엘 욕하고 다니겠지? ㅂㅅㅇ!!",[]
2017.11.16 14:54,267,sosa****,223.33.***.236,2,0,"강력 조사 필요
그리고 엄단
오너들이 이딴 짓을 하는 미개한 회사",[]
2017.11.16 12:30,370,sosa****,223.33.***.236,1,0,"누가봐도 그런 의심 하지 않나?

대주주가 실적 발표전 집중매도!

아니라고?

그걸 믿으라고?

에라이","['에스엘 대주주가 인터뷰한거 보니까, 이제 사회공헌에도 눈을 돌려야 한다고 했던 것 같은데,\n이제 수익성 보다는 일자리 많이 만들고 사회공헌 하는데 주력하겠다는 뜻 아닐까요?', '대주주들이 주식은 별 생각이 없나보지.. 지금 가격이 높다고 파는거 보면.. ㅋㅋㅋ. 큰 꿈이 없군.. ㅋㅋㅋ', '기부를 이야기하는게 아님', '둘째 아들이 판 주식을 이야기하는 것임', '기부라고 뉴스 나온거 같은데.. ㅋㅋㅋ', '금감원 조사들어가야 한다']"
2017.11.15 07:15,588,sosa****,223.62.***.174,2,0,"어닝 쇼크 다 알고 실적 발표전 오너 대량매도

이런회사 왜 투자하나?

이건 신고해서 미공개 정보 이용으로 처벌해야한다

기관들 합병할까 싶어 사는데

이회사 그리 만만한 놈들 아니다",['이승훈이 못 됐네.\n\n실적 개판일거 알고 실적 나오기 전에 재빨리 다 팔아치운거 아니냐?\n\n오너가 인성이 왜 그러냐?']
2017.11.14 15:52,311,agne****,182.172.***.70,0,0,왜 얘는 실적이 안 나오죠? 흠...,['아 씨바 망했네 ㅠ.ㅠ']
2017.11.13 19:38,461,fors****,222.107.***.238,0,0,"PER가 7밖에 안되네요~
14정도 될때까지 GO~!!",[]
2017.11.08 14:04,770,hbmk****,39.7.***.107,4,0,"인듯합니다... 제가 둔감한 편인데 티나게 운전하네여... 방향은 모르나..
몬가의 움직임이 불안하진 않은 것은..
회사가 무럭무럭 자라고있어서 입니다....",['매도물량을 받고 치고올라가야하는 수급이맞긴합니다만\n대주주지분으로 거래되는 이주식은 별로 반갑지않네요\n조금더올라가더라도 17.000~18.000까지 떨어지면\n대주주쪽에서 쳐사기시작하겠죠 이런 회사는 그냥패쓰\n익절하고 떠납니다~.']
2017.11.07 16:04,637,slam****,122.46.***.93,2,1,"양매수라 판단하고 종가 입성~
낼 상승 나오겠죠~",[]
2017.11.07 09:16,541,gktj****,39.116.***.190,2,2,"에 주가가 하락할 이유 가 없다.
단기적으로 오르기는 제법 올랐다.
그러나?
지금의 주가 은 기업의 자산,매출,이익,적정 가치 수준 !!!
앞으로 발전,성장, 은 반영되지 않하였음 !!
자동차의고급화 와 더블어 램프는 점점 고급화 로 발전 무궁무진,,,,,
매출이 증가밖에 할수 없는 시장구조.....",[]
2017.10.31 11:33,541,gktj****,39.116.***.190,0,0,나 경제에서나 영원한적도 영원한 우방도 없다,[]
2017.10.26 13:04,575,8141****,223.33.***.67,0,1,주식의 주자도 모르는듯 쭈욱 지켜봐는데 불상,[]
2017.10.24 13:18,1340,kimd****,45.77.***.15,0,0,"*** 씨티엘 (036170)

씨티엘, 삼성전자 인수 ‘하만’에 차량전장용 LED 공급

씨티엘 대박 스멜 아닌가?


아자아자 대박 가보자

세계최초라잖아 !!

삼성전자(대표 권오현, 윤부근, 신종균)가 시험인증 기관인 TUV SUD(티유브이슈드)와 함께 발광다이오드(LED) 전장부품에 대한 공동 시험 프로그램을 개발했다고 24일 밝혔다.",[]
2017.10.23 21:54,635,ahju****,14.54.***.37,0,1,철긍콩크리트 바댁종모게 틱증이 올릉그츠름 허데가 내리쌔리때리 방능그심 ...대시로 바댁으 학인허구스리 올르능그르 시도헐끄스루다 보믄델꺼각쿠먼유,['틱장애는 창피한게 아닙니다. 가까운 병원을 찾아보시는걸 추천드리겠습니다.']
2017.10.17 10:00,751,ahju****,14.54.***.37,0,1,추버지구 단두리헐때가 만으이 빠리 빠리 시지마구 가자 ..기둥아내 아쥬마이 시믄스 추스레쓰이 힘줌 써보재이...이자 간대구 머랠사라미 읍대이...,[]
2017.10.07 20:53,1055,moon****,110.70.***.53,0,0,"안녕하십니까?
공매도에 많이 시달린 개인주주입니다

주가를 왜곡하는 공매도 폐지 동참을
구하고자 이렇게 게시하게 되었읍니다

적극적인 참여 부탁드리고
모두 성공투자 하시기 바랍니다

http://www1.president.go.kr/petitions/15602

해당 주소로 이동하면 하단에 있고 10.20일 마감이고 본인의견 기술후 간단히 동의할수있으니 개인주주는 모두 참여합시다

스마트폰에서 간단히 할수있으니 모두 동참해 주시기 바랍니다

아울러 네이버 토론방 글쓰기가 1일 50건으로 제한되있어 뜻있는분들이 시간되실때 이내용을 조회수가 많고 전파가 안된 종목에 게시해 주시면 정말 감사하겠읍니다

수많은 국민이 원한다면 대통령께서
그냥 지나치진 않을거라고 생각합니다

이번 한가위 가족분들과 즐겁게 보내시고
명절후 좋은결과가 있기를 바래봅니다",[]
2017.09.26 14:21,2635,hih2****,125.130.***.54,7,4,17500~18000원 매우 높은 확률로 다시 옵니다..,"['아이디 바꿔가며 앵벌이짓 하네.', '지금은 다이빙 하여 뛰어들 때', '지금 들어가면 불나방 됨.ㅋㅋ', '3월까지 3만원 예상합니다. ㅎㅎㅎ', '뭘 믿고 그런말을..닭쫓던 개 지붕 쳐다봅니다.지금이라도 올라타세요.']"
2017.09.22 15:08,1781,pshw****,211.44.***.26,3,3,11500원에 걸어놈,['ㅋㅋㅋㅋ ㅋㅋㅋㅋㅋㅋ']
2017.09.22 14:15,1041,jump****,223.62.***.41,2,2,개인만 그래도 매수중이니 앞이보이네 ㅎㅎ14000원에 와야지,"['참 일관성 있네.', '한심한 녀석 ㅋ\n추석도 다가오는데 나이값 해라 ㅋ']"
2017.09.22 10:30,660,jump****,223.62.***.41,3,3,개인만 매수 지하를모르고 하락하여도 개인은 하락종목만 사모으니 한심 가랑비에 옷젖는 속담 떠올려야함,['이런 사람도 결국은 기관이랑 한통속이라는거 아닌가? ㅋㅋㅋ']
2017.09.20 13:53,1229,jump****,223.62.***.203,5,2,개인만 또속고있네요 자동차관련 가망없다해도 설마가 시람잡는법,['나이값 하라니깐?']
2017.09.11 09:56,1202,akgk****,124.50.***.252,3,1,중국내에 한국 자동차 시장 냉냉~,[]
2017.09.08 10:42,636,dydt****,39.7.***.65,3,0,진짜,['아니면 죽는다 해야지\n말은..ㅜ']
2017.09.03 12:04,601,bums****,223.62.***.87,4,2,목표가 18000원,['아직 목표가까지 -10% 더 하락']
2017.09.01 10:31,617,jump****,223.62.***.168,6,1,하락폭줄임에 속지마세요그동안기관 매수물량 많아서 털고 13800원선 재매수가능,"['구체적인 이유. 는.........', 'ㅋ 한심한 놈 ㅋ\n나이값 해라 ㅋ']"
2017.09.01 09:34,763,jump****,223.62.***.168,5,0,하락하는주식은 지하층 끝을알수없는데 설마하고 개인은 매수로일관,[]
2017.08.31 15:29,497,hih2****,125.130.***.54,3,2,미련하게 들고있지 말고 다시 들어갈 기회 충분히 줍니다..,[]
2017.08.31 10:29,268,dont****,223.33.***.100,0,1,이거 지금 들어가도 되겠습니꽈?,[]
2017.08.31 09:38,690,jump****,223.62.***.6,3,2,무조건 피하세요 후회하지말고 기회는또있으니,[]
2017.08.30 12:00,466,jump****,223.62.***.52,1,4,낙폭줄이면 개인매수들어오는거 기관은 알고있지요ㅎㅎ,"['팍팍 던지면서 누르는거 하나금투..', '거래처별 키움 관망세로 소폭 매도.. 위에 누르고 있는거 메릴린치, 한투랑 모건이 사고 있음.. 바로밑에서 쬐끔 받치는거 삼성.. 몇십주씩 깔짝대면서 사는거 키움..']"
2017.08.30 11:32,251,jump****,223.62.***.52,2,0,상승장에 이정도로 하락하는것은 분명문제가있다는거 아시죠 정말뉴스 확인하시고 주의하길,[]
2017.08.30 11:08,560,jump****,223.62.***.49,2,1,개인만 엄청매수중 내려도 한참더내릴듯 14700원찍고,[]
2017.08.30 10:57,247,ses1****,210.104.***.3,0,2,ㅠ.ㅠ.ㅠ. 살려줘,[]
2017.08.30 10:28,76,abs3****,39.7.***.122,0,0,알바생 한가지만해야지 속아주지 진짜 돌이구나 한자리서 이놈저놈 사라하면 누가니말믿을까 K×홀K××케미×,[]
2017.08.29 10:17,437,jump****,223.62.***.98,2,1,대내외적으로 불안 특히 자동차주 매수보류답인듯,[]
2017.08.28 12:00,289,jump****,223.62.***.207,1,0,기아 소송결과따라 폭락할수도,[]
2017.08.28 11:35,154,abs3****,220.81.***.207,0,0,티난다그마해라,[]
2017.08.24 13:54,366,jump****,211.36.***.13,0,0,자동차주. 가능성없음. 앞으로. 말이맞는지 꼭 확인바랖,[]
2017.08.24 10:43,361,jump****,211.36.***.1,0,0,오늘. 미련 갖지마세요 전일 기관매수로해놓고. 오전장낙폭줄였다 늘렸다. 개인매수유도중,[]
2017.08.24 09:12,204,jump****,211.36.***.1,1,2,하락으로갑니다. 어제개인꼬시기였음,"['지금까지 계속 예상 적중하고 있네요. 대단함', '짬쁘\n인생을 대충 대충 사는구나 ㅋ\n한심하다 ㅋ\n이젠 동정심도 생기네 ㅋ', '제대로 하는게 없네 ㅋ\n한심한 놈 ㅋ']"
2017.08.23 15:05,417,jump****,106.102.***.152,0,0,또시작,['너 수능은 봐야지.너가\n쓴 글 의미는 아니...국어영역 못하면 수능은 망친다...']
2017.08.23 13:21,344,jump****,106.102.***.152,0,1,거래량봐서는. 오르기힘들고. 오늘역시 전강후약으로 가능,[]
2017.08.23 09:48,323,jump****,211.36.***.129,0,1,오늘 거래량트면서. 상승하지않는한. 개인만걸려들게됩니다. 잘판단하세요,[]
2017.08.22 11:49,231,jump****,117.111.***.240,1,2,며칠간하락했으니 개인들매수뻔한일 빨간불들어오면. 무조건 매수하는걸 알고있음 개인매수시 오후장 매도할건. 뻔한일 속지마세요,[]
2017.08.21 19:53,240,jump****,117.111.***.156,0,0,내일개인매수유도하느라 장후반 매수로 만들어놓음,[]
2017.08.21 15:18,177,678o****,121.171.***.73,2,4,종가가 중요하다.,['니미']
2017.08.21 15:18,328,jump****,117.111.***.106,0,1,개인둘만놀고있네,[]
2017.08.18 15:08,298,blue****,220.118.***.235,0,2,"원래 네이버 정보 가끔 개판인거는 알고 있지만 종목 분석에 기업개요에 다 좋은데 마지막에

""매출구성은 여성내의류 96.4%, 임대수익 3.1%, 기타 0.5% 등으로 구성""

라고 되어 있다. 누구 보면 의류관련주인줄 알겠다.. ㅋㅋㅋ
자동차 부품주야 자동차 부품~","['나도 그래서 매수했었다가 2퍼손절침 아 ㅅㅂ', 'xsma***> 넌 도배하느라 고생많다~ 열심히 해라~ ㅋㅋㅋ', '개같다니? 나 여기서 많이 벌었다~ ㅋㅋㅋ', '쯧쯧. 개같은 종목 만나서 고생많다.', 'ㅎㅎ']"
2017.08.18 09:08,190,jump****,220.86.***.194,1,3,전일저점밑으로. 찍음. 상승불가. 당분간 관망 거래량도저조,['제대로 된 예상하는 사람은 이사람 밖에 없음']
2017.08.17 11:00,308,jump****,220.86.***.194,1,4,실적관련 뉴스. 오후장급락조짐,['한심해라\n어떤 투자방법을 선호하는 지는 본인의 취향이므로 좋다 나쁘다를 따질 필요는 없다고 생각하는데\n님들의 행태는 정말로 안좋은 행태 같네요\n자꾸 사람들에게 매매를 부추기는 행동을 하지 말기 바랍니다.\n뭐 한달내내 맨날 급락조심이야\n그렇게 급락이 두려우면 주식사지 말고 은행에 저축하셔요\n밤에 잠이나 잘 자나 모르것네\nㅉㅉㅉ']
2017.08.17 09:44,182,jump****,117.111.***.25,1,2,11월이후관심. 이유는 오후장급하락후 뉴스확인,[]
2017.08.16 16:17,266,blue****,220.118.***.235,3,1,"요즘 개인 매도, 외인, 기관 매수.. 기관중 일부는 매도.. 기관 대부분은 매수..",[]
2017.08.16 15:13,268,jump****,117.111.***.211,1,1,익일 더하락가능 외인 지나친매도,[]
2017.08.16 14:44,274,blue****,220.118.***.235,3,1,"영업실적은 나뻐졌는데 현금흐름표보다 보니 반기자료에 매출채권이 446억이나 잡혀있는거임.. 돈 받을거 못받고 채권으로 가지고 있는거면 영업이익이 준거처럼 보이지만 실제로는 저만큼 더 받을거 있는거니 무지 좋은거 아닌가 했는데 작년이랑 비교해 볼려고 보니 작년엔 매출채권이 마이너스에다 1480억이나 마이너스인거임.. 여기서 맨붕이 오는거임.. 왜냐면 작년엔 걷보기엔 실적이 좋아걸랑.. 이해가 어려움.. ㅋㅋㅋ

영업이익은 줄었는데 기타수익이 엄청늘어 당기순이익은 엄청 좋아졌는데 기타수익의 정체가 뭔가 포괄손익계산서를 보니 해외사업장환산외환차이가 51억이나 되는거임. 보니 인도랑 중국 환율 2분기에 급락한게 반영된건가 했음.. 근데 현금흐름표에 보니 외화환산이익은 33억 손실로 손실이 더 늘었음.. 현금과 고정자산의 차이니 이건 뭐 플러스 마이너스 별로 상관없을거 같고..

현금흐름표는 분기데이타가 없고 반기데이타만 있어서 좀 비교가 어렵긴 한데 대충보니 회사가 많아서 그런가 숫자들이 장난아니게 큰데 실제 플러스 마이너스해서 반영되는 데이타는 큰 숫자들의 1/10 정도인데 갑자기 새로 생긴 항목들 숫자가 그렇게 크고 한두개면 모르겠는데 좀 많다보니 (외화환산이익, 투자자산처분이익, 매출채권, 재고자산, 차입금의 상환등등..) 해석 포기~ ㅋ~

단지 영업이익은 줄어보이는데 영업활동현금흐름은 엄청나게 늘었고 투자활동 현금흐름은 마이너스인데 여긴 별차이는 없고.. 단지 재무활동현금흐름이 엄청나게 마이너스로 변했음..

즉 플러스 마이너스만 가지고 보면 성장그룹에서 초우량기업으로 변신중?

난 차입금의 상환이 플러스에 상환했다는건줄 알았는데 (쓰여진 의미로 보면 플러스는 쓰여진대로 마이너스면 반대아닌가..) 근데 마이너스가 상환했다는 의미인가 보네.. 맞나..

하여간 양아치들 말고 성실한 분의 해석이라던지 내가 이해한게 맞는지 가르쳐주기 바람~","['기타수익 238억 중 관계기업투자자산처분이익이 200억 입니다. 주석에 있습니다.\n그래서 대폭 기타수익이 증가함\n\n영업현금흐름은 반기순이익 659억원에다가\n손익계산서의 비현금항목 조정하니 현금증가 168억원이고\n재무상태표의 영업활동 관련 자산, 부채의 증감을 조정하니 155억원 증가하네요\n근데 운전자본조정 항목의 조정한 숫자들이 2016년 기말이랑 비교하니까 숫자가 이상하네요', '공감만 하지말고 뭐라고 말을 해봐~ ㅋ~']"
2017.08.16 14:02,179,jump****,117.111.***.243,1,1,지금이시간중요. 외인 엄청난매도에. 낙폭줄이는이유. 개인매수엄청남,"['jump가 이 게시판에 가장 잘 예측하는 사람임', 'xsma..\n오구오구 나랑 말 장난하자고?ㅋ\n좆냐? ㅋ', '월요일에 jump 님 말듣고 매도한 사람\n십년감수했네', '궁금해서\n남 돈벌게 해 주지 말고\n본인이나 투자해서 부자 되세요.\n남들은 알아서 하것지요.\n아니면 말고식..이런글도 적지 마시고..ㅜㅜ']"
2017.08.16 13:31,229,jump****,220.86.***.194,0,0,판단헷갈리게함낙폭줄이면서 거의보합갖다놓은후 장종료10분전부터 오전장으로돌아갈듯,[]
2017.08.16 12:41,246,jump****,220.86.***.194,0,2,낙폭줄이면서. 개인들 엄청 매수 오늘오전외인들8만 가까이매도,[]
2017.08.16 10:38,206,jump****,117.111.***.67,0,0,외인들 그동안 매수. 오늘 다 매도로. 들어감 정보미리알고 매도중. 뉴스나오면 개인도 매수로전환 폭락할듯 증권사는 정보알고있음60프로이상. 이익줄음,[]
2017.08.16 09:46,227,jump****,220.86.***.194,1,1,영업이익 급안좋아짐. 4분기이후 재차관심. 금일낙폭줄일시 개인매수 유도 아직영업이익얼마나안좋은지 공지안하고 팔아먹고있음,[]
2017.08.16 09:20,286,chun****,223.62.***.233,0,0,실적도굿인데,['워런버핏ge전량매도']
2017.08.16 09:19,221,k675****,211.36.***.229,1,0,넘심하다 이제 그만 흔들어라 멀미난다 상한가 가려고 발악하나보다,[]
2017.08.16 09:04,233,danh****,223.63.***.230,0,0,초장부터 왜이러냐????,[]
2017.08.14 15:59,287,shim****,106.251.***.187,0,1,매수시점 놓쳐서 짬쁘하것네 ㅋ,[]
2017.08.14 12:45,187,he3s****,211.36.***.179,0,0,야는 잘 나가네..,[]
2017.08.14 11:17,208,jump****,117.111.***.82,0,0,금일23100원찍지못할시. 하락시점,[]
2017.08.14 11:03,199,jump****,117.111.***.82,0,0,며질내. 급하락가능. 자동차관련주. 11월이후. 매수시점찾아야할듯,['좆냐?']
2017.08.11 13:49,225,jump****,211.36.***.5,0,4,지금부터. 추세확인. 주가 흔들며 개인매수. 꼬득임 주말이. 껴있으므로. 다음주로 매수미루는게 안심,"['좆냐?', '진짜 너 왜 그래.혹시 병있니.']"
2017.08.11 12:34,166,shim****,106.251.***.188,0,1,ㅋ,[]
2017.08.11 10:55,136,perf****,119.205.***.215,0,0,더꼬라박을 꼬라지네,[]
2017.08.11 09:48,224,jump****,211.36.***.232,0,0,어제상승은 개인꼬시기 오늘하락시 개인매수 뻔한일 오전장 하락심할듯,[]
2017.08.10 15:51,149,sm20****,223.62.***.173,3,1,너희 부부지.한명 또 있는데 평균 구하는 애는 초딩아들이고,['이 글은 xsma..가 즐거워 합니다.']
2017.08.10 15:34,170,hbmk****,125.143.***.140,0,0,ㅠㅠㅠㅠㅠㅠ,"['아이디 보니까 맞는것 같네\n신상현 형이다.\n이 글은 볼 수 있을지 모르겠네\n연락처 바뀐것 같던데\n블로그에 글도 남겼었는데\n경민아 010-3954-1559로 연락줘', '짬프에게']"
2017.08.10 15:32,146,shim****,106.251.***.188,1,1,ㅋ,"['ㅋㅋ', '오예 반등~♡']"
2017.08.10 13:27,165,jump****,211.36.***.89,2,3,"개인들 계속 매수유도중 다시 빨간


색이면 매수할꺼니까. 잠시올린후. 다시 읫꼬리후 매도","['네 글 보면\n만화 보는것 같아 ㅋ', 'ㅋ 애가 타냐?\n한심한 놈아 장끝나고 보자 ㅋ\n주식이라는게 이러는거다 ㅋ']"
2017.08.10 13:11,211,jump****,211.36.***.89,1,0,한동안 힘들듯. 외인기관 매도시작후. 하락,[]
2017.08.10 11:28,157,perf****,119.205.***.215,0,1,진짜 아니지 않냐? 시총7천억짜리가 흘러내리거나 떨어질때는 열라가볍네,"['개인빼고 기관 외국인인들 옵션하방이 수익 나는 구조라 물량청산해야.오후장 기대해봅시다.', '종지수가 반등해야 오릇 듯', '이건 정은이때문이 아닌거같은데 주포가양아치짓하는거지', '그냥 정은이가 풋 옵션 매수했구나 생각해요.']"
2017.08.10 10:53,133,jump****,211.36.***.89,1,1,역시. 윗꼬리가능,"['이런..아닌뎅.ㅋㅋㅋㅋㅋ', '백퍼 적중 ㅋㅋㅋ']"
2017.08.10 09:41,115,jump****,211.36.***.178,1,0,대외정세가 불확실하니. 후반에 위꼬리 달리고 하락가능. 신중히 매수,['ㅋㅋ 아직도 이런소리하구 있니.불쌍타']
2017.08.10 09:14,136,jump****,211.36.***.178,1,1,개인매수 유도. 잠시후 확인 해보세요,"['좆냐?', '아님 말고..ㅡ\n이런식 멘트는 쩜ㅜ ㅋㅋ']"
2017.08.09 13:35,186,jump****,211.36.***.58,1,3,거래량부족으로. 약간상승 은. 누구나알듯 개인매수유도. 하락장상승은. 개인들꼬시기 충분,['어제 꼬심을 수동했다.이넘아.']
2017.08.08 14:00,207,jump****,211.36.***.145,1,2,낙폭줄이기 힘들듯,"['그냥 넌 지구를 떠나라 ㅋ', '기관.외인 매수다\n눈 어따두고 다니냐?']"
2017.08.08 13:16,198,jump****,211.36.***.145,1,2,개인매수유도. 낙폭줄이더라도. 선듯 매수하지마세여. 장종료시 훅갑니다,"['이런 인간은 왜 사는지 궁금 ㅋ', '좋냐?', '그래 난 또 매집했다....속아 보자....속아보자..너 말대로...속아보자...급식아']"
2017.08.08 12:17,213,syne****,49.164.***.155,2,1,풀베팅할때다 !!!,['ㅇㅋ']
2017.08.08 10:25,145,jump****,117.111.***.176,0,2,설마했지만. 이렇게 되었네요. 지금이라도 늦지않았어요. 더후회하지않길,[]
2017.08.08 10:11,168,jump****,117.111.***.176,0,1,기아차 주가 확인하면서 에스엘관심. 강한하락,[]
2017.08.08 09:35,185,jump****,117.111.***.176,1,3,자동차 과련주 당분간 힘들듯 기아차 하락심함. 이럴땐 일단 다른곳피신 더 하락시 매수관심 19000 원대 가능,"['진짜 패소하면 19000원도 비싸다.급식아.패소 안하길 바래야지 아무것도 모르면 헛소리하지마.급식아.', '뭘알고 씨부리니.급식아.']"
2017.08.07 14:44,219,jump****,106.102.***.146,1,6,상승장에 거래량줄고. 기관 외인매도 개인매수가능,"['전 달 24일에 한달 이상은 관심주지 말라고 하시더니\n계속 오시네요.', '맞습니다. 주의구간']"
2017.08.07 11:47,222,syne****,1.252.***.87,0,2,"시장은 개발기하는데 이놈만 안서나?

이래도 되나?",['조심해야할 구간임\n더 이상 크게 오르기 힘듬']
2017.08.04 14:18,481,jump****,211.36.***.240,0,3,금요일이라 불안합니다,"['jump님 고생이 많아요\n일주일 동안 에스엘의 주주들을 위해 호가창을 지키는게 쉽지 않을텐데\n주말동안 계곡가서 잘 쉬시고\n다음주도 부탁해요\n님이 있어 토론방이 심심하질 않아서 좋아요', '금방 5만가것다\n22300원에 살려니 겁나냐? ㅋ\n날아가 버렸으니\n계속 눈팅만 해라 ㅋ\n한심한 놈 ㅋ', '좋냐?']"
2017.08.04 13:13,176,jump****,211.36.***.240,0,4,상승하기엔거래량부족. 장대음봉가능보임. 다음주지켜보고판단,['언제나 에스엘의 주주들의 이익을 위해 노력하는 님의 모습에 그게 감명받았습니다.\n에스엘의 주가 흐름을 항상 알려주시니\n고맙게 생각할 따름입니다.\n제가 감사의 표시로 선물을 드리지 못하니\n옆에 빵집 있으시면 손수 팥빙수 하나 사서 드시기 바랍니다.\n거듭 거듭 고맙습니다.']
2017.08.04 10:28,192,jump****,211.36.***.240,0,4,과연 오전장22300원 안착하면 매수생각해볼수있으나. 금요일이라는게. 맘에걸림,"['그리 자기가 맞다고 자랑만 하고 엘셀 주식은 없나보네 ㅋ\n하긴보는 안목이 있으면 어제 마감때 삿겠지 ㅋ\n고로 열등감있는 빈 껍데기란 말이지 ㅋ\n지금은 이제 무서워서 못 덤비고\n계속 악순환에 눈띵만 하는 반에서 어중간하는 놈이지 ㅋ', '좋냐ㅋ?', '아직도 없니.다른 종목 많다.가라.미련 갖지말고.너하고 이종목 안 맞다.종목 비난하는 넘이 산다고 한심.']"
2017.08.04 10:12,183,jump****,211.36.***.240,0,2,22300원돌파시. 매수유효. 그이전은 불안,"['좋냐ㅋ?', '좋냐?']"
2017.08.04 09:06,279,jump****,117.111.***.173,0,2,500주로300원올리고있음. 주의바람,['좋냐?']
2017.08.03 10:39,152,hbmk****,39.7.***.227,0,1,"기준 가격과 거래량으로 미래가격을 예측하는 방법은 사후적으로 예측치에 근사하게 움직였느냐로 평가가 가능합니다.
다만 그 기준점을 수시로 변경시키며 주장의 정당성을 제시하는 것은 자기모순이죠.
쉽게 말해서 추세를 식별하지 못했다는 것이며, 기우제를 지내는 것과 다름이 없겠죠.

동사의 기업가치는 현시점에서 이익가치만 두고보면 동종 업계와 비교해 비싸다고 볼 수 있겠으나, 동사가 보유하고 있는 현금성자산 및 비영업용자산과 관계사의 비영업용자산을 지분율로 환산 한 것의 화폐금액단위의 환산액은 동사의 시총의 절반은 아주 가볍게 넘길 수 있다는 것을 감안해야 할 것입니다.
영업위험 또한 p*q의 관점으로 분절이 가능하다 생각하는데 우선 q의 관점에서, 동사의 현기차 의존도는 60%로 타 부품사에 비해 매출처 다각화가 우수하다고 볼 수 있습니다.
현시점에서 빛을 발하는 부분이 내수(domestic)은 현기베이스의 영업전략이며, 현재 국내의 현기차의 전망은 매우 밝습니다. 또한 제네시스 브랜드의 성장으로 국내공장의 섀시와 front end module, 기어레버 등 신규아이템의 판매량도 점진적으로 증가 할 것으로 생각됩니다.(q의 관점 뿐 아니라 p의 향상에도 매우 큰 기여)
현기는 유럽/인도 및 신흥 시장에서 약진하고 있고 중국/미국에서 매우 저조한 실적을 시현하고 있습니다만, 미중지역에서는 gm,ford 및 중국 로컬기업의 비중이 상당하기 때문에 기고효과는 꽤 제한적일 것이라 판단되며, 타O/E의 비중은 현재 수주모델 일정과 추세로보아 점진적으로 상승하지 않을까요?

P의 관점에서도 신흥 시장 및 볼륨모델들 또한 점차적으로 led및 hid적용률이 높아지고 있는 추세로, 에스엘의 성장성은 현재도 유효하며, 타 부품사들과 영업의 위험면에서도 큰 차별화 포인트가 있다고 생각되네요. (다만 유럽이 아쉽)",[]
2017.08.03 10:21,250,jump****,211.36.***.2,0,2,개인매수유도작전 계속오르락내리락 개인들 흔들림이? 매수유도할것임,['이제 잼 없지?ㅋ\n한심하다 ㅋ']
2017.08.03 09:55,130,jump****,211.36.***.2,1,1,당분간 힘들듯 잠시 덜오른주식 찾아보고 다시방문,[]
2017.08.03 09:45,140,sm20****,121.171.***.73,1,0,외국인 선물 매도가 너무 많다....매도가 멈춰야 에스엘도 반등 할 듯,"['선물 1만개 정도 매도할 줄 알았는데 더 넘어가네.지수는 빠져도 선물매도가 있으니까', '선물하락이 멈춰야', '개인들이 무서워서 던지는데 좀 참아보지.']"
2017.08.03 09:25,127,jump****,211.36.***.2,1,0,그동안상승분 제자리가능,[]
2017.08.02 17:57,340,akgk****,124.50.***.252,1,3,에스엘이 올라야 이유가 있나요?,"['그러면 너는 여기 얼쩡거리지마라 !!', '떨어질 이유부터 말해야\n말이 이여지지 않을까 ㅋ\nㅋ\n어리석긴']"
2017.08.02 17:44,161,guid****,1.241.***.7,1,0,"일봉은 음봉이라서 겁은 날 수 있는 모습입니다.
그렇지만 단순하게 일봉만 계산해보더라도 장대양봉을 이룬 7월 31일은 그럼 무시하고 떨어진 음봉만
겁내야할 것인지부터 생각해보십시요
장대양봉을 이룬날 중심부가 22150원입니다.
소폭 하향하였지만 종가상의 매도물량에 의한 모습이기에 아직 31일의 장대양봉의 흐름은 여전히 유효합니다.

또한 거래량입니다.
31일 거래량과 8월1일 거래량을 본다면 아직은 전혀 겁나는 모습은 아닙니다.
기관순매수역시 최근 소량이지만 지속되고 있습니다.

그렇다면 답은 주봉이겠죠
주봉은 이제 macd오실레이터도 상승시작이며 매물대 21687원을 통과한뒤
단기 상승에대한 과열이라면 과열로 의식한 물량이 나왔지만
주봉에서 윗꼬리를 내일이나 금요일 지금상태보다 조금만 회복해도
차트는 강력한 상승으로 적어도 24000원부근까지는
탄력적인상승이 가능합니다.

조정이 있기전에는 22900원이 단기 단타차익구간이며
2차로는 24000원부근이지만 고점에서 매물이 나왔기에
다시 저항을 잡는다면 오늘의 고점을 잡을 수도 있습니다.

즉 22800원입니다. 그렇지만 주봉역시 양봉이니 저항매물대가 될 수 없습니다.

그래서 지금은 하락전환이라고 말한다면
그건 아직 매물대조차도 이해하지 못했다는 것입니다.


내일 장초반 9시20분까지 22200원선만 유지한다면
굳건히 단기적인 수익은 드릴테니
재무상 문제 없는 종목에 투자하신 여러분의 마음을 흔드는
근거없는 내용에 휘둘리지 마시고
오늘 저녁에 마음편하시라고 고수는 아니지만
길게 쓰게 되었습니다.

(참고로 내일 30분봉에서 22300원선안착시 추세는 안정적으로 이루어질 것입니다.)",[]
2017.08.02 15:31,205,jump****,117.111.***.143,1,3,더하락한다고,"['주봉매물대가 방어되고있고 저점에서 주봉의 큰매물대를 뚦고 올라왔는데 하락이 끝없다면 무엇하러 올렸을가요\n지지기반이 주봉에서 이루어지고 있기에 단기적인 조정도 빠르게 끝나고 30분봉에서 상승추세 나올겁니다', '여자급식 같다', '좋냐? ㅋ']"
2017.08.02 14:52,154,jump****,117.111.***.143,0,2,더욱더. 하락할시간이 다가옵니다,['이정도면 거의 정엉신병자 수준 ㅋ']
2017.08.02 13:46,288,jump****,117.111.***.143,0,1,하락시. 개인들 매수로 전환. 당분간 긴조정,[]
2017.08.02 09:39,157,jump****,211.36.***.110,0,1,하락시. 개인들매수로 전화유도. 하락폭줄일시. 개인들더욱 매수강도 높이면서. 긴조정들어갈듯,['...할듯 ㅋ\n이제 자신이 없냐 ?\n난 밑꼬리 상승할듯 이다 ㅋ']
2017.08.01 20:48,220,bubi****,117.111.***.125,0,0,"8/1 공매도-2.911 대차-2.705 상환-178.525
대차수량-362.467
앞으로 어떻게 될까요?",[]
2017.08.01 13:22,197,bubi****,117.111.***.125,0,0,"게시판에 일기 쓰지마
니들 일기장에 써. ㅂㅅ들아.",['놔둡시다 .\n애들도 먹고 살아야하니 ㅋ\n얼마벌겠나요? ㅋ\n한심합니다.']
2017.07.31 21:32,228,hbmk****,125.143.***.140,0,2,"을 거듭하여
14,500원에서 22,300원으로 대폭락했네요.
앞으로도 주가는 쭉쭉 빠질 것으로 예상됩니다.","['아직도 들고있어여 ㅠ 저는 서연/에스엘 반반 들고있는데.. 서연이 서연이화보다 실적하락에대한 익스포져가 낮은데도(로열티 수취, 평촌 R&D센터 임대료 및 기타 자산보유) 하락폭은 더 크네요.. 기초체력 좋은 회사이니 한 5년 더 지켜보려고 합니다.. 여태껏 투자하며 딱 한종목.. 서연에 물렸는데 맘고생이 심하네요.. 사드때문에...', '서연, 서연이화는 손절했나요 ㅋ']"
2017.07.31 13:48,236,jump****,211.36.***.143,0,3,잠시후 조금더상승하는모습보일듯. 개인매수 하면서2시반이후. 보합으로 장마감,[]
2017.07.31 11:44,227,jump****,211.36.***.143,0,1,오늘2시이후. 매도가세예정 주의,[]
2017.07.31 10:13,193,habi****,111.171.***.86,0,0,내일파는날이구만ㅋ,[]
2017.07.28 10:57,479,jump****,117.111.***.64,1,6,불안한 시점이오고있는듯. 그동안. 상승장흐름깨질듯. 일단 관망해야,['뭘 알고 이야기하니.']
2017.07.28 09:45,214,sm20****,121.171.***.73,1,1,뭐냐 이런 개 주식은,['82가자.']
2017.07.27 00:24,381,jump****,58.140.***.57,1,2,내일. 오전. 매도기회줄때 조금먹고나오는게 정답 북한관련뉴스 터지면. 만8천원대 찾아간다,"['ㅂㅅ', '조심 조심']"
2017.07.26 22:48,219,gpdl****,46.166.***.90,2,1,에스엘 !! 탑엔지니어링,[]
2017.07.26 15:10,261,jump****,211.36.***.201,2,2,오늘상승한들. 내일다시. 상승분보다 더하락. 할건 빤한일,[]
2017.07.26 13:20,257,jump****,211.36.***.19,1,1,한주로.올리는 주식이 주식인가요?,[]
2017.07.25 11:51,369,jump****,117.111.***.27,1,2,거래량없이. 힘을못받으니. 가을부터. 관싱,['밥은 먹었냐? 한심한놈 ㅋㅋ\n눌림목 100퍼 적중이다 .... 먼소리하냐 ㅋㅋ..']
2017.07.24 15:23,344,jump****,211.36.***.147,1,3,한달이상은 관심갖지마세요,['사세요']
2017.07.24 13:40,273,jump****,211.36.***.161,1,1,오늘마지막매도기회. 내일부터후회할일,[]
2017.07.20 10:01,338,jump****,117.111.***.69,2,3,오늘도. 하락하니. 개인들 매수시작 오후장. 그동안. 찔금찔금오른거. 반납할듯,[]
2017.07.19 21:09,318,mygs****,175.223.***.45,4,4,이런 회사에 취직해야하는데,['ㅋㅋㅋ\n니 누꼬? 미친게야..ㅜㅜ']
2017.07.19 14:01,221,jump****,211.36.***.94,1,4,빨리매수. 400원만 남기고매도기회,"['아주 꼴갑을 떠는구나~ 글쓴넘이나 맞장구치는 넘이나... 에스엘주식 가지고 있으면서 이러냐? 아님 빈깡통 요란한 관종??', '예상적중 이네요', '자슥아 ?\n장 시작했다\n오프링 맨트 날려라\n한심한 놈 ㅋ', '자슥아 ?\n장마감 됐는데\n크로징해야지?\n한심한 놈 ㅋ']"
2017.07.19 12:10,299,jump****,211.36.***.124,0,2,개인들만 열심히. 매수. 외인 다팔아먹네,[]
2017.07.19 09:35,326,jump****,211.36.***.124,0,2,한주로250원 오르락. 내리락. 작전세력 너무티낸다,[]
2017.07.19 09:27,305,jump****,211.36.***.124,0,2,거래량십만주이상시. 매수,[]
2017.07.18 14:18,358,jump****,211.36.***.111,1,2,2시넘었네요. 슬슬 하락할때가,[]
2017.07.18 11:45,314,jump****,117.111.***.229,1,3,거래량보니. 오늘도. 장난치겠네요,[]
2017.07.18 10:31,151,jump****,117.111.***.229,0,3,매수보류. 장종료시점. 매수생각해볼만,[]
2017.07.18 22:06,105,h952****,112.163.***.96,3,0,7월10일날 니가 적은글에 보면 이때까지 니말 100프로 적중이라며 일주일 후에 18000~19000 까지 하락한다고 했지? 지금 봐라 얼마인지~ 니가 말한거 이때까지 십중팔구는 다 틀렸거든~ 불쌍한넘... 밥은 먹고 다니나??,[]
2017.07.18 09:26,157,jump****,117.111.***.229,0,2,오늘은 오후장조정시. 매수 익일 400 원정도수익나면 매도,[]
2017.07.18 09:21,142,jump****,117.111.***.229,0,2,오늘도 기회가 올것임. 보합정도올때사고 400원 오르면 매도,[]
2017.07.17 15:15,307,jump****,117.111.***.220,0,2,역시 하루에30만원 쉽게 벌죠,[]
2017.07.17 14:30,216,jump****,117.111.***.220,0,1,단타하신분들. 오늘도 조금남기셨죠. 나올준비하세요 2시반입니다,[]
2017.07.17 13:51,231,jump****,117.111.***.220,0,1,개인들 꼬시기 작전돌입2시반까지. 빨간색 이후 당근 파란색,[]
2017.07.17 09:51,166,jump****,117.111.***.220,1,3,오늘도 어김없이 거래량없이. 장난판이되다가. 오후장하락마감,[]
2017.07.14 13:35,392,blue****,221.151.***.32,9,0,한달내내 도배해서 퇴출의견 한 100명 쌓이면 한달동안 게시판 이용못하게.. ㅋㅋㅋ,[]
2017.07.14 10:58,246,jump****,117.111.***.253,1,2,20800 원. 기점으로. 하락 상승 반복 3개월 지루하게 진행 협상종료전까진 제자리,[]
2017.07.14 10:50,148,jump****,117.111.***.253,1,1,오늘도 오후장 밀리니 매도준비,[]
2017.07.14 10:22,216,jump****,117.111.***.253,0,1,거래량없이 다시 개인꼬시기,[]
2017.07.13 15:16,219,blue****,221.151.***.32,1,1,"정확시 1분내지 1분1초마다 CLSA증권에서 319주식 매도나오고 있음.. 대단함.. ㅋㅋㅋ.. 왜 319인지는 모르겠고..
원래 매도 별로 없던 거래처인데 오늘 날잡고 막판에 누르는 것으로 보임..

어제부터 게시판 공작하던 알바들 일원으로 보임.. ㅋㅋㅋ",[]
2017.07.13 15:08,192,jump****,211.36.***.35,1,4,그렇게. 매도안내하고. 지하를 팔것이다했거늘. 오늘같은날도 이러는거보면 뭔가 느끼는게 없는지. 개인은 매수로일관하는구나 그러니 개인이지,"['오늘뿐 아니라 요즘 외인 매수 나머지 매도우위임.. ㅋㅋㅋ..', '개인 오늘 매도우위']"
2017.07.13 14:23,212,jump****,211.36.***.35,1,3,오늘역시 틀리지않죠,[]
2017.07.13 13:40,214,jump****,211.36.***.35,1,2,가는말에. 올라타시라. 지하를 파고내려올일만가득 미국과재협상. 뉴스나올때마다. 자동차관련. 하락예고,[]
2017.07.13 09:38,137,jump****,117.111.***.222,0,0,다늘상승하나. 거래량보세요. 관심이없는주식 단타치는개인만 눈여겨본다는 사실,[]
2017.07.12 13:10,366,jump****,117.111.***.222,2,3,다시하락. 오전장. 개인. 다시물림,"['말은 바로 해야지 예상이 다 맞아떨어지고 있다.', '덤 앤 더머 ㅋ', '정확하게 예상', '어이 두놈 이제 그만하지!']"
2017.07.12 10:20,255,jump****,117.111.***.140,1,1,개인들. 물릴단계. 거래량만보고 매수하세요. 거래량없이. 몇주로. 올리고있네요. 작전에속지마시길,[]
2017.07.12 07:56,157,jump****,117.111.***.140,0,2,오늘역시 거래량으로 판단. 거래없이 오전장 약간상승시. 개인매수하면서 오후장 폭락. 거래량트면서 상승시 매수. 그외엔. 매수금물,"['하나도 안 웃김\n왜냐하면 현재까지 결과적으로 모두 맞는 말만 했기 때문에', 'ㅋ\nShow 한다 ㅋ\n네 자신이 웃기다 생각 안드나? ㅋ']"
2017.07.11 14:34,237,jump****,211.36.***.238,1,2,이제야전가후약. 느낌오나요. 특히. 에스엘 오후장. 약한거. 모르지않겠죠,['에스엘은 오르면 무조건 패대기가 진리']
2017.07.11 11:41,200,jump****,117.111.***.245,1,2,오늘도 개인들은. 열심히 매수하는걸보니. 빨리도망가자. 오후장 시초가로. 다시밀릴듯,['맞습니다 오후장 밀립니다']
2017.07.10 13:58,148,jump****,211.36.***.102,1,4,정신못차리고 담고있네요. 지금이시간부터는. 후회가. 밀려올듯. 매수한 개인들 남탓하지마세요,['언제나 정확한 분석']
2017.07.10 14:15,162,lmys****,59.28.***.23,1,1,들고있으면 가치만큼 오릅니다 부자들은 오래들고 있더군요,[]
2017.07.10 09:47,199,jump****,211.36.***.102,1,3,거래량 많아지면서. 하락폭이 클땐. 완전 개인물리고 장기전으로 갈확률80프로. 개인 매수시 한동안 지하로 갈듯,['안목이 정확하게 맞아떨어지네요']
2017.07.08 12:38,372,copl****,211.109.***.90,2,1,"GM노조 파업가결ㆍ
월욜 쩜하ㆍㅆㅂ랄ㆍ",['다음주 초복관련주가 터진다. 닭고기매출 300%폭등이란다. 마니커 잡아놔라 무조건 30%이상먹는다.']
2017.07.07 14:34,367,tmas****,175.198.***.146,0,0,"치매관련주로 최근에 추천드린 명문제약을 많은 분들이 보셨으리라 믿습니다
명문을 5,200원에 추천드려 8,150원까지 단기간에 큰 폭으로 상승하였습니다.
이번 추천종목은 한창제지로 명문제약 이상 메리트가 넘치는 초저평가에 우량주 입니다.
한창제지(009460) : 현재가 1,165원, Per 4.30이며 Roe 무려 31.84% 초저평가 우량주임.
작년 한해 영업이익 142억 순익161억 전년도 한해 영업이익 76억 순익 34억에 비해
영업이익 186% 순익 473% 대폭 증가함.
2017년 1분기 영업이익 49억 순익 29억으로 전년도 1분기 영업이익 25억 순익13억에 비해
영업이익 196% 순익 223%의 큰 폭의 성장 시현하였음.
동일업종으로 시가 총액이 비슷한 영풍제지(2,815원), 수출포장(19,250원), 세하 (2,030원).
위에 3종목을 실적만 갖고 본다면 한창제지가 현재가 3천원도 아주 싸다는 느낌입니다.
Per 4.30 Roe 무려 31.84% 이현금흐름창출능력(Cash Flow Index)은 최상급인 CF1.
현재가 1,165원은 초저평가로 목표가는 5천원으로 사료 됩니다.",[]
2017.07.07 13:34,234,jump****,117.111.***.23,1,2,거래량 부족. 절대매수구간아님. 장막판 다시 더밀 릴가능성,[]
2017.07.07 12:51,224,jump****,117.111.***.23,1,1,낙폭줄이는듯 작전. 개인매수시작. 거래량트고 매수하라고했으나 기다리지못함 물먹은뒤후회,[]
2017.07.06 14:27,217,jump****,211.36.***.205,2,1,거래량트기전은. 무조건. 속임수. 빨간불로 개인꼬시고 개인매수시 매도대기,[]
2017.07.06 09:44,150,jump****,211.36.***.139,1,1,오전장부터. 개인매수유도 하지만. 속지들않고있네요. 거래량틀때까지. 개인은. 부동자세유지해야 속지않을듯,[]
2017.07.05 14:37,133,jump****,211.36.***.180,2,2,하락시 개인들 들어오는걸. 벌써알고 대기중 조금 더뺄듯. 아직매수시기아니라 알려드림,[]
2017.07.05 13:32,204,jump****,211.36.***.180,1,0,거래트기전에. 매수불안. 거래트고 매수해도 늦지않을듯,[]
2017.07.04 21:36,259,a_st****,1.244.***.78,3,1,"에스엘 차트분석한 글입니다.

이평선 관련 글인데

좋아서 퍼와요

http://astock.kr/221044064857


============================================================


오늘은 투자시 알아야 할 차트 보는 방법에 대해 말하겠습니다.

가치분석은 예선입니다.

아무리 차트를 잘 보아도 예선 통과하지 못한 종목들은 번번이 실패합니다.

가치분석을 통해 예선을 통과해야

비로소 차트를 통하여

본게임 시작하는 것입니다.






에스엘은 어제 분석하였듯이

예선을 멋지게 통과한 종목입니다.

차트를 분석하겠습니다

특히 오늘은 그중 이동평균선을 주로 해석하겠습니다.






주요이평선을 찾아라

모든 종목에는 각각 다른 주요이평선이 있습니다.

주요이평선이란 특별하게 지지와 반등이 정확한 이평선을 말합니다.

에스엘은 60일 이평선이 주요이평선입니다.

에스엘 차트에서 볼 수 있듯이

60일이평선을 기준으로 등락을 반복하는데요

자세히 보겠습니다.

01번 60일 이평선 의 지지를 받는 모습입니다.





02번 화살표를 보겠습니다.

주요이평선인 60일 이평선의 지지가 뚫린 후

단기간에 23000원에서 17000원까지 하락하는 모습입니다.

주요이평선 이탈시 보이는 특징적인 모습입니다.

투자자들이 에스엘에 거는 투심이 무너진 후

이렇게 빠르게 하락하는 모습을 보입니다.

주요이평선의 힘입니다.





03번 화실표를 보겠습니다.

3월 이평선이 뚫린 후 5월 강한 거래량과 함께

돌파를 시도합니다.

그리고 03번 화살표에서 돌파에 성공합니다.

이때부터 관심종목에 추가합니다.

매수해야 할까요?

NO

주식초보들이 실수하는 행동인데요

매수는 돌파 후 바로 매수하는 것이 아닙니다.

다시 60일 이평선 근방에서 지지를 확인 한 후 매수해야 합니다.





04번에서 드디어 60일 이평선의 지지를 확인하게 됩니다.

확인 후 저점을 상승하는데요

매수 해야 할까요?

NO

주요이평선이 하락 중입니다.

02번에서 주요이평선의 힘을 보았을 것입니다.

안전하게 하려면

주요이평선이 우상향으로 머리를 들어야 합니다





05번 화살표를 보겠습니다.

드디어 매수하는 구간입니다.

이평선의 각이 우상향 되어있습니다.

또한 다시 한번 60일 이평선의 지지를 받습니다.

이처럼 백전불패의 매수 타이밍은 몇 번 주지 않습니다.

따라서 매수 가능 구간에서는 과감하게 매수하는 능력이 필요합니다.",['감사합니다.']
2017.07.04 15:07,165,jump****,117.111.***.122,3,3,내일 볼만할것임,['외인 매수다 . ㅉㅉ']
2017.07.04 11:53,237,akgk****,124.50.***.252,1,1,"자동차""철강 업종 당분간 조심들 하심이~특히 소액투자자(개미)들 소신 것 투자하심이 좋을 듯 합니다.",[]
2017.07.04 10:33,264,jump****,117.111.***.117,2,0,가격변동. 오르락 내리락. 개인꼬시기 들어감조심,[]
2017.07.04 09:31,203,jump****,117.111.***.117,2,1,빨리대피하세요,[]
2017.07.03 22:43,306,a_st****,1.244.***.78,8,2,"에스엘 들어간 개미입니다.

23000원에 물린사람인데

아무것도 모르고 들어갔다가

포스팅 괜춘해서 올려요



http://astock.kr/221043267922



================================================================


에스엘은 자동차 부품 중 전조등, 샤시 부품 등을 주로 생산합니다.

현대, 기아, 한국GM 등에 중점 납품하고 있습니다.

국내 최초 신소재를 이용한 헤드램프를 개발해

수출용 자동차에 적용하기도 하였습니다.

헤드램프 시장에서 에스엘의 시점 점유율은 66%에 달합니다.

관계사 실적을 합산한 수치입니다.




1. 재무제표부터 보자.

직장인 투자가, 가치투자가 둘 다 재무제표부터 봐야 합니다.

내가 산 종목이 돈을 잘 벌고 있는지는 기본 중에 기본입니다.

테마주 따라가다가 돈 한두 번 벌 수 있겠지요

그러나 그런 사람들 5년 후에 살아남은 사람들 본 적이 없습니다.

시장에서 살아남는 사람들은 회사의 기업가치를 꼭 보는 사람들입니다.

에스엘 재무제표 보겠습니다.






2. 연속적으로 매출액/영업이익/ 당기순이익이 증가하는 기업을 찾아라

어느 한 분기만 특출나게 실적이 상승하는 기업보다는

연속적으로 실적이 상승하는 기업이 더 좋은 기업입니다.

에스엘의 매출액은 14년부터 13,594억/13,951억/16,192억으로 상승하고 있습니다.

영업이익도 597억/633억/993억으로 상승합니다.

당기순이익도 14년 영업외이익 증가로 948억 영업이익보다 상승한 수치로 튀었었지만

그 후 15년 689억/1100억으로 꾸준히 상승하는 모습을 보입니다.

이런 기업을 관심종목에 넣어놓고 차트가 신호 줄 때마다 매매해야 합니다.






3. ROE와 PER은 꼭 확인하자!!

직장인 투자자는 시간이 없어서

주식초보는 실력이 없어서 재무제표를 꼼꼼히 보지 못한다면

ROE와 PER 만큼은 꼭 확인하세요

성장하고 있는 회사인지를 알아보는 지표입니다.

에스엘의 ROE는 14년부터 13.49%/8.65%/12.83%로 높은 수치를 보입니다.

ROE는 자산의 증가율입니다.

매년 12%씩 자신이 증가하였다는 뜻입니다.

PER는 6.25/8.77/6.7로 저평가 되어있습니다.

회사의 가치를 보는 투자자는 평균적으로 15아래로 보면 됩니다.

비교 군을 이요할 때에도 동종업계에서 저평가 되었습니다.





4. 주 매출 제품이 무엇인지 확인하자!

상장회사들은 규모가 크기 때문에 하나의 제품만을 판매하지 않습니다.

여러 개의 제품을 생산하지만

그중 주력상품이 무엇인지 알아봐야 합니다.

에스엘의 주요 제품은 LAMP PARTS에서 헤드램프를 주력으로 판매합니다.

전체 매출액의 55%를 차지하고 있습니다.

국내 헤드램프 시장점유율이 상승하면 좋습니다.

15년부터 헤드램프 시장점유율은 64.7%/65.9%/67.6%로 상승하고 있습니다.





5. 지역별 매출을 살펴보자

에스엘은 헤드램프를 전문적으로 판매하는 기업이라는 것을 알았습니다.

그렇다면 다음으로 어느 지역에서 많이 팔리는지 알아봐야 합니다.

위의 표는 에스엘의 지역별 매출입니다.

전체 매출액 중 대부분이 한국과 북미 매출액입니다.

가치분석을 이 정도 할 줄 안다면

꼭 필요한 것들은 체크했다고 봐도 됩니다.","['봇이 분석했나보네', '자동차 관련주 평균 per이 10이\n안되는데 per로 저평가니 뭐니\n하는거는 웃김 현대차 기아차만 봐도 에스엘 보다 낮어', '감사합니다.']"
2017.06.29 21:16,498,dodo****,110.70.***.103,0,0,"금욜 윈도드레싱과 거래량 상승, 7/3일 거래량 상승 가능할까?",['ㅋㅋ 어려울 거 같네']
2017.06.29 11:40,449,jump****,117.111.***.191,2,1,조금만 더빠지면. 개인들 왕창 매수.,['넉빠진 ㄴ']
2017.06.29 09:16,269,jump****,117.111.***.191,2,2,서서히. 개인매수유도. 작전들어갑니다. 조심하세요,['넉 빠진 너ㅁ']
2017.06.27 18:11,307,shim****,39.7.***.20,1,1,"이젠 일도 안하고 !
한심하다",[]
2017.06.27 16:04,278,blue****,220.76.***.45,4,2,"아무리 봐도 3만원대 짜린데.. 목표가는 그 정도 되야 되는거 아닌가? ㅋㅋㅋ..

뭔가 약점이 있나? ㅋㅋㅋ

약점을 말해라~ 내가 쑤셔주마~ ㅋㅋ",[]
2017.06.27 14:59,277,chyc****,1.251.***.11,0,1,에스제이케이 내일 상한가 갑니다,[]
2017.06.20 13:29,992,chyc****,1.251.***.11,1,2,- 에스제이케이 -,[]
2017.06.26 13:49,211,jump****,211.36.***.169,0,0,막판 개인꼬시기 정보입수. 개인들 들어오기시작,[]
2017.06.16 20:13,322,cha0****,175.198.***.222,0,0,유럽 자동차 판매증가로 부품업계 주가 상승,[]
2017.06.16 15:08,326,jump****,117.111.***.240,1,0,개인들. 한창꼬드기고. 물리고있음. 정신차리고. 매수금지,[]
2017.06.15 22:49,241,psj3****,1.228.***.8,0,1,에스엘 상승땐 출근안하세요??,[]
2017.06.13 20:42,375,kkhh****,223.62.***.171,2,0,에스엘 개인 없나..? ㅎ,['올라라']
2017.06.12 22:49,372,chyc****,223.33.***.133,1,3,"엔에이치SL스팩

시총 50억 스팩주

원금 2100원

7월12일전에 합병 대박

세력 단가 3000원대 상한가 랠리 달린다

스팩주 황제주



NH SL 스팩

원금보장 2100원

합병 유력 상한가 랠리~~

기관이 계속 되는 매수세 합병 임박

엔에이치SL스팩 207720


NH SL 스팩

제약주랑 합병설!!!!",[]
2017.06.08 18:19,383,heg0****,118.42.***.30,1,2,불관련한에서 전문가한테 정보 얻어 수익보내요 넘 ?큐땡큐!,['어딘지 감이갑니닿ㅎㅎ 저도 거기서 많이배웟엇ㄴ는데 지금은 정방가입해서 수익실현하고잇네요 거기 ㅂㅜㄹtv잖아욯ㅎ']
2017.06.08 15:32,289,lmys****,175.223.***.155,0,0,챠트상 이렇게 해석이 목표가22500,[]
2017.06.08 15:08,259,paik****,223.62.***.253,2,0,ㅍㅎㅎ 아싸^^,[]
