2018.05.05 23:43,501,ccjy****,175.223.***.8,3,4,분식회계로 과징금 20 억만 때리면 호재인가요?,"['상한가 입니다', '과징금이 아니라 끝난기야 이건 벌금 낼 문제가 아니니라 ㅂ 부야', '간 상폐는 아닌경우 호재가 아닐까합니다 불확실성 해소']"
2018.05.05 23:43,176,rlag****,223.62.***.104,4,0,선진국에서는 쳐맞는거라고 몇번 말해줘야되냐?ㅋㅋ,[]
2018.05.05 23:47,129,rlag****,223.62.***.104,1,0,주주보다는 태극기부대가 더 많은듯ㅋㅋ,[]
2018.05.05 23:39,163,rlag****,223.62.***.104,2,0,이런 우매한 지지자들 있어도 선거운동 때 ㄹ혜는 손도 안잡아줌ㅋㅋ,['왜냐 개돼지는 이용하고 팽이거든~ㅋㅋ']
2018.05.05 23:36,250,kimd****,121.163.***.4,6,0,김가네가 인수해주라...........ㅠㅠㅠㅠㅠㅠㅠㅠㅠㅠㅠㅠㅠㅠㅠ,[]
2018.05.05 23:36,191,rlag****,223.62.***.104,2,1,승계되고 빤스런한 이재앙이랑 똑같다 ㅇㅈ?ㅋㅋ,['문죄앙']
2018.05.05 23:34,362,pabl****,115.136.***.76,9,1,"http://m.news.naver.com/memoRankingRead.nhn?oid=001&aid=0010068361&sid1=105&date=2018050523&ntype=MEMORANKING&backUrl=%2FmemoRankingList.nhn%3Fsid1%3D105%26date%3D2018050523&light=off

""중국, 51조원 규모 반도체 펀드 조성""…'클라우드 AI칩'도 공개(종합)

중국이 자국 반도체 산업 육성을 위해 3천억 위안, 미 달러화 기준으로 474억 달러(약 51조498억 원) 규모의 펀드 조성 계획을 발표할 예정이라고 월스트리트저널(WSJ)이 4일(현지시간) 보도했다.


------------------------


knu7****댓글모음

문재인은 삼성을 족치고 시진핑은 펀드 만들고 먼가 구린 냄새가 나는데

2018-05-05 16:06:25접기요청

답글4

공감/비공감공감73비공감6",[]
2018.05.05 23:31,300,seun****,119.200.***.114,10,1,아이고 돈에 환장한 삼성 ...나라를 두쪽을 내더니 대국민 사기극 까지,[]
2018.05.05 23:30,297,leni****,223.39.***.147,15,8,개미들이 너무힘들어 청원25만명 공매폐지했건만 문재앙은 답변한마디없는데ㅋㅋㅋㅋ 댓글보니 아직도 문재앙편드는 개미?들이 있네 아 니네들이 드루킹같이 개미도아니면서 여론조작하는 놈들이라 생각된다 아니면 기관댓글알바거나 ㅋㅋㅋㅋ 현실은 주식의 개미들의 최악의 인간이 문재앙인데 ㅋㅋㅋ,"['문재앙 아님 문죄앙', '곧 한강 가것다!\n119랑 경찰들 바쁘겠다!\n민폐 안끼치고 갈 수 있는\n방법을 찾아라', '밥이라도 먹고 다녀\n정신줄 꼭.붙들고 ㅉ ㅉ ㅉ']"
2018.05.05 23:29,261,rlag****,223.62.***.104,8,4,태극기 부대냐?ㅋㅋ,"['비열한재벌새끼가 퍼트린 말에 쇠뇌당한 사람이 엄청나네', '우리집이 너거 같이 사리분*도 못하는 애들을 왜 먹여주노 설령 먹여줘도 박정희 박읍읍 이재앙덕이라할텐데ㅋㅋ 생각점', '그럼느그집이 밥 먹여줄까']"
2018.05.05 23:28,318,wawo****,122.35.***.29,14,2,온갖 편법으로 이재용이 대주주 만들려고 국민들 돈을 강탈하는구나,"['궁민돈 강탈은 문빠와 금감원이하는구만...뭔소리여?', '삼바는 상폐되어야한다']"
2018.05.05 23:25,684,kyuh****,1.253.***.115,17,8,"손실이 5천이 넘었네요..

곧100만원 간다는 지인에 말에

이거저거 따지지도 않고

36만5천에 1주를 사고말았습니다

어쩌자고 그큰돈을 남에말만 듣고 샀는지

제자신이 너무밉고 원망스럽습니다

5천이면 제가 젤로 조아하는

빙그레비나나맛우유 4묶음사고도 돈이남는데..에효~

주식하다가 왜한강 가는지 이제야 알거같네요

사는게 사는게 아닙니다

매도버튼에 손을 올리고 몇번이고 눌러 눌러 하는데

이가슴이 이가슴이 허락칠 않네연

존문가님들 어떻해야 하나연

물을타야하나염?아님손절ㅜㅜ

한강가야하나열~","['빵 터지네요ㅎㅎ', '육개장한그릇사먹엇다생각하슈', '안타깝습니다\n\n진심']"
2018.05.05 23:25,225,rlag****,223.62.***.104,8,2,들어야 할듯ㅋㅋ 찬티 얘들 삼바 뭐하는 회산줄도 모르고 만년적자였던것도 모르고 그냥 정권탓만 하는데?ㅋㅋ 아마 틀딱 댓글부대인듯ㅋㅋ 믿든 말든 상관 안한다ㅋㅋ 하지만 나는 모지리들은 놀린다ㅋㅋㅋㅋㅋㅋ 삼바 탈출은 지능순~♥,['ㅂㅅ']
2018.05.05 23:24,355,soo6****,1.244.***.141,12,5,"문제가 되는 삼바라면 그네때 상장시켜준 인간들부터 처벌받든지.
또한 회사에 벌금을 부과하던지..
진정 국민을 위하는 정권이라면 주주를 보호해야지 무조건 상장폐지가 답은 아니지요.
저는 청와대에 주주보호해달라고 올라온 청원글에 공감했습니다.
화요일 기다려봅니다",['20만 초반까지는 하락~상폐는 안될듯요']
2018.05.05 23:23,278,ksl7****,182.222.***.14,19,5,"기본과 원칙을 세우게 중요합니다.


직위고하를 막론하고 평등과 법에 위배하는 자들은

처단해야합니다.


삼성이라도 불법이고 위법이면은 거기에 맞게 따라야합니다.


상폐후 다시 재상장하거나 파산시키세요~



엔론의 분식회계처럼 파산을 시키는게 답입니다.












이재용이 마이너스 손이라것은 다들 알고 있을 것이다.


경영자질이 없다고 본다.



전문경영인을 앉히는게 더 나을 것이다.","['어린것이\n못된것만 처배워서...\n\n삼룡이를\n재구속시키고\n대가리에서 끌어내려야된다\n\n삼바는 상폐..', '삼바를 상폐시키는게 쉬운일은 아닐겁니다\n\n하지만~\n\n알 수 없는 일입니다', '삼바주주들한테 맞아죽을라고 용을써네!\n여기서 얼쩡대지말고 빨리도망가삼!']"
2018.05.05 23:22,432,myhe****,211.108.***.61,16,21,지켜보십시오,"['알량한 탐욕에 이성을 잃고 양심을 포기한 좀비', '돈만 잃으면 괜찮은데 정신까지 잃었어.', '에공! 안타깝다', '욕을 먹으려면 뭔짓을 못해. 돈 잃으면 이성도 없어지고 판단ㄷㆍ 안돼', 'ㅅㅅ ㅅㅍ', '삼성몰락']"
2018.05.05 23:22,242,fish****,125.138.***.215,11,1,잘못없슴 안받는거구,[]
2018.05.05 23:20,236,kyuh****,1.253.***.115,6,3,"지금부터 한강을 향한 힘찬 곡소리를
3분간 발쏴 합니다!
알겠습니까?

목소리봐라!

좌로굴러~ 우로굴러~

정신차렷씁니까?

곡소리 장전!

한강을 향한 힘찬 곡소리 발쏴~~~~~~

아~~~~~~~~~~~아흐~~~ 아~~~ 쓰~~~~에~~~~~아~~^^^^~~~~~~~~~~~~~~~~~~~~~~~~~~~~~~~

어쭈구리~ 목소리보지! 동작그만!

좌로굴러~ 우로굴러~ 어깨동무 실시~ 일어서! 앉어! 일어서! 앉어! 자동모드 실행! 참호안에 수류탄! 참호밖에 수류탄!

정신차렷씁니꽈~~~~~옙!

다시 3분간 곡소리 발쏴합니다!

곡소리 장젼됐씁니까?

한강을 향한 힘찬 곡소리 발쏴~~~~~~

아~~~~~~~~~~~~~~~~~쓰~~~~~~~벌~~~~~~~~~~~~~~~~~~~~~~",[]
2018.05.05 23:19,580,rlar****,203.226.***.136,8,1,"일단~

지속적인 하락은 피할수 없을듯 보입니다

단기반등은 언제든 나올수 있는 구간이지만~

결국 더 큰 하락을 불러올 분위기 때문에

화요일 시초가에 탈출만이 손실을 줄일수 있을것으로 예상됩니다



대응제시!!

비중을 줄여야 합니다

화요일 시초가 매도해야 합니다!

반등시 전량매도후~

관망을 유지해야할 필요가 있습니다



장기간 거래정지가 있을 수 있고

최악의 상황(가능성은 작지만)은

상장폐지 될 수도 있습니다

아무쪼록 이 번 회계문제가 잘 해결되길

바랍니다","['삼성그룹이 앞으로가 더 걱정입니다', '당장 매출이 너무 없고~~\n\n순손실은 너무 많습니다!!', '삼성의 차세대 주도주 인지는 더 지켜봐야 할 필요성이 있습니다', '삼성의 차세대 주도주임은 분명하다~', '10년? 헐~~~~~^^', '아무렴어떠유\n십년후에봅세다요 ㅎ']"
2018.05.05 23:18,339,ym57****,211.177.***.3,10,5,"잘못이 있어도 위에다 방망이 쥐고 결정내린 우두머리들이
잘못한 거 아닌가요?
왜 좋은 기업이다해서 실적좋다 기술특례상장 시켜주고선 왜 믿고
투자한 국민들이 그책임을 다 맛봐야하냐고요
왜 이제와서 정권바뀐다고 기준바꿔서 얘기하냐고요
이럼 누가 나라 믿고 기업에 투자하냐고요
외인들은 이런 나라에 투자하겠냐고요
개인들에게 우리나라 최고 기업인 삼성이 사기쳤다면
누가 이나라를 믿고 투자하냐고요
앞으로 이렇게 이렇게 하라는 가이드라인이나
만들고 앞으로의 투명성 관리나 하라고요
뒤엎는다고 나라가 잘될것같아요
아에 다 죽자는거죠","['그러게 누가 문등신 찍으라든 꼬시다', '그러새 말하면 똑똑하고 사리분별 있는것처럼 보이나! 참못난네!', '좋은기업이다 실적좋다고 누가그래요? 삼바 사주받고 애널하고 찌라시가 떠들었지 금감원에서 좋은회사다 ㅈ실적좋다 투자해라 그러던가요?ㅎㅎ 프락치 애널 찌라시 믿은 내가 바보요하고 생각하시길']"
2018.05.05 23:22,167,c1p2****,116.42.***.214,1,1,"정부에서 합법적으로 인정한
게임 머니...",[]
2018.05.05 23:18,247,leni****,223.39.***.147,6,5,한진은 가면쓴 ㅂㅕㅇ신 촛불좀비도생겼더구만 ㅋㅋㅋ 그냥 다 본사랑 공장 점진적으로 해외이전하면됨 뭐 이재용 해외로 요즘 나돌아다니는거보니 본사옮길 나라 찾는거같고 현기차도 이제 국내에 신공장 안짓고 ㅋㅋㄱㅋㄱ 10년뒤 대한민국은 폭망이다 저출산 폭락중에 공무원교사는 미친듯이 뽑는 문재앙 클라스ㅋㅋㅋㅋㅋ 참고로 공매폐지 20만명청원에 답변한마디없는 적폐 문재앙,['총 맞어..\n총..\n칼 아니구.']
2018.05.05 23:17,336,c1p2****,116.42.***.214,1,1,"반짝 상승이여...
반짝 하루짜리..",[]
2018.05.05 23:15,500,180c****,220.124.***.223,20,16,"나라를 사랑하는 마음에
삼성을 설득해서
외국에 공장 짓겠다는걸 간신히 설득해서
송도에 바이오 평택에 반도체 공장 설립했는대
이걸 매국노들이 어떻게든
국내기업 망가트려 경쟁력 없앨려고
권력을 이용해 경제를 파탄내고 있다.
기쁨조들아 외국 외국 나가면 어쩐다
개소리 하지마라 실제로 땅 무상제공 해준다고
오라는곳 외국에 많다
그중에 미국도 포함이고","['문재앙과 생양아치 예의도 없는인간들~~', 'ㅍㅎㅎ 진짜 코메디다', '그년이 그립냐', '맞는말임 ㅋㅋㅋ 대기업중 누가 한국에 공장짓냐', '503호가 맞다..\n대통년은 무슨..', '에라이! 양아리야']"
2018.05.05 23:18,221,rlag****,222.233.***.172,1,3,"수준 나와버렸죠~ 재무재표하나 볼줄 모를듯
왜냐? 원시인이니깐(지능과 시력을 적절히 섞은 농입니다)","['마 짜석아 나도 니가 삼바투자한거마냥 실수하고 있지 뭘 그리 물어 뜯냐?ㅋㅋ 잠은 제대로 자나???', '재무제표겠지 문베충 주사파 똘마니답네']"
2018.05.05 23:29,129,iyso****,211.197.***.180,0,0,뇌구조가 이상한 인간?,[]
2018.05.05 23:15,274,rlag****,222.233.***.172,11,0,물론 박읍읍이 때 금감원장ㅋㅋㅋㅋㅋㅋ,['목줄따불자~']
2018.05.05 23:13,386,ksii****,110.70.***.45,6,4,"바이오 하나 있는데 요거 터지자마자 20프로 내려갔네! 띠불 빨리 상폐시키고 바이오주 다시 원상복구 시켜라! 개쑤레기 잡주를 바꾸네 요 요망한 뇬이 이래 뜯어고치고 저래 뜯어 고치고 상장 시켜줬제.
이게 진짜 백만원정도 갔으면 우짤뻔 했노. 개미들 다 한강 갔다이! 이재용이 요 때끼도 배운게 도둑질이라고 하는짓이 양아치질이네!","['kimy!\n나 주주 아니여!\n요거 터지고 내 바이오주 떨어져서 기분 졸라 나빠서 빨리 요거 정리 됐으면 하는 바램이다. 개 띠ㅅㅂ노무때끼야', '요쌔낀 딱 보니 주주도 아니여\nㅆㅂ룜']"
2018.05.05 23:13,439,jima****,1.11.***.254,9,5,손절할 시간이 있음에도 미련때문에 손절하지 못하면 그건 오직 그대의 책임..!!,[]
2018.05.05 23:13,361,goqk****,122.37.***.148,7,0,"혼자 있고 싶습니다.............






















아놔 ㅆㅂ 내 돈 내놔라. 단타치다 개처물렸네 ㅋㅋㅋ",[]
2018.05.05 23:13,394,p575****,220.74.***.178,4,0,댓글숫자 말입니다.,[]
2018.05.05 23:13,278,opkr****,117.111.***.242,6,0,"이곳은. 많은사람들이
공유하는. 토론장. 입니다
글쓰는건. 자유지만
반말은. 가려서하시길
젊은사람도있고. 나이많은분도
계십니다.",[]
2018.05.05 23:08,272,p187****,125.186.***.136,5,2,"삼바를 통해 기업경영 제대로 해야겠다를
느껴야함
삼바는 대한민국 기업들의 투명성과 정도를 걷기위해 상폐는 아니더라도 지속적으로 폭락하여
경각심을 일깨워 줘야함",['그걸 왜 개인투자자가 당하게 하냐고']
2018.05.05 23:08,373,c1p2****,116.42.***.214,1,0,"코스닥 지수 제대로 급등할때 ..
그때를 기다러..
한 3개월 후??",[]
2018.05.05 23:08,374,kimw****,125.128.***.13,2,5,월요일 장시작시 거래정지 후 몇일 후에 분식회계 혐의 없음으로 정상으로 판결 거래재개 하자마자 점상 후 6연상랠리,"['꿈도야무지군...월욜장이 열리길 바라다니...ㅜㅜ', '에공 월요일은 다행이도 보합이란다~~~^^']"
2018.05.05 23:08,264,chin****,61.100.***.196,2,0,"법적으로는 위법이 아니라고 하니..
벌금 최대 20억 이란다..
우짜노...","['다들 좀 적당히 합시다\n알지도 못하면서 피눈물 납니다', '시외 오랐다']"
2018.05.05 23:08,203,happ****,211.36.***.40,0,1,"튀려고하넹

아수라발발타",[]
2018.05.05 23:06,303,c1p2****,116.42.***.214,1,1,"시장은 남북경협주로 다 갔는데....
반짝 반등 한다이....
반짝....
개미가 손실 나야 돈 버는게 주식이여.....
코스닥. 코스피 상위 100개는 죄다
남북 경협주...",[]
2018.05.05 23:27,103,iyso****,211.197.***.180,0,0,저능아 ?,[]
2018.05.05 23:05,208,sang****,223.39.***.74,3,3,"많이들 사ㅋ
얼마나 떨어질지 끝이안보인다",[]
2018.05.05 23:03,334,gold****,110.70.***.212,10,9,"삼성계열사중 한곳이라도

본사 미국이전 및 한국자진상폐

나스닥 상장추진이라고 나오면

한국경제 20년 후퇴함

죽이자고 작정하고 덤비는 나라에서

왜 참고사냐?","['옳소 빨리 나가라 한시가 급하다', '그래 제발 좀 가라 내하고 상관없다', '밑에 너 잘 들어라\n삼성이 분식회계 했다고 결론 나왔냐?\n그리고 설령 그렇다 해도 니가 뭔데?\n너 뭐 손해봤어?\n그런일 없었으면 좋겠지만\n너 십년후쯤 큰병 걸려 꼴딱 꼴딱할때\n혹시 모른다..\n금감원이 이 지랄만 안떨었어도 니병 낫게 해줄\n신약 삼성바이오로직스가 만들었을지도..', '다른 나라간다고 삼성이더잘댈거라생각 하는멍충이가 있네\n다른나라가 삼성를 받아주는것 기술이야 그 기술 10년 후에 다빼먹으면 그이후로는 거지야', '이 주식 받아줄꺼라고 생각하는데 한심하다! 미국이었으면 이미 그룹회장 중국 갔는데 거기도 못 나가고 분식회계 징역 100년이다.', '가라', 'ㅋㅋㅋㅋ 왜 안하겠냐?', '거긴 아무나 받아주냐..미친.']"
2018.05.05 23:02,246,chak****,121.154.***.237,4,5,"이씨 일족은 돈만 벌수 있다면 뭔짓이라도 하는
타락한 족벌임..
삼성이 사카린 밀수해서 돈 벌었잖여..
개버릇 남주남..ㅋ",[]
2018.05.05 23:01,407,c1p2****,116.42.***.214,6,2,"언론에 속고...
전문가에 속고..
언론이 삐 깔나게 글쓰면 꼭지여...
언론이 망하게 생겼다 글 쓰면..
매수...
IMF때 대한민국 망했다고...
금방 안간다..",[]
2018.05.05 23:01,231,skki****,211.201.***.31,1,1,"내리는 것은

제자리

적정가 찾아가는 중이지

개인도 공매도가 가능하다면

돈 덩어리네 ㅋㅋ


이 삼바가 추세상승을 보이면서 한국증시를 얼마나 왜곡시켰는지 아남?

지독한 왜곡 ㅎ",[]
2018.05.05 23:00,374,p187****,125.186.***.136,1,0,"다른 증권사들은 어떤지요?
미수신용은 안되야 할텐데
곧 거래정지될듯해서요",[]
2018.05.05 22:59,338,sang****,223.39.***.74,5,4,이개잡주야 너 때문에 멀쩡한 바이오주 다죽어가고있자나 정지를 시키던지 상폐를 시키던지 빨랑해라,"['필룩이.알파....등등', '멀쩡한 바이오주가 뭔지 살짝 귀뜸좀?']"
2018.05.05 22:58,357,666s****,114.204.***.245,7,9,"너그들 다 부자만들어주면 민주당 표는 누가찍을것이여?~


삼성이란 재벌을 본보기로다가 확 죽여버릴라고 그러는겨


한마디로 개미만 죽어라 돈날리는거랑게","['한심한 놈들! 이런 놈들이 아직도 있으니깐 자한당발정제 애들이 아직도 10프로 정도 나온다! 에라이 때끼야! 니 천벌 받는다.', '에효~!!비리는 삼성하고 전정부가 했는데 현정부 탓을하고~!!힌심하다!!']"
2018.05.05 22:57,493,zr14****,211.228.***.187,1,1,바이오주 몰락의 주범 삼바 ~,['바이오 도미노 폭락']
2018.05.05 22:56,536,c1p2****,116.42.***.214,7,2,"자체가 웃긴 거임!!!!!
카더라 통신에게 물어봐...
아니 실적이나 잘나 오면 그럴 수 있어...
잘 갈때가 좋았지...
주포가 물량 모아야 갈걸..
웃겨... 간댕이가 부었지.",['그렇네요 삼성전자랑합병할려고 작업했나의심']
2018.05.05 22:56,301,syh3****,175.223.***.77,4,5,돈을 내 놓고 0빨리 끝내자 바이오주 다 죽는다,"['이정권 여비서도 좋아하고돈도 좋아한다 앞에서는 정의 공정 이야기하고 뒤에서는 신적폐다\n빨리 돈갖다주고 상폐 면해라', '시대가 어느시댄데. 자한당 차떼기 애들이랑 같나?', '응 반사']"
2018.05.05 22:56,317,semj****,182.216.***.135,4,4,저점인가.. 남의돈에 이리 힘들여가면서 글쓰는거보면.,"['머리 나쁘면 고생이란다.', '몰빵 강력 매수 집담보 장기담보 대출가능', 'ㅋㅋㅋㅋㅋㅋㅋㅋㅋ', '매수기회\n강력신호']"
2018.05.05 22:55,296,666s****,114.204.***.245,12,9,그손으로 할복 ㄱㄱ,['삼성 죽이라고 찍었다! 잘했제? ㅋㅋㅋ']
2018.05.05 22:55,240,skki****,211.201.***.31,7,1,"그 말로가 어찌된다는 걸 보여주는 선례다.

이건 부자노트에 좋은 교재다",['사기를 쳤으면 벌을 받야지..버티봐라 국민을 등쳐먹고 사기친 삼별이 어찌되나 똑똑히 볼거다.!']
2018.05.05 22:54,406,soso****,175.200.***.86,28,5,탈세나 횡령 정도는 규모에 따라 뭐 눈감아줄수 있지만 분식회계는 무조건 상폐시켜야지,"['요새키\n두루킹 따까리', '요새키\n두루킹 따까리', '요새키\n두루킹 따까리', '삼성불운동 합시다.']"
2018.05.05 23:18,95,omon****,175.223.***.55,0,0,니 핸드폰은 미제냐 국산이냐?,[]
2018.05.05 22:52,286,jinw****,124.50.***.122,2,2,"그래도 외인이 10%
가지고있네요~",['그래서 좋냐?']
2018.05.05 22:52,384,opkr****,117.111.***.242,12,6,"삼바에. 투자하신분들
심적으로. 많이. 힘들겁니다
자신의. 입장에서
상대에게. 상처가되는
말들은. 가려서합시다
아직. 일어나지도. 않은일로
무슨일이. 일어난. 것처럼
말을. 꾸미지. 맙시다
화요일. 기다려보세요","['저도 기다리는중요.\n안티들은 주주가 아니라고봄', '에공 분식회계가 벌써 일어났는데 안 믿으니 큰일이다.\n이러니깐 종목을 사랑하거나 맹신하지 말라고 하는건데', '그런다고 주가 안떨어지간?']"
2018.05.05 22:51,329,gumj****,175.223.***.176,7,6,"사업하기도 좋은 나라
이연법인세 제도로 기업가들은 맘대로 투자하고 적자나면 나라에서 도와주고 그러니 최고 기업이 나올수 밖에
울나라는 어떤가...",['ㅋㅋㅋㅋ 생각하는게 지가 빨갱이네 적자기업을 왜 도와주냐 나라 살림 거덜나는데 어데 천조국이랑 비교하노 빨갱이 자석 gm도 도와줘라고 할 태세네ㅋㅋㅋㅋㅋ']
2018.05.05 22:51,239,c1p2****,116.42.***.214,0,1,"1분에 하나 게시판 글 올라 오는듯???
냄비 근성... 최고.",[]
2018.05.05 22:51,309,kiss****,175.223.***.88,13,3,그나마 그거라도 건진다,['이딴글 쓰지말고 너나팔고 들어오지마']
2018.05.05 22:51,204,rlag****,203.226.***.98,0,1,지들 지켜주는지도 모르고 뉴스 댓글에 테러하던데... 그거도 너거들이 한거였냐 틀딱이들아?ㅋㅋㅋㅋ,[]
2018.05.05 22:50,281,chak****,121.154.***.237,4,6,"맡기는건 고양이에게 생선맡기는 격임..
야네들 복제약 만드는데 위탁생산하면 의약품 성분 배합비등 핵심사항 전부 빼돌릴 텐데 왜 맡기는 거임..
넋빠진 놈들 많어..ㅋ",[]
2018.05.05 22:49,439,hmki****,182.224.***.31,3,2,"조만간 발표한다 함


그때까지 급락시킬듯


기관 애들
패대기


미쳐

30만 지지 장담 못해



거래정지여부",[]
2018.05.05 22:48,448,choy****,117.111.***.231,15,4,"왜 안팔았어요?
설마 설마 하다가 훅 갑니다.
시간을 주었는데도 안팔았음
본인 책임.
그랫놓꼬 정부.회사 책임 물어면 안되요.
참~에고","['배상 청구할려고..왜..', '정확한 말씀']"
2018.05.05 22:48,541,myhe****,211.108.***.61,9,14,"문재인 정부 몰락의 신호탄이 될 수 있습니다..
자그마치 8조원 피해보상.. 1년 국방비가 40조 남짓인데 국방비의 4분의1씩이나..","['생채기난 정권강탈의 추억.. 글고 기업도..', '검은머리들이 정체를 드러낸다 ???', '나라꼴이 이상해지고있다.. 무능한정부의 한계다', 'ㅋㅋㅋㅋㅋㅋㅋㅋㅋㅋㅋㅋㅋㅋ 육갑떠네 발닦고 자라', '북한이 먼저다. 남한 피해가는거 주사파들은 관심 없지']"
2018.05.05 22:48,349,skki****,211.201.***.31,3,3,"대응은 무신 가만 있다 죽느니 무조건 탈출이다.

이게 15만 깨질 때 다시사면 수량이라도 배이상 늘어난다.

주식은 항상 대응할줄 아는 자만이 살아남는다^^",['일단\n침몰하는 배에서 탈출\n살아남고\n다음을 생각 ~']
2018.05.05 22:47,681,kyuh****,1.253.***.115,8,3,"손실이 5천이 넘었네요..

곧100만원 간다는 지인에 말에

이거저거 따지지도 않고

36만5천에 1주를 사고말았습니다

어쩌자고 그큰돈을 남에말만 듣고 샀는지

제자신이 너무밉고 원망스럽습니다

5천이면 제가 젤로 조아하는

빙그레비나나맛우유 4묶음사고도 돈이남는데..에효~

주식하다가 왜한강 가는지 이제야 알거같네요

사는게 사는게 아닙니다

매도버튼에 손을 올리고 몇번이고 눌러 눌러 하는데

이가슴이 이가슴이 허락칠 않네연

존문가님들 어떻해야 하나연

물을타야하나염?아님손절ㅜㅜ

한강가야하나열~","['넌 지옥에 갈거다. 아멘.', 'ㅋㅋㅋㅋ', '나도 그래요 5주나 사가지고 이게 먼일이래', '얀마 ?\n우스버 죽는줄 알았다.\n위로는 못한망정 왜 그렇게 큰웃음을 주냐. ? !', '당근~ 한강!', '곧 100만원 갑니다 묻어두세요', '화요일 장전 매도하시고 한강물 온도 체크하세요', '대대손손 빌어처먹어라']"
2018.05.05 22:47,498,c1p2****,116.42.***.214,1,1,한번더 하락 시킬지???,[]
2018.05.05 22:47,499,kwsa****,218.236.***.193,4,13,"쌀때 사둬라 상폐 걱정하지말고
여론은 삼바편이다","['이 사람 멀쩡한 사람 잡을 사람이네!\n너 인생 그리 살지마라! 요거 상폐 될\n가능성 크다.', '여론 돌아섯다ㅋ 주주들만 삼바편']"
2018.05.05 22:45,440,gabr****,1.233.***.80,10,2,"'삼성바이오로직스 분식회계 의혹' 이재용 재판 변수되나

사실로 확인되면 '승계작업' 뒷받침…""뇌물혐의 판단에 영향줄 수도"" 관측
대법원 재판에 직접 영향 주진 못할 듯…파기환송하면 변수로 급부상

(서울=연합뉴스) 임순현 기자 = 삼성바이오로직스가 회계부정을 저질렀다는 금융당국의 판단이 내려지면서 국정농단 사건으로 대법원 심리를 받고 있는 이재용 삼성 부회장의 재판이 어떤 영향을 받을지 관심이 쏠린다.

삼성바이오로직스의 분식회계 의혹은 이 부회장의 경영권 승계작업과 무관하지 않다는 지적이 제기되는 만큼 경영승계 문제를 주요 쟁점으로 삼는 이 부회장의 재판에도 변수가 될 수 있다는 관측이 고개를 들고 있다.

5일 법조계 등에 따르면 금융감독원은 최근 특별감리를 통해 삼성바이오로직스의 과거 회계처리에 법 위반이 있다는 판단을 내렸다.

금융위원회가 금감원 판단을 그대로 인정하면 2심에서 무죄 판단이 나왔던 이 부회장의 제3자 뇌물수수 혐의를 새롭게 뒷받침하는 증거가 될 수도 있다는 예상이 법조계 일각에서 나온다.

삼성바이오로직스의 분식회계 의혹의 발생 시점은 제일모직과 삼성물산의 합병을 앞둔 때다. 2011년 설립 이후 계속 적자를 내던 삼성바이오로직스는 상장 직전인 2015년에 1조9천억원 순이익을 냈다.

금감원은 이 과정에서 삼성바이오로직스가 자회사 삼성바이오에피스의 기업가치를 '장부가액'에서 '공정가액'(시장가)으로 바꾼 점에 회계부정이 있다고 봤다.

이에 대해 삼성바이오로직스는 ""외부 전문가와 협의를 통해 회계기준을 적용한 것일 뿐이지 위법이 아니다""라며 반발했지만 금감원은 고의적 회계부정이라고 보고 있다.

이 같은 분식회계 논란을 두고 정의당 심상정 의원은 이 부회장의 경영권 승계를 위한 삼성물산과 제일모직 합병과 무관치 않다는 추가 의혹을 제기했다.

심 의원은 2015년 7월 국민연금 기금운용본부 투자위원들이 삼성물산과 제일모직 합병을 찬성하기로 하면서 국민연금이 입을 손해를 삼성바이오로직스의 성장성 등으로 상쇄할 수 있다고 판단했다는 내용의 특검 보고서를 근거로 제시했다.

삼성바이오로직스의 가치를 높여 삼성물산과 제일모직 합병을 성사시키고, 이를 토대로 이 부회장의 경영승계 여건을 유리하게 하겠다는 시나리오가 실행된 게 아니냐는 의혹이다. 삼성바이오로직스는 삼성물산이 최대주주다.

만약 이 부회장의 경영승계를 위한 작업이 그룹 내에 있었던 것으로 인정되면 2심에서 무죄가 선고됐던 이 부회장의 뇌물 공여 혐의는 다른 판단을 받을 가능성이 있다.

2심이 무죄 판단을 내린 근거는, 경영승계 작업이라는 현안이 없었기 때문에 이 부회장은 박근혜 전 대통령에게 뇌물을 건네면서 암묵적으로 청탁할 일도 없었다는 점이었다.

하지만 삼성바이오로직스의 고의적 회계부정이 사실로 입증된다면 당시 삼성에 이 부회장의 승계작업이라는 현안이 존재했다는 정황으로 여겨지면서 재판에 변수가 될 수 있다.

삼성바이오로직스 긴급 기자회견
삼성바이오로직스 긴급 기자회견
(서울=연합뉴스) 김인철 기자 = 2일 오후 서울 중구 대한상공회의소에서 열린 삼성바이오로직스 긴급 기자회견에서 윤호열 삼성바이오로직스 상무가 금감원의 회계 처리 위반 판단에 따른 대응 및 후속조치에 대해 설명하고 있다. 2018.5.2 yatoya@yna.co.kr

다만 현재 심리가 진행 중인 대법원 재판에 직접적인 영향을 줄 가능성은 희박하다. 법률심인 대법원은 사실관계를 따지기 위해 새로 추가되는 증거를 조사할 수 없기 때문이다.

즉, 1·2심에서 증거로 다뤄진 사실관계 외에는 대법원이 판단할 수 없다.

대신 대법원이 다른 사유로 2심 판결을 파기환송할 경우에는 사정이 달라진다.

이 부회장의 재판은 승계작업에 관한 쟁점 외에도 삼성이 최순실씨 측에 제공한 마필과 차량의 소유권 문제, 최씨 소유 회사인 독일 소재 코어스포츠에 36억원을 송금한 것이 재산국외도피죄에 해당하는지도 쟁점이다.

이런 쟁점을 두고 대법원이 2심 재판을 다시 하라고 사건을 돌려보낸다면 새로 시작하는 2심에서 추가적인 사실관계를 따질 수 있게 된다.

대법원 관계자는 ""대법원 상고심은 원칙적으로 증거조사를 하지 않는다""며 ""다만 파기환송이 되는 사건의 2심에서는 증거조사를 당연히 할 수 있다""고 설명했다.",['이 종목이 이재용씨를 콩밥맥이느냐 아니냐의 절대적으로 중요한 사안이 되어버림... 이번정권이 노리고 들어올수 있다..']
2018.05.05 22:45,270,en_i****,123.109.***.238,6,3,"삼바 때문에 제약 바이오주가 폭락

그로인해 종합 폭락

다른 주에 민폐가 되고 있다...

거래 정지 시키라~

이러다가 삼바 심사할 동안 종합지수

조정 오것다....거래 정지 시키라",[]
2018.05.05 22:45,321,sang****,223.39.***.74,8,2,"이재용이 승계 마무리 됐으니깐
삼바 상폐되도 갠찮을꺼야
그래서 삼바 버린거야",[]
2018.05.05 22:48,186,rlag****,203.226.***.98,2,0,그런듯ㅋㅋ 여기 주주들도 인정했음 승계주라면서 오를거라고 기대하던뎅?? 이제 끝나서 그런가 적자기업은 팽하네?ㅋㅋㅋㅋ,[]
2018.05.05 22:44,178,rlag****,203.226.***.98,3,0,"박읍읍이가 커팅식 참여한곳 맞습니까?ㅋㅋ
그 옆에 이재앙은 박읍읍 지지자들 ATM으로 쓴다던데 부릅당ㅠㅠ",[]
2018.05.05 22:44,343,kiss****,175.223.***.88,2,2,적정주가됩니다,['외인이 진성 외인인 줄 아시나요\n외인 창구로 매수해도 외인으로 잡혀요\n기관 팔고 왜 외인 창구로 매수할까요\n개미들 희망 고문하는거죠']
2018.05.05 22:44,210,soso****,175.200.***.86,5,1,하루라도 빨리 상폐해야한다고 생각합니다,[]
2018.05.05 22:44,362,trav****,115.138.***.42,4,0,"상폐

or

50원 !",['500']
2018.05.05 22:43,267,urbr****,110.70.***.49,4,2,"야는 왜 상폐 안시키는데 버러지같은 넘들아

원칙도 없는 문정권",['곧 상퐤된다\n그래야 나라가 바로선다']
2018.05.05 22:41,340,jjin****,223.33.***.114,6,2,1~3차 공장 2조+기술비1조= 시총3조 적정수준,['삼성브랜드 가치 40조...\n이게 줄줄이 빠지고 있슴.']
2018.05.05 22:41,232,rlag****,203.226.***.98,1,0,"저번 정부에서 재건축을 내줬다고 담 정부에서 뭐 아파트 뿌순다는 식으로 얘기하는데ㅋㅋㅋㅋ
덩?나 삼바는 재건축 아파트가 아니라 모델하우스정도 될듯ㅋㅋ 나라서 거 살다가 뒤질거 같으니깐 뿌수는건데 지 돈 쳐들어갔다고 틀린걸 맞다고 말하는 댕청함ㅋㅋㅋ",[]
2018.05.05 22:40,348,sang****,223.39.***.74,12,3,엘쥐 현대 롯대 두산 대기업 많아 ㅋ,"['인자하게 웃는 얼굴로 자식들 앵벌이로 등쳐먹는 아빠야', '엄마 있으니 아빠 죽어도 돼냐?']"
2018.05.05 22:39,226,skki****,211.201.***.31,1,2,"공매도 친 애들

거하게 술한잔 사라.

분식점 분식회계를 추카하며.

계속 양아치 분식점운영할 삼숑을 위하여

삼바삼바삼바~~~

에헤라",['고매도친애들 노났네.? 거래정지 상폐되면 거저묵는거 아이가 ?']
2018.05.05 22:37,430,isop****,223.38.***.93,7,2,대마불사인가 그래도 원칙대로가 답이다,[]
2018.05.05 22:36,276,lica****,221.165.***.1,6,2,"떨어지는


칼날 잡지


마시오",[]
2018.05.05 22:35,570,nadg****,223.62.***.128,9,4,"바부들아. 금강원에서 늦게 발표햇음
정보에 빠른 기관이나 외국인 연일 팔구 그걸 개미들이 받아겟지

그리고 그런 내용이 공론화 되면

개미들이 보유량이 많은채. 폭락속. 공매도 치겟지

이 돌들아","['다 똑같은 놈들이군', '훌륭하심^^', '썩은 건 신속히 도려내야지']"
2018.05.05 22:34,350,kimd****,105.131.***.150,19,2,"삼성 바이오는 태생부터 심히 걱정되었던 종목이였죠. 2011년인가요? 셀트리온 5000억에 먹을려다가 실폐한후 삼성그룹의 미래 먹거리란 미명 아래 나스닥상장 뻬꾸기 날리다가 온갖 특례 조항들로 범범해서 어거지로 상장했죠. 여기까지가 박근혜의 입김이 작용했을걸로 예상되고 최종 대법원 판결이 제대로 난다면 승계작업과 관련한 지원여부가 결정나겠죠.

개인적인 생각은 딱 여기까지만하고 말았으면 좋았을걸.. 세상이 바뀌였는데도 개버릇 남 못주고 인위적인 주가 부양이 자행됩니다. 모든 동원 가능한 기레기들 총동원령... CMO하는 회사의 실적과 성장성을 자의적으로 해석하고 충동질하며 무려 60만원까지 밀어 올립니다. 목적은 삼생 전자 주식과 물산 바이오 주식 스위칭인데 충분히 합리적인 의심이 가능하죠.

중요한것은 개미들이 현옥되어 이런주식을 사왔고 지금도 사고 있다는 겁니다. 바이오에 대해서 하루만 공부해보면 옥석을 구분할 수 있는 자료는 넘치는데.. 지금이라도 탈출하시죠. 장기투자 할수있는 주식 많습니다.

어떠한 결론이 날지 모르지만 삼성바이오를 시발점으로해서 한국의 금융이 아프리카 우간다보다 못한 순위의 불명예를 씻고 모든 개미가 안전하게 투자할 수있는 투자환경을 문통 제임기간동안 만들었으면 합니다. 전 셀트리온 과 GS건설을 보유한 장투자 입니다. 안타까운 마음에...","['지금팔고 15만 깨지면 사도 차익이 얼마냐', '짝짝짝! 진정 개미를 위하는 마음', '님.. 지대로 아시는 구먼요~. 짝짝짝..']"
2018.05.05 22:34,376,ksii****,110.70.***.45,11,5,"정부기관이 잠정적으로 뉴스 때렸다!
삼성물산 합병까지 얘기가 간다!
이거 정부기관이 번복할 것 같냐?
피해보상은 어떻게 할려구!
글고 삼성그룹 자체가 양아치 짓 해서
이만큼 큰거다. 물타기라든지 단타도
치지마라. 정리매매 들어가면 골치아프다!
만원 수준에도 정리될 수 있다!
부정부폐는 이제 이 나라에서 없어져야
한다~~~삼성 너네들도 더럽고 아니꼬우면
딴데로 본사 옮겨라. 하지만 받아줄 나라
없을끼다. 꼼수로 그룹 승계하는 회사
누가 믿고 받아주랴~~~^^
좀 당당하게 돈 벌어라. 재용아!","['청산가치가 6만원이다 ~\n1만원은 수정가람 ~~', '아랫님아! 아이고. 니 그리 살다가 쪽박찬데이 현실을 직시해라.', 'ㅋㅋㅋㅋㅋ 트럼프 하는말 못들음? 삼성 환영해요~\n전세계 모든나라가 와달라고 콜때릴걸ㅋㅋㅋㅋㅋㅋ\n니 밥줄은 사망 ㅇㅋ?']"
2018.05.05 22:33,211,bobp****,122.45.***.113,7,0,"배아픈 세력들이 많네, 난 이참에 주식 담보 대출까지 추매다, 이럴때가 기회다",[]
2018.05.05 22:33,267,soso****,175.200.***.86,1,2,10만원대 오면 매수 예정이거든요,[]
2018.05.05 22:32,682,sang****,223.39.***.74,6,4,"금융감독원이 외부 보고용으로 작성한 '삼성바이오로직스 회계감리 관련 보고'라는 문서입니다.

주주사 즉 제일모직의 합병회계처리를 위하여 주식에 대한 평가가 이뤄졌을 뿐인데, 마치 지배력이 바뀌는 사건이 발생한 것처럼' 회계처리방법을 바꿨다고 돼 있습니다.

분식회계는 보통 개별 기업이 가치를 부풀리거나 손실을 감추려고 하는 게 일반적입니다.

그런데 금감원이 이례적으로 삼성바이오로직스의 분식회계에 다른 목적이 있다고 보고, 그걸 적시까지 한 겁니다.

금감원이 사안을 매우 심각하게 보고 있고, 이 결론을 뒷받침할 근거 자료도 확보하고 있는 게 아니냐는 관측이 나오는 대목입니다.

실제로 2015년 삼성물산과 제일모직 합병 당시에도, 이재용 부회장에게 유리하도록 제일모직 가치를 높게 평가하고 있다는 문제제기가 끊이지 않았습니다.

당시 국민연금공단 내부에서도 제일모직이 보유하고 있는 삼성바이오로직스가 이익도 안 나는데 가치를 지나치게 높게 평가하는 것 아니냐는 반발이 있었을 정도입니다.

삼성바이오로직스 측은 불법회계처리가 아니며, 이로 인한 이득도 없었다는 입장을 고수하고 있습니다.

이 사안은 원래 오는 10일 열리는 금융위원회 산하 감리위원회에 상정될 것으로 예상됐지만, 금융위는 시간이 더 필요하다며 시기를 미뤘습니다.

MBC뉴스 노경진입니다.

노경진 기자 (mbckija35@gmail.com)

[저작권자(c) MBC (http://imnews.imbc.com) 무단복제-재배포 금지]


Copyright(c) Since 1996, MBC&iMBC All rights reserved.","['엠비씨 좌측 전문이다ᆢ', '정부좌파방송임', '아래님아!\n바꾸네 정부 때 상장시켰다.\n이거 만원짜리다!', '엠비씨 좌파가 접수한뒤로 시청률 종편보다 낮게 나옴']"
2018.05.05 22:31,340,ysn7****,175.114.***.69,6,0,"매수한 그 손모가지로
자신의 뺨을 힘껏 내리친다
자~~~두세번 더 내리친다~~",[]
2018.05.05 22:29,320,skki****,211.201.***.31,4,2,"비쌀듯

이런 주식을 왜사니?

버블로 무장한 주식.

아무도 버블이라고 언론플레이 안한게 화근이네

누군가는 악플 찌라시를 조직적으로 막아왔다는 거 다 알자나",[]
2018.05.05 22:27,216,soom****,118.40.***.111,0,1,개미들 헛된 거시기로 머시기하지말고 쪼까라도 거시기할때 머시기해라~진짜 조땐다.,[]
2018.05.05 22:27,574,jh42****,223.62.***.32,20,13,"그걸 이제와서 상폐하는게

그리 단순한 문제냐?

진짜 무능한 정부의 끝판을 보여주는 사건이다.","['분식집 범죄입니다~', '503호때 상장한거는 말바꾸고 상폐해도 됩니까?', '정부가 정권바뀔때마다 이러면 정부냐 양아치 집단이지', '정권이 바뀌면 다 바뀌나?', '503호 때 상장..', 'ㅋㅋㅋㅋ 삼바주주들만 그래 생각함', '단순 논리로 말해주면 지난정부때 재건축아파트 완공했는데 지금 주사파기준엔 안맞다고 아파트 부셔버리라는것과 똑같은 논리', '당시 규정이 삼바 상장하겠다니까 똿하고 바꼈따니께 ㅋㅋ']"
2018.05.05 22:26,629,cgk2****,114.206.***.43,18,5,삼물합병까지 다시 문제삼는것보니~,[]
2018.05.05 22:25,360,trav****,115.138.***.42,8,1,ㅊ,['존물딱는 휴지']
2018.05.05 22:25,259,en_i****,123.109.***.238,5,0,"삼바 때문에 제약 바이오주가 폭락

그로인해 종합 폭락

다른 주에 민폐가 되고 있다...

거래 정지 시키라~

이러다가 삼바 심사할 동안 종합지수

조정 오것다....거래 정지 시키라",[]
2018.05.05 22:24,263,sent****,211.197.***.152,12,0,솔직히 거품이 너무 심했습니다.,[]
2018.05.05 22:29,144,bobp****,122.45.***.113,2,0,딱이다,[]
2018.05.05 22:24,620,14sa****,112.165.***.135,13,1,"이제

답이 없네","['하이에나같이 달려들져?', '세력도 포기']"
2018.05.05 22:23,242,urbr****,110.70.***.49,5,4,무능한 정권,[]
2018.05.05 22:22,290,rklf****,211.36.***.128,3,0,나오고 나서 거품물어라~~벌써부터 우는소리하긴~~,[]
2018.05.05 22:22,317,mann****,58.142.***.172,1,0,"건드는 것마다 망하는 것도 쉽진 않은 듯. ㅇㅇ
물론 주어는 없음",[]
2018.05.05 22:21,212,boss****,110.12.***.167,0,0,좀더 몸이빨리 만들어 지겠다 안쓰러운 ㄴㄷ이 만아서 ~~~111,[]
2018.05.05 22:21,263,card****,115.23.***.32,3,0,"다른건 풍문으로만 돌아도
거래정지부터시키더니
요건 왜이라지",[]
2018.05.05 22:20,284,gumj****,175.223.***.176,7,0,"심사하는게 삼바나 바이오 전체를 위해서도 좋겠내 정지동안은 주가 하락은 없고 대내외를 보나 삼바를 상폐시킬순 없을테니
전체바이오 초토화 이럴바엔 애초에 연구 다끝나고 매출 확실히 나올때 상장시켰어야지
연구중에 상장시켜 매출운운 하며 주주들 다죽게 만드는 건 먼지
차라리 바이오 전체를 상폐시켜라 우리나라는 신약 연구 개발 아예 못하도록 그럼 금감원 정부 희대에 작품으로 역사에 남고 좋겠내
글고 발표하는 입은 재빠르게 놀리면서 일처리는 왜 신속히 못하는지 온통 국민들에게 민폐 끼치면서",[]
2018.05.05 22:19,337,kbe7****,175.223.***.206,4,2,"대북주로 옮겨라
회복해야제
멍때리고 있으면 손실만 늘어난다
철도주중에서 아무거나 잡아도 여서 일은거
회복한다

답답혀서 잔소리 하고 간다","['철도주 끝물이다 정신 챙기라', '답이 없네요 경협주로 갈아타라고 글케 말을 해줘도..\n세력다빠진 바이오주 왜그리 집착하는지..']"
2018.05.05 22:19,318,urbr****,110.70.***.49,0,0,쳐죽일넘들,[]
2018.05.05 22:18,205,boss****,110.12.***.167,1,0,주주는아니지만 20년 주식 좀만참아요~~~믿거나 믿어라~~,[]
2018.05.05 22:16,570,nclo****,112.151.***.194,6,9,"금융위 ""삼성바이오로직스, 금감원이 독단 결정""

금융감독원이 상위 관리기관인 금융위원회의 반대에도 삼성바이오로직스 특별감리 결과를 일방적으로 공개한 것으로 드러났다.
금감원은 또 분식회계 혐의라는 민감한 사안을 확정되지도 않은 시점에 서둘러 발표해 삼성바이오로직스 주가를 폭락하게 하는 등 시장 혼란을 부추겼다는 지적을 받고 있다.

금융위 관계자들은 “확정되지 않은 혐의를 공개하는 건 시장에 큰 혼란을 줄 우려가 있다”며 반대한 것으로 알려졌다. 금융위 감리위원회를 거쳐 증권선물위원회에 안건을 상정한 다음, 증선위에서 위반 여부를 최종 확정한 뒤 공개해야 한다는 것이 금융위의 의견이었다.

금감원은 금융위의 반대에도 지난 1일 삼성바이오로직스에 사전통지서를 보냈다는 사실을 언론에 공개했다. 금융위 관계자는 “금감원은 공개 시점에 대해서도 금융위와 사전 협의를 한 번도 하지 않았다”며 불편한 기색을 내비쳤다. 이에 대해 금감원 관계자는 “감리위에 안건을 넘기기 전까지는 금감원 권한”이라며 “규정상 사전통지서 공개 여부 및 일정을 금융위와 합의할 필요는 없다”고 주장했다.

금융계는 금감원이 조속한 금융개혁을 요구하는 청와대와 여당 및 시민단체의 행보에 발맞추기 위해 무리하게 발표부터 한 것으로 보고 있다. 금융위와 금감원 모두 책임을 피하기 위해 이전투구를 벌인다는 지적도 나오고 있다. 금감원이 지난달 25일 금융위에 의견을 알린 것, 금융위가 금감원의 일방적인 결정이었다고 주장하는 것이 ‘면피용’에 불과하다는 진단이다.



결국은 삼바 분식회계 이번작품은 문죄인 참여연대 패거리들이 벌인거네?

http://finance.naver.com/item/board_write_edit.nhn?code=207940&mode=write","['한진가 처럼 인민재판 하려고 시도하는 것 아닌가? 게시판 장악하고 촛불들고 삼성본사 앞에 진치고.. 그리고 이사회 장악하면 삼성은 누구 꺼?', '금감원이 원래 그런 일 하는 곳.', '니가 투자를 잘못한걸 왜 정부탓을 하는지..\n너같은 놈은 걍 주식판에서 끄지라..', '금융위도 개혁해야 하것네.. 하기사.. 금감의 금융위 밑에 있는 것 자체가 코메디당~~. ㅎㅎ']"
2018.05.05 22:15,263,en_i****,123.109.***.238,18,0,"삼바 때문에 제약 바이오주가 폭락

그로인해 종합 폭락

다른 주에 민폐가 되고 있다...

거래 정지 시키라~

이러다가 삼바 심사할 동안 종합지수

조정 오것다....거래 정지 시키라",[]
2018.05.05 22:14,206,boss****,110.12.***.167,0,2,"화요일 훅 지하로 잠간쉬었다 오후늦게 잠에서께어 놀아볼려구 스트레칭 할꺼에요
다음날 몸만들어졌고 천천히 갈꺼에요 다음주는 준비단계니 몸만들 자구요~~~오늘은 우리들 세상^^",[]
2018.05.05 22:14,532,bikt****,211.203.***.36,6,1,문상,['자근 애비 죽었어요..???????']
2018.05.05 22:13,312,hook****,223.39.***.54,20,6,"쪽발이 잔재들이 만든 삼성의 민낯
삼증 8억주 폭탄사건
삼바 분식회계등
희대의 금융사기 사건 장본인
조희팔을 필두로
쥐박이 닭년 두환이 태우
희대의 사기꾼집단 본거지
Tk대구","['절라도갱갱이들 전부 살처분 해야한다.주식판에 왜 지역 감정 유발하냐..', '문재인 지지자들의 한계\n뇌는비었고 할말없으면 지역감정에호소', '전라도분이네', '글 내리세요.\n사실여부를 떠나 지역감정은 안됩니다.', '한심한']"
2018.05.05 22:15,141,pyou****,175.223.***.33,2,2,"나라팔아먹는 좌파들은 북한빨갱이들과
깊은 관련있다",[]
2018.05.05 22:12,324,kbe7****,175.223.***.206,10,1,"이런 개뻥을 봤나
거품쫘악 빼라",[]
2018.05.05 22:10,295,rnbk****,39.118.***.117,5,4,"왜곡인지
아닌지는
특검해보자",['문베충아 정치 댓글 그만해']
2018.05.05 22:09,456,sona****,39.7.***.190,19,8,"영혼이 있다는것과 없다는것
회사를 지켜야된다는것과 내돈만지키면 된다는것
생각이 있다는것과 없다는것

셀트리온이 대한민국에 존재한다는것
미래가 있다는것

삼바가 상폐당한다는것 그래도 정의가 살아있다는것",[]
2018.05.05 22:08,454,zura****,175.223.***.29,7,0,ㅈㅂ들 수고해,"['23조 순삭임메~', '머여. 아직도 23조나 남았어?\n대단하네']"
2018.05.05 22:07,591,cha0****,115.86.***.222,16,4,될꺼야 ㅋㅋㅋ,"['진짜 양아치네', '감당할수 있겠어 ㅋㅋㅋ']"
2018.05.05 22:07,370,card****,115.23.***.32,9,1,"15만원짜리가35만원가서
65만원갔던주식이 35만원오니
싸게보여서?","['15에서 새로운 정보가 등장을 해서60만원 넘긴거지 똑같은 상황에서 그렇게된줄아네 ㅋㅋㅋ 그러니까 돈을 못벌지', '그러게요.. 나도 이주식 사는 사람 이해가 안됨..;;;\n망해봐야 정신차리지...ㅊㅊㅊ']"
2018.05.05 22:06,439,rnbk****,39.118.***.117,6,3,"미 나스닥준비중
와 달라고 사정사정
뒤통수
뒤통수
이걸 미리 알았내",['나스닥에서 거절당한걸로 아는데']
2018.05.05 22:06,269,en_i****,123.109.***.238,6,3,"삼바 때문에 제약 바이오주가 폭락

그로인해 종합 폭락

다른 주에 민폐가 되고 있다...

거래 정지 시키라~

이러다가 삼바 심사할 동안 종합지수

조정 오것다....거래 정지 시키라",[]
2018.05.05 22:02,241,rnbk****,39.118.***.117,10,4,"모든 자금은
북한 먼저
우리 으니 먼저 입니다

잴 돈 많은
삼성이기에
우리 이니가
기대가ㅡ큽니다


우리 으니
우리 이니
같이 잘 놉니다",[]
2018.05.05 22:02,591,reli****,49.95.***.50,9,4,삼성바이오로직스... 결국은 어케되나..,"['주식하는 사람 다 아는 내용이지만, 재판에서 쓸수있는 객관적인 증거는 없을 것.', '공매 알아 아닌것 같은데요? 이거 심각할것 같은데요?', '공매 알바들 ㅋㅋㅋ']"
2018.05.05 22:01,245,hawk****,110.70.***.208,2,0,바이오주 주가 끌어 내리는 물귀신. 죽을려면 혼자 죽지!,[]
2018.05.05 21:59,399,gnos****,203.166.***.130,1,1,"걍.. 쉽게 삼물과 삼전 외쿡인과 기관의 매매형태만 지켜 보면 됨~~..

일단 두 회사 모두 외?깅 / 기관 올 매도~~.. ㅋㅋ.

ㅎㅎ",[]
2018.05.05 21:59,351,gaga****,223.62.***.23,3,3,바이오주 죽이고 대북주주가뛰우기냐 그럼현정부을 에떻게 이기리 단지 돈만 날라간다,[]
2018.05.05 21:58,530,shin****,58.140.***.49,20,17,결국 대북 기업들만 좋아지고 있다... 대부분 기업들은 더 안좋아지고 있다는거 알고 명심해라.. 중국한테 별말 못하고 굽신까지 거렸지만 결국 한한령도 못풀었다~ 삼전 삼바만의 문제가 아니다... 나라가 어떻게 되려고,"['그거 모르고 투자하는 투자자들은 무슨죄냐??', '저능아 박근혜뇨오온이 돈받고 말받고 해서 불법 편법으로 부실기업 상장해준거 제자리 찾아가는거다\n곧 거래정지되고 상폐된다. 신난다 ㅋㅋㅋ', '삼성 물어뜯는 문슬람 ㄱㅅㅋ들', '아니.. 본인이 투자를 해서 손해가 난것을 왜 남탓을 하는지..', '박근혜가 똥싸놓은거? 그거 말하는거지?', '곧 한국은 침몰합니다 함 두고 보시죠', '한한령 풀리기 직전인데요? 아모레퍼시픽보세요. 전고점 뚫는 차트입니다.']"
2018.05.05 22:03,161,skys****,211.237.***.142,3,0,?아,[]
2018.05.05 22:03,155,pyou****,175.223.***.33,0,2,"어이 무슨돈으로 한다고 니돈으로할꺼야

그리고 통일 통일하는데 적화통일 말이가

개정은이가 순순히 자본주의로 통일할것같나",[]
2018.05.05 21:57,384,rnbk****,39.118.***.117,10,5,"멀
어쩌자는건지?

그냥
우리 이니가
북한에 좀 해달라고
솔찍히 말하지?
이게
니들 속셈 아니니?","['나스닥에 상장하려고 했는데 거래소에서 사정사정 해서\n국내 상장했더니 왠 양아치 세카들이 붕신짓을 해요.\n조선놈들은 안된다니까', '그러게 ㅎ', '뭐말이고\n옹알이가 알아듣게 야기해봐야']"
2018.05.05 21:56,425,dhle****,49.1.***.26,13,6,"청와대가 대법원에 전화를 걸어 이재용 삼성전자 부회장에게 집행유예를 선고한 정형식 서울고법 부장판사를 파면하라는 국민 청원을 전달한 사실이 드러났다. 청와대는 정 부장판사를 파면하라는 '국민 청원'이 23만건에 이른 지난 2월 22일 이승련 법원행정처 기획조정실장에게 청원 내용을 전달했다고 한다. 법조계에서는 삼권분립과 법치주의를 해치는 심각한 행위라는 지적이 나온다. 이에 대해 청와대는 ""사법부가 독립적 권한을 가진 만큼 청원 내용을 법원행정처에 전달하겠다고 이미 밝힌 바 있다""고 한다.

판사의 판결에 동의하지 않을 수도 있고, 비판할 수도 있다. 그러나 그 판사를 잘라버리라는 것은 인민재판식 폭력 행위다. 지금 청와대 게시판 국민 청원은 여론 창구 역할도 하지만 이런 정치 폭력 수단으로 이용되고도 있다. 현 정권 마음에 들지 않는 일에 대해 떼로 몰려들어 마치 그것이 국민 여론인 양 포장한다. 드루킹 댓글 조작도 이런 행태의 하나였다.

애당초 정 부장판사 파면을 요구한 국민 청원은 판사의 신분을 보장한 헌법에 정면으로 배치된다는 점에서 정당성이나 실효성이 없는 행위였다. 헌법 106조 1항은 '법관은 탄핵 또는 금고 이상 형의 선고에 의하지 않고는 파면되지 않는다'고 규정하고 있다. 또 법관은 '직무 집행에 있어 헌법이나 법률을 위반했을 때' 파면될 수 있다. 정 판사는 어디에도 해당하지 않는 것이 명백하다.


그런데도 청와대가 참고할 만한 여론과 정치 공격성 집단행동을 구별하지 않고 대법원에 직접 전화를 걸어 판사 파면 청원 내용을 전달한 것은 사실상 파면 압박에 동조한 것과 같은 효과를 낳을 수 있다. 대통령이 대법원장과 대법관 임명권을 가진 상황에서 청와대가 특정 판사를 파면하라는 청원을 전달하면 사법부가 이를 어떻게 받아들일지는 쉽게 짐작할 수 있다. 실제 앞으로 정 판사가 인사 불이익을 받을 가능성을 배제할 수 없다.

정권 마음에 들지 않는 판결을 내린 판사들이 이런 협박을 받게 되고 이것이 판결에 영향을 미치면 더 이상 사법부라고 할 수 없다. 민주 사회도 아니다. 요즘 정권의 지지율이 고공 행진을 한다고 이에 편승해 온갖 무리하고 무도한 행태가 곳곳에서 벌어지고 있다. 김명수 대법원장은 지난해 9월 취임사에서 ""법관 독립을 침해하려는 어떠한 시도도 온몸으로 막아내겠다""고 다짐했다. 지금은 대법원장이 직접 나서서 단호한 입장을 표명해야 할 때다.","['청소년 법정에서 봤더니,\n거제도 취직하러 갔다가 차비가 떨어져,\n마트에서 현금 몇 만원 훔쳤다는 절도죄로\n2년 징역 3년 집유 선고 받더라.', '나스닥 상장 운운하는 것들은\n턱도 없는 소리마라.\n미국이 불법,탈법 회사 놔둘것 같냐?\n한국사회에서나 불법으로 삼성이 컷지.\n이번 사안이 나스닥에서 발생시 공중분해감이다.', '과거 정권과 뮈가 다른가?', '국민들의 청원이 23만여건에 이른다는건 분명히 판결에 문제가 있다는걸 암시하고있다. 의사도 오진이 있을수도있고 판사도 오판이 있을수가있다.그걸지적하는 국민들의여론도 전달하지 못한단 말인가 ? 판사는 치외법권지역에존재하는직업인가 ?', '일본으로 가는게 좌빨들 거품물게', '누가 봐도 좃같은 판결이고 더러운판결\n그판사새끼 좋게죽지는 못할거다', '그치 나스닥 재상장']"
2018.05.05 22:19,105,win5****,121.174.***.215,0,0,국민들의 청원이 무려23만여건에 달한다는건 분명히 판결에 하자가있다는걸 암시하고있다. 의사들도 오진이있고 판사도 오판이 있을수도있는데. 그것을 23만여명이 지적하고있는 국민들의 의사를 전달한것인데도 사법부 독립운운하고 감싸는건 사법부는 치외법권지역이란 말인가 ?,[]
2018.05.05 21:55,257,hakd****,223.38.***.117,1,1,"주주도아닌 좌빨새끼들이 많을까
거지세키들이 주가떨어지면 몇주사볼까 싶어서
결론은 돈때문에 지랄연병 하는구만.",['여기는 아직도 드루킹이 활동하나봐요']
2018.05.05 21:54,414,csrj****,110.70.***.46,7,1,"바이오 끝났어요~
다들 나오세요 이거 공모가 수준으로 갑니다",['바이오가 문제가 아니고 삼쑝이 문제라는게 팩트 아닌감?']
2018.05.05 21:53,239,yxg1****,211.215.***.118,0,1,"10만 밑으로 오면 담구고 그전에 상폐당하면 ""치아라마~""",[]
2018.05.05 21:52,277,en_i****,123.109.***.238,8,0,"삼바 때문에 제약 바이오주가 폭락

그로인해 종합 폭락

다른 주에 민폐가 되고 있다...

거래 정지 시키라~

이러다가 삼바 심사할 동안 종합지수

조정 오것다....거래 정지 시키라

돌아이 금감원 생각좀 해라",['법은 법대로 해야 함 잘못 된것이면 상장 폐지 시켜야 함 손해는 삼성그룹에서 배상 시키고']
2018.05.05 21:51,415,zxcv****,118.35.***.114,2,2,총알을 준비됐다.......저가매수하자..,[]
2018.05.05 21:50,329,gnos****,203.166.***.130,5,0,"흠~~~..

저동네도 터지는 구나~~~..

불쌍한건 개미들 뿐~..",[]
2018.05.05 21:50,409,yang****,125.180.***.83,2,1,팩트~~~~,[]
2018.05.05 21:49,278,trav****,115.138.***.42,4,2,ㅌ,"['원칙이없는 금감원 악질분자들 부터 감방에 보내야할것이요.', '삼성인데 되겠어요? ㅋㅋ']"
2018.05.05 21:49,249,leos****,223.39.***.115,5,8,이 정권은 삼성죽이기랑 야당 죽이기 돌입했네,"['슈츠라는 드라마가 떠오름...그 명언..죄는 두손 머어쩌구', '죽이기는 개 뿔 자살골이제']"
2018.05.05 21:58,118,pyou****,175.223.***.33,0,0,재인이도 언젠고 쳐 맞을때 있을것이다,[]
2018.05.05 21:48,448,shbm****,125.252.***.15,3,6,회사는 분식뉴스 나오기전에 소유했던 소액주주에게 뉴스전일 종가와 배상기준일날 주가와의 차이를 배상하여야 할 것이다. 결국 주주가 주주에게 배상하므로 조금 이상하기는 하지만.,['회사가 미쳤냐']
2018.05.05 21:48,229,en_i****,123.109.***.238,6,2,"삼바 때문에 제약 바이오주가 폭락

그로인해 종합 폭락

다른 주에 민폐가 되고 있다...

거래 정지 시키라~

이러다가 삼바 심사할 동안 종합지수

조정 오것다....거래 정지 시키라

돌아이... 금감원",[]
2018.05.05 21:48,212,hakd****,223.38.***.117,1,3,"밥처먹고 할일그렇케없나 남의일에 감놔라 배놔라
불쌍한 양아치새끼들",['그러는 당신은 주주요? 나는 다른 제약바이오 갖고있는사람인데. 피해가 엮인거 같아 얼른 상폐시켜야 할것같소. 외국에선 마인드가 정직하지 않은 기업은 용서하지 않은것으로 아는데 우리나라는 참 인정이 많은나라라 그런지']
2018.05.05 21:47,414,ball****,117.111.***.214,3,0,"할려나~~

한진해운 12원 매수한
외인은 뭐하지!!!",[]
2018.05.05 21:47,334,jjan****,211.36.***.46,6,0,역시나 분식은 분식 ㅅ ㅅ,['떡볶기 말고 ㅎㅎ']
2018.05.05 21:45,285,gaga****,223.62.***.23,4,5,노조금지 일류기업 삼성기업 마일드을 따라야 대한민국이 부강국가다,['옴진리교? 삼성이? 허긴 ^^']
2018.05.05 21:45,345,ldor****,124.80.***.119,16,2,"삼성의 좌우명
모든것은 돈으로 해결된다
판사 검사도 돈으로 매수 했고
국회의원도 돈으로 매수했고
최순실도 돈으로 매수했고
경쟁회사는 돈으로 매수하고 반대하면 돈으로 망하게 만들고
자회사는 돈으로 키우고
노동조합원도 돈으로 매수하고
분신자살한 조합원 가족도 돈으로 매수하고
공무원도 돈으로 매수하고



한번 봅시다
삼바는 돈으로 상장 했는데
어떻게 돈으로 해결 하는지",[]
2018.05.05 21:44,270,en_i****,123.109.***.238,3,0,"삼바 때문에 제약 바이오주가 폭락

그로인해 종합 폭락

다른 주에 민폐가 되고 있다...

거래 정지 시키라~

이러다가 삼바 심사할 동안 종합지수

조정 오것다....거래 정지 시키라

돌아이 ..금감원",['그것보다 개미들은 아직도 주가가싸게 보이나봐요']
2018.05.05 21:43,259,card****,115.23.***.32,5,0,"외국인은 공매도하고 다시사고 돈벌고
개미는 사고 물타고
물렸다고 소송한다하고",[]
2018.05.05 21:42,188,en_i****,123.109.***.238,4,1,육개장 한 그릇 주소~,[]
2018.05.05 21:40,228,kcap****,39.7.***.194,2,0,마이뭇다아이가,[]
2018.05.05 21:40,212,c1p2****,116.42.***.214,4,0,"춤을 추고 있는 그대....
설윤됴 입성..",[]
2018.05.05 21:40,316,hakd****,223.38.***.117,6,5,조은신약 개발해놓으면 재일빨리 시처먹을놈들,"['불로초 개발하냐?\n삼바에서 매출난 의약품은있냐?\n이번껀도 자회사매출인거지. 삼바매출아니자나?\n상장시킬려고 재무상연결시켜서 만드는 바람에 이사단난거 모르고\n아이고야..', '개발을 못합니다 ^^']"
2018.05.05 21:40,403,dudg****,223.62.***.137,3,1,"금강원이랑 삼성에 속지마세요


다 쇼에요


왜 삼전 액분이랑 삼바이슈를 동시에 터트릴까요


왜 사람들을 더 불안하게 공휴일이 많이낀 지금 터트릴까요


왜 금강원은 상장검사할때 모른척한걸 이제와서 난리까요 !!!



왜 삼전은 액분하고 하락할까요 미국때문일까요정말?


속지마요


이러다가 속고 피해보는건 우리입니다","['소설을 쓰세요~\n명작 이겠습니다~', '상폐안시키면 그때 아~ 짜고치는 고스톱이였구나 하죠.올려서 팔고 내리면 공매로 벌고.']"
2018.05.05 21:40,214,opkr****,117.111.***.242,0,0,"유언비어나
악성댓글은. 서로
삼가합시다.",[]
2018.05.05 21:40,183,p487****,175.223.***.90,3,0,"하지마. 맘대로. 해석하면
어쩌자는겨
걍 상속세내고. 운영하지.
그리편법으로 상속해서 배처불겠다",[]
2018.05.05 21:38,493,14sa****,112.165.***.135,8,3,"장중
갑자기 거래정지 나올지 모른다",['거래정지돼면 삼성물산에 손배소하세요\n재용이 돈많은데 뭔걱정~']
2018.05.05 21:38,367,para****,220.117.***.230,14,4,공공의적이지 적폐대상이지,[]
2018.05.05 21:38,323,love****,58.76.***.210,10,7,"금감원의 정해지지 않은 분식회계 발표로

손해본 주주분들 참여하세요

이제껏 이렇게 발표 한적 없었죠.


http://m.news.naver.com/read.nhn?mode=LSD&mid=sec&sid1=101&oid=015&aid=0003934093","['정은이도 개과천선 해서 국민들에게 감동주는데\n재용이도 감방가서 개과천선 해야지~\n좀비들. 풀어서 물타지말고~', '분식회계 확정판결 나오면 ?\n그땐 꼭 이재용부회장 소송걸어라!', '여러분 주식이 이렇게 무서운 겁니다\n도박판에서 도박하다가 돈 잃고 멀쩡한 경찰들한테\n잃은 돈 내노으라는 심보가 바로 이런겁니다!!\n으이구 이런 개적폐!!']"
2018.05.05 21:37,225,slek****,223.33.***.152,2,3,"언론 찌라시에 속지말자~!

우린 갈길 그대로 가면된다.",['한강']
2018.05.05 21:36,198,en_i****,123.109.***.238,5,0,육개장 한 그릇 주소~,[]
2018.05.05 21:36,235,ldor****,124.80.***.119,8,4,"구급차까지 타고 갔네
이런 새기가 적폐중의 적페지
구급차가
빰 한대 맞고 타고 가는 자가용인줄 아는 김성태","['이런식의 생각 밖에 못하니...이런곳에서 물려있는 겁니다 ........정신 꽊 잡으세요 ..!!!', '홍갱이 아바타2호기...']"
2018.05.05 21:36,183,tm99****,203.171.***.68,3,0,머리아픈데...,[]
2018.05.05 21:35,381,2004****,112.187.***.108,8,1,무조건 입니다 운좋게 화요일 넘기면 다행이네요,['음 가능성있음 금감원 조치내용 일요일 보냄']
2018.05.05 21:35,304,slek****,223.33.***.152,0,3,"신용 풀쓰면 3억 2천까지 매수 가능하다~

이판사판이다~!!!",[]
2018.05.05 21:34,230,en_i****,123.109.***.238,7,3,"삼바 때문에 제약 바이오주가 폭락

그로인해 종합 폭락

다른 주에 민폐가 되고 있다...

거래 정지 시키라~

이러다가 삼바 심사할 동안 종합지수

조정 오것다....거래 정지 시키라",['그러다 상폐되면\n계속 거래해서 나갈 사람 나가야지 나참~~~ 지생각만하고 있네']
2018.05.05 21:34,240,0111****,211.243.***.155,4,1,"거래정지 상폐위기
주당 5만원 주식이지만
제가 주당 10원에 삽니다
싸게싸게 파세요

선착순 1명 입니다",[]
2018.05.05 21:34,360,tota****,121.151.***.136,15,13,"삼성바이오로직스를 이재용 항소심하는데 가져다 붙여서
인민재판에 다시 한국 1위 글로벌 기업을 망신주려하는가?

참 한심하다 한심해

북핵 문제해결국면으로 가면 베풀건 베풀어야지
그렇게 못땟게 하면 그 인과응보는 백배로 받을것이다.","['그럴려고 사장 바꾼건데 뭐...', '여러분 주식이 이렇게 무서운 겁니다\n도박판에서 돈 잃고 경찰들한테 도박판 냅뒀으니\n잃은 돈 내노으라는 심보가 바로 이런겁니다!!']"
2018.05.05 21:34,321,plus****,210.104.***.44,0,0,고수님들 답변 부탁드립니다..,[]
2018.05.05 21:33,227,tm99****,203.171.***.68,4,2,"재용이도 도망쳤어
너희 뭔 배짱으로 여기 쳐 자빠져 있냐??
재용이 하는거 봐라 군대가는 심정으로 간다잖아
2년 후에 돌아올껄?

부자되고 싶으면 재용이 처럼....",[]
2018.05.05 21:33,536,posc****,223.39.***.182,13,2,"와

진짜 힘드네요",['도 망쳐라 자살은 하지말구']
2018.05.05 21:32,223,ldor****,124.80.***.119,7,1,"상폐하든 정지하든
법대로 하면 된다",[]
2018.05.05 21:32,252,carg****,211.36.***.168,7,5,이게 나라냐? 투자자는 뭐냐?,['그러니까 금감원새끼들 또나이지.']
2018.05.05 21:31,318,hakd****,223.38.***.117,11,15,"한진 조현민은 물컵던졌다고 구속영장 청구했는데
기각은 되었지만 백주대낮에 김성태 테러한놈
구속해? 더불어 미투당인지 좌빨새끼들인지
배후를 밝히라
이것도 국정조사 해야한다","['ㅋㅋㅋ혼수성태~', '참 욕본다 어차피 혼수성태~', '폭행도 아니고 테러는 더욱아니고\n혼수성태에서 벗어나지 못하면\n저렇게 된단다', 'ㅎㅎㅎ']"
2018.05.05 21:31,250,daon****,59.4.***.216,5,1,"정권과 재벌은 막강하지만
촛불혁명 백성들이 예전같지 않다는 것

이번에도 삼성이 우째 빠져 나갈려나
삼증사태도 있고 북미회담 끝나고
지방선거 끝나면
금융개혁 피바람 몰아 칠려나?

금융개혁 없이 이 나라 미래가 없다면
피해가지 못할 듯",['조선시대 당파싸움이 민족 혼이 된 나라\n까는 거는 세계 일등이 되였네\n나 말고 다까\n잘못된거 다까\n근디 여론으로 다까는 무슨 주의인가\n다 까다가는 세월만 간다']
2018.05.05 21:31,174,guno****,223.62.***.85,2,0,"만원이 멀지 않아또!!!

아리가또♡♡♡",[]
2018.05.05 21:31,336,socc****,117.111.***.197,4,2,금강원이 가만두질 않네요. 오히려 강공입니다. 반전은 힘드네요.,[]
2018.05.05 21:29,320,hook****,223.39.***.54,7,1,"다시 감방 다긋다
ㅍㅎㅎㅎㅎ",['아 나 다시 감방가야죄네']
2018.05.05 21:29,230,leed****,211.176.***.248,5,1,~,[]
2018.05.05 21:28,368,huan****,211.209.***.154,14,9,"2015년 5월 제일모직-삼성물산 합병당시... 그 시점에 이미 가치를 따져서 합병 비율이 공시됐는데...

2015년 말 회계변경이 어떻게 2015년5월에 영향을 미칠수가 있었다는 것인지...

시점상 설명이 안되니...사후정당화 하기위해 분식회계라고 하는건 정말 너무심한 어거지...

Ifrs상 가능한 회계처리였는지를 얘기해야지요... 그게 핵심이고 목적은 그다음이에요... ifrs를 위반했고 거기에 고의가 있어야 분식회계가 되는겁니다

이번건은 ifrs위반으로 보기힘들다는게 회계 업계쪽 중론입니다. 언론보도를 통해서 다들 아실거에요

엠비시 보도 신경쓰실 가치도 없습니다",['삼성 뜯어먹으려고 좌빨들이 큰그림 그리고 있는거죠. 핵대중개갞기가 그랬던것처럼. 북괴가 요구하는 천문학적인 돈 갖다바칠려면 삼성돈뜯는수밖에 없지묘.']
2018.05.05 21:26,201,mano****,211.175.***.239,6,2,드라마나 봐라,[]
2018.05.05 21:25,714,peac****,211.246.***.77,14,6,"Mbc뉴스데스크에서 삼성이라면 그죠
이거 분식회계 확정이네요!
화요일 매도기회라도주면 어이쿠하고나오셔요 깡통차지말고요!","['엠비씨 안본지 오래됨', '엠비히 극좌방송으로 태세전환했지...삼성을 타도의 대상으로낙인찍고 공격중~', '밑에 너는 조선 동아 중앙일보만\n보는구나\n쇠뇌되면 어찌할방법이 없더라고', '북한 노동당방송여, mbc요즘 거기뉴스보는사람있냐? 1%시청율같은데']"
2018.05.05 21:24,622,carg****,211.36.***.168,7,11,"금감원 권력은 정말 대단하다.
한국에서 기업 하겠나?","['정권이 바뀌면 다 바뀌나? 그건 박근혜 하던 짓이랑 뮈가 다른가?', '법이 먼저지 시총이 먼저냐~~', '승인은 앞에 보수 정부가 한 거 아니가?? 팩트를 정확히 알기바람', '지들이 승인하고 지들이 상폐? 웃기지 않나? 투자자는 호구냐?', 'American Style 이야~~.. 삼성이라고 봐주면 곤란혀~~~.. 분식점 차린거라면 시장 퇴출이지~~..', '항상 그랬어']"
2018.05.05 21:24,243,opkr****,117.111.***.242,0,0,"삼바. 투자자. 비투자자분들
서로. 상대에게. 불캐감을. 주는
문자는. 하지맙시다
이문제가. 잘. 해결되어
투자자분들께. 더이상
피해가. 업길바라는. 마음
입니다
금감원. 금융위가. 더이상
국민들께. 실망스러운. 모습을
보이지. 말고. 신뢰할수있는
금융위가. 되었으면. 하는
바람입니다
기업도. 정당한..경영으로
투자자에게. 더이상..피해를
입히는. 일이. 없도록
신뢰할수있는. 기업인의. 자세를
가졌으면. 하는. 바람입니다",['그래서 분식회계 했다면 반드시 상패시켜서\n향후 이런일이 없도록 해야합니다.']
2018.05.05 21:24,336,hook****,223.39.***.54,2,3,"10주 합계가
쩝",[]
2018.05.05 21:22,392,spor****,218.51.***.206,1,3,"지인 분이 인척 통해 에피스 주식 매수 권유받았다고 연락 왔던데

로펌 통해 매수하게 된다고...로펌이 무슨소린지..?

삼성이 이긴다고 지금 싸게 살 기회라고 했다던데~~

물량 떠넘길라고 주작부리는거 아닌가여?

강남쪽에 그런소리 들어 보신분...??",['유통주식이 0인데 뭔솔']
2018.05.05 21:22,240,gnos****,203.166.***.130,0,0,"제일모직... 삼성물산...삼성바이오로직스...기업승계...국민연금...상속세절감...분식점.~~~

음~~~~~~~~~~

좋은 나라야~~..

ㅎㅎㅎ",[]
2018.05.05 21:21,234,carg****,211.36.***.168,0,0,경제는 복잡다단한 이해관계가 얽혀 있다.,[]
2018.05.05 21:21,212,bak2****,1.240.***.119,2,1,대통도 만드는 판국에 삼바정도야 재치기 한 방에 날릴 수도 있다. 삼성공화국 자체가 위태로와 보인다. 낙관적 기대는 금물!,[]
2018.05.05 21:20,465,komo****,117.111.***.75,4,6,"항공우주는 비리,횡령,뇌물,분식 다 걸렸는데

상폐면하더니 급등해서 원 주가 90%까지 가던데

삼바는 분식걸렸는데, 연기금, 외국계 지분 생각하면 상폐확률 거의없는데

그럼 45까지는 오르지 않음?","['외국인 그런생각하고있으면 전량 매도했겠지', '제생각이']"
2018.05.05 21:20,260,khj0****,211.243.***.75,3,6,"답없는것들아 다음주에 날아간다 매수 풀로 들어가라
엉아가 픽하나 준다
비트코인 수익률 250%다
쯧쯧 답없는 아이들아 돈벌고 싶으면 비트코인을 해라
괜히 존버하는 주주들 귀찮게하지말고 그지들아
돈없으면 비트코인을 하라고 엉아는 삼바 작년 2월에 16만원매수해서 48만원에 매도하고 2억벌어서 코인갈아타서 5억으로 뿔렸다 답없는것들아 쯧쯧
돈이없으면 맘이라도 곱게써라 돈없으면 주식을하지마 거지들아",[]
2018.05.05 21:19,249,sugo****,116.37.***.40,1,1,"금감원 : 분식회계인정 삼바 벌금 처벌
모는비난은 삼바로 돌리겠네
한동안주가회복 및 상승은힘들겠지
내돈 투자한건 손해본건",[]
2018.05.05 21:18,226,kimw****,210.221.***.100,0,5,"헬조선 버리고 나스닥가자
1004****18.05.05 21:18조회수 1신고
목표가 기백만원 뿜뿜~","['나스닥은 장난이니?', '제발ㅈ가요']"
2018.05.05 21:18,247,carg****,211.36.***.168,4,3,그가 하는 모든 걸 찬성하는 건 아니다.,[]
2018.05.05 21:14,617,hook****,223.39.***.54,6,3,"김성태 턱주가리 같은 갱상도
얼라한테 까였다
ㅋㄷㅋㄷㅋㄷ","['문베충들이 주식토론방에도 출몰이네', '맞을놈들은 다이유가있다는디 ㅋㅋ', '속이시원하다', '단식투쟁중에 안타까워서 주먹밥드시라고 줬다는데요?']"
2018.05.05 21:14,423,goam****,182.216.***.199,6,6,"금감원이 뭔 생각으로 그랬는지 모르겠지만 주식이란걸 1이라도 생각했으면 정지시켜놓고 싸우는게 맞다..나는 삼바주식이 너무 높아서 쳐다도 못보는 개미지만 주주들을 나라에서 1도 신경 안쓰는 처사에 놀랍다..

삼바가 막대한 자본을 들여 소송전 할텐데 지면 어쩌려고 그러는가...","['삼바에 관에 조사후 대책마련후\n\n야기한거라, 이길수없는 것입니다.\n\n더흔들어봐야 꾸정물만 나올거같네요.', '공무원들 그런게 생각안해요 출세가 우선이지']"
2018.05.05 21:11,385,dudg****,223.62.***.137,6,11,"어느나라에 사성전자라는 회사와 사성바이오라는 회사가 있었다


그런데 그나라의 큰손들은 사성전자의 성장성의 한계가 왔다 판단을 한다


그래서 사성전자의 물량을 다음 황제주로만들 세자주에게

물려주려고한다

그러기위해 일단 액변분할이슈를 터트려

주식을 하는 사람들 아닌사람들까지 전부 눈낄을 끌고와

너도나도 사성주식을 사들인다

그러면서 바이오에 큰 악재를 터트려 개인 물량을 털게 유도한다


큰이슈로 당황한 개인들은 사성전자로 몰린다


결과는 액분후 다들 상승을 예상했지만


하락한다 그큰 거래량은 결국 기관 과 개인들은 물량 바꿔치기로 마무리한다


그리고 그 물량은 곧 사성 바이오로 들어가고


사성바이오의 악재를 너무 허무하게 리스크제거를한다


그후 호재하나를 터트리고 지금까지 감추던 유럽실적을


가시화 시킨다


그래서 제2의 황제주가 탄생한다


개인들은 다들 슬퍼했습니다 끝",[]
2018.05.05 21:10,271,roh0****,14.50.***.93,4,1,"끊임없이 추락하네.
종가기준으로 240일선에 딱 있네.
바이오로 돈이 안들어오고
경협주로 빠지는게 악재임.
디스카운터 코리아..
신규로 바이오로 돈이 들어오거나
북미정상회담이 잘못되거나..
이래야 갈건데..

아무튼 쉽게 죽을 놈은 아닌데
현구간은 쉽지 않음.",[]
2018.05.05 21:10,274,k224****,1.246.***.128,3,4,"벌금이 없다
일억짜리집 대출을백억받다면
벌금내냐",[]
2018.05.05 21:08,362,kck3****,110.70.***.196,2,4,"셀트에서
89억에.인수하기로 확젓",['셀주주 열받는 소리마세요']
2018.05.05 21:08,318,love****,1.255.***.229,3,2,"북한에 대대적인 투자하겠다..
그리해봐..",[]
2018.05.05 21:08,297,plat****,175.223.***.228,2,3,"이번에 성과급 많이 받겠다

삼바 분식회계 감사요

그냥 상폐되서
50만때 120000개 공매때린거
한 500원에 갚을께 감사","['쓰레기를 어디에 버려야 하나요?', 'plat**** 테마주나 쫒어다녀라\n이곳에 기웃거리지말고']"
2018.05.05 21:04,392,bruc****,223.62.***.93,22,8,"왜 금감원 세기들이 뭔데 지배구조까지 언급하냐?

그걸로 삼성을 엮을라는거지.

준공무원 세기들이 분식이냐 아니냐만 판정하면 되지.

왜 지들이 판관이되냐?

이게 좌빨의 지령을 받은게 아니면 뭐냐?

참여연대일당.민주노총 연관이 없다면 손목아지 건다.

승인된걸 뒤집는 건 이재용 엮어 삼성해체라는 목적밖에 없다.

정상적인 사고을 하는 주주들이 막아야한다.

금감원세기들도 감방에서 여생 보낼기다.","['개작두가 답이다.', '당연하지.', '목적 다들 알잖아요 뭔지', '금감원 공매도 없앨 생각은 안하고\n참 한심하네.\n참여연대가 판사가?\n국개의원 티어 볼라고 작전쓴걸 그대로 인정 해주는 한심한 금감원아..', '금감원이 분식인지 아닌지만 보면 돼지 대체 합병을 위한 분식이라는 해석을 왜 지네들이 하는지 그래서 분식이면 분식인거지 ㅋ\n아무튼 경찰이 절도죄만 판단하면 되지 이걸 절도 함으로써 유산을 상속받는 것까지 죄목에 넣진 않는데 ㅋ\n보면서도 이해가 ㅋㅋ\n\n금 막판하고 시외때 막판 매수가 좀 ㅋ 이미 정보가 잇엇던거 같기도 하고', '분식의 목적 중요합니다']"
2018.05.05 21:03,211,kimy****,211.36.***.76,11,5,공감 눌러,"['이#희 오늘 니 입술 좋았어 자 삼바 500주', '오너를 구속 왜해요? 참 이상한 뇌네. 상폐 될 이유 있음 상폐될것이고. 오너는 제대로 삼성을 다시 글로벌스하게 키워 국민에게 용서를 구해라', '안티가 준동한다는 것은\n좋은 매수신호\n아주 조은 징조~~~ㅎㅎㅎ', '너도 3대가 망하도록 기도할께']"
2018.05.05 21:03,273,trav****,115.138.***.42,6,3,와우,[]
2018.05.05 21:03,361,mywa****,112.214.***.105,12,2,"상장시키고 이제와서 분식회계라고 하면
직무유기로 가능하죠
궁금","['손배소 제기해야 될듯~~', '예 박그네요', '손해배상청구 하세요', '어차피 금강원에서 아무 문제 없다고 상장하고 이제와서 문제면 정부도 책임 있지 않나요', '외국인들 안나가고 소송 준비중입니다ㅋㅋ 재대로 터지는거 구경하세요 정부에서 갑자기 빨리처리한다고 난리치는 이유 모름? ㅋㅋ', '정상적인 상장이 아니었으니 상장취소가 맞지않나요?']"
2018.05.05 21:01,202,umyo****,180.66.***.241,5,0,감독기관 권력 눈치보다 이꼴 - 투자자들만 낭패,[]
2018.05.05 21:01,177,sssk****,223.62.***.140,3,3,국가 금융질서를 물란하게 한 죄..무기가자,['트럼프정권 뒤엔 엘리엇 그들이 삼쏭을 먹이감으로 사냥 중..죄용인 에리엇의 사술에 묶겨 천무학적 비용지급이 남아있음']
2018.05.05 21:03,181,dudg****,223.62.***.137,0,0,"예상

이제 개인 대부분 빠져나오면 슬슬 물량 투입하고

삼성전자액분때 털고나온 물량들이 들어오고

대충 삼바 마무리하고 호재터트리고 개미들 분노하고

곧 잊혀지고

그냥 추억으로 사라지겠지",[]
2018.05.05 21:00,344,blit****,14.39.***.185,4,1,"삼바 이슈는 상장전에 다 해결했어야했는데, 지금와서 이러는건 제약바이오 모든 투자자에게 막대한 피해가 되고 있다. 이 타이밍에 대한 잘못은 누가 책임져야 하는가?","['상.장.전.에. 해결할수 있는문제였고, 이럴거면 감독기관에서 상장을 늦추던지 했어야지.', '자유민주주의 국가에서 주식이 내리면 누가 책임지나요?', 'ㅅㅅ']"
2018.05.05 20:59,242,trav****,115.138.***.42,6,1,상폐인가요?,['아주 비열한 방법은 다 동원한거같네']
2018.05.05 20:59,355,lake****,223.62.***.242,3,0,"삼성이 대상이 아니다
삼바가 대상이다",['그게 그거지']
2018.05.05 20:58,298,dudg****,223.62.***.137,3,4,"너무 휘둘리는거 아닌가

이러다가 다 크게 손절하고 눈물흘리면서 털었는데


갑자기 위법은아니다


삼성손들어주면 그때가선 뭐라고 할꺼냐",['금감원 폐쇄']
2018.05.05 20:57,247,carg****,211.36.***.168,5,5,그가 하는 모든 걸 찬성하는 건 아니다.,['문재인이 잘하는건 북한과 소통하는것이다.']
2018.05.05 20:57,196,tm99****,203.171.***.68,3,0,가즈아 한강으로~~!!!,['빨리 탈출이 상수']
2018.05.05 20:57,252,lake****,223.62.***.242,0,0,키맞추는거냐?,['키맞추면 그러면 다행이게 ?']
2018.05.05 20:56,302,trav****,115.138.***.42,3,1,답변쫌,"['통종 예상', '네.']"
2018.05.05 20:55,278,kwp7****,223.38.***.89,4,0,"분식집에서 화요일 팔아....반토막 건지면 훌륭한거이니....
충분히 다른 곳에서 만회할 수 있습니다.
삼성바이오 분식이었다고 너무 게의치 말라!!!! 주식시장에서는 그러면서 크는 것이니...","['그럼...상폐 당하시든지..허허', '니몸도 반쪽 짜르자 살아있어면 되잖아']"
2018.05.05 20:55,217,hong****,180.71.***.136,0,0,주주가 되고 싶다,[]
2018.05.05 20:54,217,dudg****,223.62.***.137,3,1,"댓글에 속았네 금강원에 속았네 삼성에 속았네

사기극 이런말 겁나 올라오겠군",[]
2018.05.05 20:54,325,lsy8****,175.223.***.53,4,5,"대중이가 부실기업으로 만들고

공중 분해 ㅋㅋㅋㅋ

삼바 는 상폐하고

나스닥 가라

한국은 기업 하면안됨",[]
2018.05.05 20:54,283,hakd****,223.38.***.117,4,5,"자손대대로. 망한다
수백만 투자자 가슴에 피눈물 흘리게하고
내가 죽어 귀신이되어 응징할것이다.",['또라이 시키들.']
2018.05.05 20:53,317,carg****,211.36.***.168,9,11,"권력에 입맛에 맞으면 통과,
아니면 철퇴.
정부는 영속성이 있어야지.
불안해 살겠나?","['순실공화국이 정상이냐 지금이 정상이냐', '지정신아니구마', 'bs', '문가와 종북좌빨을 척결해야 나라가 바로 선다.', '지금 금감원도 분명 실수한거죠.', '가진자를 무조건싫어하는 이상한 집단.\n이나라 가 하는 짓거리가', '그런건 정상화라 그럽니다']"
2018.05.05 20:53,211,kris****,211.36.***.25,3,1,저희 아버지는 분식회계로 5년동안 회사 살여보려고 애쓰시다 일찍 돌아가셨는데 상폐됐죠. 삼성은 정치인들과 연결되서 잘나가나요 상폐안되고. 그런말 유행이였죠. 삼성이 망하면 우리나라가 망한다고. 아직 코스피 괜찮은데. 그렇게 많은 중소기업을 밟고 지금의 삼성이 있는거죠. 이 정권도 ' 제대로 해 ' 아님 다음 정권에서 가만 안둔다. 국민의 돈으로 뭣들하는거냐. 다른 제약바이오주도 50%로 내렸어. 있는것들은 재무가 탄탄하네 하면서 삼바사고 다른 사람들은 눈이 시뻘개지고 공부해서 다른 주식 사도 다 내려가서 힘들어 뭐 이런게 다 있어 세상 참 . 우리나라는 유난히 더 심해.,[]
2018.05.05 20:51,247,qkre****,221.138.***.197,4,0,육개장 내놔라,"['이시키 글을 보니 니어미가 불상하도다. 미역국을 먹었나니 그게 잘못이요.', '300원 부터 시작한다', '넘 비싸서 비공']"
2018.05.05 20:51,268,dudg****,223.62.***.137,0,9,"이제 곧 한두번 털어주고 슬슬 삼바가 망할거라고 사람들이 거의 믿어갈 시점에

물량 들어오고 모든일이 순식간에 정리되고

제2의

대한민국 황제주 탄생입니다",['너 살라고 이런글 쓰지말자']
2018.05.05 20:51,302,trav****,115.138.***.42,7,1,ㅊ,['상폐가 전화위복이요. 나스닥 가야 합니다.']
2018.05.05 20:49,364,daon****,59.4.***.216,10,3,"일류기업이면 일류기업답게
존경받는 삼성으로 거듭나길

주주들은 (이전)정부와 삼성을 상대로
소송준비 잘하시고","['이전정부 책임을 현정부가 책임지라고?\n니손꾸락부터 책임져라! 이전정부 찍은 너거들 싹다 손해배상 청구할꺼야! ㅋㅋ', '분식회계가 먹히는 게 후진국에서나 가능\n미쿡에선 어림도 없네요', 'ㅎㅎㅎ 오늘 개그맨들 정모하냐~~ 전정부가 어딨는데?정부가 두세개되냐? 웃프다~ 5월1일 금감원책임이고 10일 지나믄 다른 금감원이냐?', '문슬람들 ㅋㅋ', '미국이면 소송감이죠. 이렇게 일방적으로 당하지 않죠.', '이전 정부가 한 불법도 현 정부의 책임이고 결론은 국민세금이죠', '왠 이전정부?']"
2018.05.05 20:49,193,alsd****,39.7.***.158,0,4,금감 대표주자 마라톤이 꼴링이 중요 다음 정권 삼자가 평가,[]
2018.05.05 20:49,314,k224****,1.246.***.128,15,4,빨리 상장폐지시켜달라고,"['선량한 주주들은 삼성에 소송 걸면 됩니다\n선량한 주주를 위해서 사기 저지른 회사를 살려줘야 하나?\n미국에서는 분식회계 1조원 저지른 회사 상폐 시키고\n사장은 징역 20년 넘게 받고 구속되었다', '선량한 주주들 생각안하는가? 인생사 인과응보라하지않았더냐. 너도 언젠가 반드시 같은상황에 처해 괴롭게 될것이다. 고통받는 여러사람들의 몫을 한꺼번에..', '므찐데요~']"
2018.05.05 20:49,235,para****,220.117.***.230,8,2,"원래망할때는 아주아주 사소한것부터시작
일명 나비효과라고한다

이미지개추락 삼성이 몇십년동안 이미지에 돈쓴거 하루아침에 물거품

국민공분최고조 나가두 너무나갔지

그절정이 삼바분식점이야",[]
2018.05.05 20:48,350,hind****,61.252.***.81,10,1,도망가자,[]
2018.05.05 20:48,242,dudg****,223.62.***.137,1,3,"삼바에 들어간 메이져들이 가만있을까요 ???

할거였음 진작에 진전있었지 시간 질질 끄는거 딱보면 나오는걸

하필 삼전 액분시기에 삼바 물량털고 옮기기 딱좋을때

하필 공휴일 겁나낀 지금!!! 다 우연인가",[]
2018.05.05 20:48,182,carg****,211.36.***.168,3,3,"왜 삼성그룹을 망하게 하나?
그 피해는 다 국민 몫이다.

시민단체가 삼성 경영하면 지금보다 낫을까?
민주화만 되면 잘되는 줄 아나봐.",['재용이 인생도 재미나진 안을듯~ 나는 측은한 맘이든다.돈만 많다고 행복할까? 다른 재벌2세3세보단 괘안은데 왜들 글케 싫어하냐?']
2018.05.05 20:45,341,jrad****,220.86.***.207,14,6,"지금 mbc에 나온 금감원 보고서 봐라!
개미들 수십조 투지돈 들어간 삼바를 오직 지들 정치적 목적달성 위해 하루아침에 원칙절차 다무시하고 죽였다!
이거 무조건 손해배상받아야 한다","['삼바 탈출해하', '총살', '문재앙 개색희']"
2018.05.05 20:44,226,qkre****,221.138.***.197,2,0,아직 다 못털은거야,[]
2018.05.05 20:43,248,kim5****,1.240.***.51,1,1,반등오면 그때 다시 시작해도 늦지 않아요 수급화이팅,[]
2018.05.05 20:43,312,dudg****,223.62.***.137,0,5,"지금 금강원이랑 삼성이랑 한판하는거 같지만

진짜 적일까??

삼성전자 액분터트려서 거래량 폭증시키고

물량 쏵털고나와서

그자금으로 삼성 바이오로직스로 투입하고

지금 회계문제 정리하고 호재 하나 터트리면 ?

지금 삼바 유럽실적 통계에 안올라가고있다

3분기부터 가시화 한다는데

만약 이번 리스크 정리하고 실적 올라가고 호재하나 터트리면

대박이구나 짜여진 연극에 죽어나는건 누굴까

라고 장난삼아 소설써봅니다","['이런 나라서 고생하지 말고 상폐시켜서 나스닥으로 옮깁시다.', '상폐? 그럼 삼바에 들어가있는 메이저들은 가만있을까요~~~~', '장난삼아 쓰지마세요\n상폐될건데']"
2018.05.05 20:42,304,carg****,211.36.***.168,7,5,"국가 기여도 객관적으로 봐도,
정치인보단 백배 낫다.","['그20만명직원이 딸린 가족들 수 생각안하냐? 댕청하긴', '삼성에서 월급안받는 국민이 4,950만명 이오 ! 뭐 해보자는거요 ! 그러니까 기득권 소리나 듣지', '동감입니다~ 기술선진국 외치는 중국보세요~~이러다 정말 또 기술로 지배당합니다~제발 이제는 역사를 되풀이 하면 안됩니다']"
2018.05.05 20:42,250,emar****,223.62.***.215,2,1,"맘고생 심 하겟다
주식 힘들다
특히 초보 는 먹이감 이 딱 맞는표현일세.

힘내세요 계좌가 반토막이지 내인생이 반토막은 아니잖아요


햇빛도 쫌 쬐고 너무 게시판만 쳐다본다고
해결 될일도아니고

삼성 개자석들 여러사람 힘들게하네
삼증부터 해서

밥은 챙겨 먹읍시다


좋은날이 있겠조",[]
2018.05.05 20:42,196,alsd****,39.7.***.158,4,1,실지로 시민단체 국회의원 방문 합니다 금감원도 그런예요 나라꼴이 어떻게 ?는지 걱정 입니다,['마꼬말고시민단채차며연대 이세끼돔ㅇ\n\n마꼬말고 시민단체 차몀앤대 이새끼들여기저기삥이나뜯을려하가 정치판기웃거리고썅이ㅏㅇ치지문재앙위에 야마치 있따']
2018.05.05 20:41,353,jinb****,223.62.***.119,14,6,"독립기관이 아니라 정부개네
문정부에서 합병은 적폐라고 문제 삼으니 삼성물산은 이제 어떻게 할수 없으니 삼바가지고 걸고 넘어지며 여론 플레이하네
회계처리는 문제없다
근데 의도가 합병때문이었다 시점도 다르고 말도 안되는 괘변이지
정치금감원이야말로 적폐다","['금감원이 적폐 맞음 ~~ 상장때도 정치논리였고 정권바뀌니 또 정치논리임 그냥 금감원이 아니라 정치원임', '전 국민 알고 있읍니다', '아뇨 삼바가 적폐죠\nㅅㅅ이 적폐']"
2018.05.05 20:41,219,ckde****,1.228.***.152,4,0,"불법을 저질렀으면 그 댓가를 받아야 하는게 맞는거지요.
몇몇 게시글중 주주라고 눈감으려 하는 행동을 보고 있자니, 답답하군요.

생각해 보세요.
잘못 흘러가고 있는 현 시대에 과연 내가 국민성까지 포기해하며
삼바를 맹목적 충성자로 살아가는 의미는 무엇인지 말입니다.
그렇다고 삼바측에서
""어~ 그래! 당신의 주식은 내가 보상해 주리다"" 합니까?

아니요.
이곳 주주님들은 잘못된 경영으로 사회에 물의를 일으킨
삼성바이오로직스 라는 회사를 믿고 돈좀 벌어보겠다는 심리밖에 없습니다.
투자개념으로 오랜 주주님들은 더할 나위없이 충격과 상처를 받았겠지요.

지금이라도 이성을 찾으시길 바랍니다.
대한민국 국민으로써, 자본주의 사회에 살아가고 있는 평민으로써,....

추신) 안티분들~
각자 집으로 돌아가심이 어떨런지요?
모든 관심이 삼바로 몰리는 분위기는 알겠다만은
그래도 이곳 개미들도 우리네들과 다를바 없는 (차이는 있겠지만)
사람입니다.
더 큰 상처로 악의를 품게끔은 하지 맙시다.....
한 가정의 가장이실테고, 아버지, 어머니 이실것이고, 자녀들 일것입니다.",[]
2018.05.05 20:40,317,jbd6****,110.8.***.166,8,4,"니들은 삼바가 분식이던 아니던 절차를 걸쳐서 개인주주 대책부터 만들고 언론에 흘리던 말던 햇어야된다
3일간 8조5000억 이돈이 소위 상류층 돈이겠니??? 힘없고 빽없는 개인주주님들 돈이다
문재인에게 잘 보일려고 결론도 안낳는데 언론에 흘려서 개인투자자 눈에 피눈물나게 하니 좋으니????
니들이 박근헤를 욕할수 잇니???
똥개 세리들","['이 주식 가지고 있는 주주는 중산,서민은 한사람도 없음..\n전부 졸부들이네요..\n망해야 정신차리지..', '정지는 했어야했지\n어차피 상폐할거니까']"
2018.05.05 20:40,172,rayu****,2.50.***.234,4,2,"삼성이 잘나가는건 눈뜨고 볼 수 없지.

우덜이 다 민주화 시켜 버려준당께~

북한 이랑 같이 같은 민족 끼리 평등하게 사는 세상 만들어 보즈아~",[]
2018.05.05 20:39,173,ssik****,211.197.***.220,1,0,"부정부패는 없는지 감사원은
감사해야 한다
또미튜는 없는지 신고해서 깨끗하게
정화하자",['좋은직장에 다니면 갔다바치는\n사람 있는지 쳐먹은 놈있는지\n확실하게 감사하자']
2018.05.05 20:38,215,sras****,211.36.***.158,1,9,"문재앙이 북한에게 갖다바쳐야할 돈이 어마어마해서 지금 삼성길들이기 하는것같은데.
아마 삼성과 뒷구녕으로 deal이 있을거고. 결국은 상폐는 없던일로 대충 마무리...
딱 그림 그려지지 않나요","['정신챙기소', '그럴일 없다']"
2018.05.05 20:38,218,kimw****,210.221.***.100,2,2,"[사설]금융당국에겐 삼성이 공공의 적인가 본문듣기 설정
기사입력2018.05.04 오전 11:34

회사 자체 실시까지 포함하면 국내 빅4 회계법인으로부터 모두 감사를 받은 셈이다. 그러니 특혜상장이라고 문제를 제기하는 참여연대에 금감원이 올해 초 ‘문제없음’으로 회신했던 것 아닌가.

게다가 삼성바이오로직스는 미국 나스닥에 상장하려던 것을 거래소와 금융당국의 권유로 국내상장을 했다.

http://m.news.naver.com/read.nhn?mode=LSD&mid=sec&sid1=110&oid=016&aid=0001389449",['나스닥에 상장할려구했다구 잘도 하겠다']
2018.05.05 20:36,220,byc5****,223.131.***.8,3,0,"삼,삼성이란 브랜드만 믿고 꼭

성.성공투자 하겠다고 나름 판단하여

바.바이오주에 그것도 삼성바이오에

이.이돈저돈 다 박아놓았더니 지금 상황은

오.오갈때 없는 신세가 되지않을까 걱정때문에 하루하루 잠못이룬다.",[]
2018.05.05 20:36,180,lake****,223.33.***.68,3,0,"분식회계 처벌이 끝이 아닌느낌?
분식회계 너머로 칼끝이 향하고 있는 느낌입니다",[]
2018.05.05 20:35,332,shin****,223.39.***.190,3,0,ㅋㅋㅋㅋㅋ,"['상폐냐 상패냐 분명히 말해\n나중에 도망갈 구멍 만드냐', '자른거 저주면 안되요']"
2018.05.05 20:35,209,k224****,1.246.***.128,6,1,"삼성좋아하다 꽝이네
백프로 상장폐지다",[]
2018.05.05 20:34,164,hjil****,180.64.***.121,1,1,나 회계야,[]
2018.05.05 20:34,342,trav****,115.138.***.42,1,0,ㅌ,[]
2018.05.05 20:34,221,shin****,223.39.***.190,1,4,^^,[]
2018.05.05 20:32,256,alsd****,39.7.***.158,5,2,고발 합시다 결과론 후에 우리 서민이 지들 밥인가 이씨 조선 때도 민심 떠나면 다음 정권 역지 사지,[]
2018.05.05 20:32,173,hjil****,180.64.***.121,5,1,풋,[]
2018.05.05 20:32,188,k224****,1.246.***.128,4,0,상장폐지 투쟁,[]
2018.05.05 20:31,401,hjil****,180.64.***.121,4,1,3000년 5월 6일,['팩트']
2018.05.05 20:30,225,carg****,211.36.***.168,5,4,"이재용이 미우면 그를 처벌해라.
온통 쑤셔되지 말고.","['삼성에서 월급받는 국민만 20만명이다. 정치인보단 백배 낫다.', '삼성은 우리경제에서 뭘 했냐\n법도 없고 국민도 없고 상식도 없는 회사']"
2018.05.05 20:30,194,gaga****,223.62.***.60,0,0,에휴 불안 초조,[]
2018.05.05 20:30,431,ljh8****,39.7.***.232,12,1,"전재산몰빵 50만원에 5억 딱 1000주 샀는데
한강가야하나요
정말 미치겠네요
지금이라도 손절하는게 맞겠죠......?","['웃자고 하는 이야기요 사실이요?\n초보요? 초보들 중에 실제로 그런 사람들이 있기는 합디다.\n엄청난 부자될 꿈을 안고 - 가격의 무서움을 모르고 주가 튀는 것 보고 환장해 버리니까\n고점에 싹 쓸어넣고 옴쭉 달싹 못하는 ...', '화요일 시장가로 다 파시고 아가방에 몰빵하세요 중국사드테마 선거관련주입니다 물린거 다회복가능요', '아참나 답답하네 깡통차고싶으', '아직들고있는 머구리 가 많네ㅋ']"
2018.05.05 20:32,174,ith4****,117.111.***.56,1,0,"와 먼돈이 글케만나여 난 일억전세사는데
나한테 마끼세여 본전?아줄께여",[]
2018.05.05 20:29,248,k224****,1.246.***.128,5,0,상장은 폐지다,[]
2018.05.05 20:29,476,gtr2****,122.254.***.115,5,0,"야
월욜 하한가 간다","['ㅋㅋㅋ\n화요일로 연기', '월은 휴장이이ㅏ. ㅋ']"
2018.05.05 20:28,199,shin****,223.39.***.190,2,3,다푸어 민자당 세금걸레만드냐,[]
2018.05.05 20:29,151,rudw****,223.62.***.185,0,0,뭔 개솔인지 모르겠어요.. 알아듣게 좀 써봐요,[]
2018.05.05 20:26,456,jjhg****,211.36.***.55,12,5,"일단 금감원에서 눈에 불을켜고 털었고 분식으로 결론냈고 현정권이 문정권이라 상폐로 갈듯요.

화요일 장시작전 거래소에서 거래정지 시키고 상장폐지실질심사 공시뜰듯.

화요일 거래그냥 시킨다면 거래소에서 기관 외인 탈출시간 벌어줄려고 하는거니 신규 입성하실려고 하는분들 절대 매수하지 마세요.",['소설을 아주 잘쓰네요.\nㅋ ㅋ\n부러우면 지는건데']
2018.05.05 20:26,209,shin****,223.39.***.190,3,5,선거때보자,[]
2018.05.05 20:25,247,daon****,59.4.***.216,7,1,"그냥 세금 제대로 내고 합법적으로 했으면 문제 없었을 것을
호미로 막으려던 걸 포크레인으로도 못막게 된 현실 안타깝네요",['우리나라\n최대흑자 회사서 하는 꼬라지 봐라\n세계일위하는 회사가 하는 꼬라지']
2018.05.05 20:25,273,shin****,223.39.***.190,8,10,더부어 민자당,"['쌈바 순시리때 상장한거아녀?분식이했으면 상폐는 당연하제!!하지만 상펴당한다고 회사가 망하는건 아니니께 걱정들말어 망하는건 너니까', 'ㅋㅋㅋ 자기 돈 잃었다고 정권탓 오지네', '아무라 까도 홍준표는 아닌듯ㅋㅋㅋㅋㅋ 얜 그냥 중2병 ㅂㅅ환자임']"
2018.05.05 20:24,297,gaga****,223.62.***.60,9,6,삼성고만좀괴롭혀라 노동자 특별대우 철회하라,[]
2018.05.05 20:23,374,kimw****,223.62.***.213,2,0,"'대형성장유망기업 요건' 혜택은 로직스 단 1곳
삼성바이오로직스는 2016년 기업공개(IPO) 당시부터도 특혜 논란에 휩싸여 있었다. 한국거래소 유가증권시장본부에서 사실상 삼성바이오 계열사를 위한 특례 조항을 만들었고, 실제로 삼성바이오로직스만이 유일하게 혜택을 받았다.

한국거래소 유가증권시장본부는 2015년 11월5일자로 유가증권시장 상장규정 및 시행세칙을 개정했다. 개정의 핵심은 '시가총액이 6000억원 이상이고, 자기자본이 2000억원 이상'이라면 이익 여부와 상관없이 상장을 허용하는 내용이었다. 거래소는 이를 '대형성장유망기업 요건'이라고 불렀다.

이전까지 코스피시장 상장을 위한 경영 성과 요건은 단 두 가지였다. 직년 사업연도 매출액이 1000억원 이상이고 이익이 30억원 이상이거나, 시가총액이 4000억원 이상이고 매출액이 2000억원 이상인 기업만이 코스피시장에 이름을 올릴 수 있었다.

삼성바이오로직스는 2015년 매출액이 912억원에 불과했고, 자회사 삼성바이오에피스 회계기준 변경으로 생긴 이익을 제외하면 지속적으로 적자를 내고 있었다. 사실상 코스피 상장이 불가능한 상태였다.

대형성장유망기업 규정 시행 이후 3년간 해당 규정의 혜택을 받은 곳은 삼성바이오로직스 뿐이다. 시가총액 요건으로 상장 예심을 받은 건 삼성바이오로직스 외에도 한국자산신탁과 덴티움이 있지만, 이들은 상장 시점에 모두 흑자를 기록하고 있었다.

특정 기업을 위한 혜택이라는 논란이 제기됐지만, 2015년 당시 거래소는 ""시가총액 중심으로 성과요건을 다양화해 상장 기회를 늘리기 위한 것""이라며 ""특정 기업을 염두에 둔 정책은 아니다""라고 해명한 바 있다.

거래소는 삼성바이오로직스 유치에 혈안이 돼있었다. 김경수 당시 한국거래소 이사장은 주간 단위로 상장 성과를 점검하며 상장사 수를 늘리라고 실무자들을 다그쳤다.

유가증권시장본부와 코스닥시장본부 사이의 경쟁도 치열했다. 코스닥시장본부는 증권사들이 모인 자리에서 '삼성바이오로직스가 코스닥에 상장해야 하는 이유'라는 프리젠테이션을 진행하기도 했다. 유가증권시장본부는 이에 맞서 상장규정을 수정했다.

삼성바이오로직스는 2015년 연말까지만 해도 해외 상장 가능성을 언급하며 시장을 살피고 있었다. 1월초 그룹에 상장 관련 보고를 할때 신설 규정을 활용한 코스피 상장 가능성을 처음 언급했다. 2016년 4월28일 삼성바이오로직스 이사회에서 코스피 상장 결의가 이뤄졌고, 5월19일 주관사단 선정, 8월12일 상장 예심청구, 9월29일 예심 통과까지 일정이 물 흐르듯 진행됐다.

거래소 관계자는 ""당시 삼성바이오에피스 나스닥 상장설이 돌면서 우량 기업이 해외에 상장하도록 놓치지 말자는 분위기가 있었다""며 ""어떤 규정이든지 시대 상황을 반영하기 마련이므로 당시 그런 판단이 이뤄진 것""이라고 말했다.

이와 관련해 임종룡 전 금융위원장은 국회 정무위원회에 출석해 ""삼성바이오로직스가 미국 나스닥에 상장하려 해 우량 기업 상장을 유도하고자 거래소가 수차례 국내 상장을 권유한 것""이라고 발언하기도 했다.

[인베스트조선 유료서비스 2018년 05월 03일 20:29 게재]

http://www.investchosun.com/2018/05/04/3225676","['원래 남의 것 생산해주면서 기술취득도 합니다.\n생산공정도 중요합니다.그 공정기술은 당연히 배우겠죠...\n애플의 a시리즈 반도체 위탁생산할때도 동일하고요', '우량기업 ㅋㅋㅋ\n그냥 덩치만 크고 삼성이 뒤에 있다고 우량기업이라고?\n도대체 그 회사가 뭘 하는지 알고?\n그냥 약 하청 받아서 생산하는 공장회사인데 미래먹거리 바이오? ㅋㅋㅋ 파이프라인 하나도 없는 곳이?', '이것조차 사기라는걸 모르네 ㅋㅋㅋ']"
2018.05.05 20:23,210,tm99****,203.171.***.68,4,0,"아직 시작도 안했는데 벌써 현실부정, 환각을 보면 어케하냐? 찬티들아

정신줄 꽉잡고 대기해라
그리고 마누라 몰래 산 놈들은 화욜날 새벽에
집에서 일단 나와서 찜질방에서 대기해라",[]
2018.05.05 20:22,416,ljh8****,39.7.***.232,14,2,"아 진짜인가요 대한민국 역사상 시총 30조짜리
그냥 없어지는건가요

들어가고싶어도 이 불안감때문에 못들어가겠네","['모든 주식 전문가들이 삼성에서 크게 투자하니까, 금산 전문가도 못먹어도 70만원이래요. 누가 책임집니까? 크게 목표가를 제시하지만 당연 결과는 1분기 적자를 면치 못했네요,\n아무튼 결과는 기대감보다 성장성 실적이라고 봅니다.', '걱정 말어요.\n그렇게 쉬운 문제가 가니고 결과적으로 잘못한거 없고 말\n해석하기 나름\n이걸로 상폐하면 증권시장 완전 패닉.\n외인들 한국 시장 절대 안들어옴.', '네']"
2018.05.05 20:21,465,k224****,1.246.***.128,14,1,이거 상페되면 전자까지 위험해진다,"['너뭐를 팔래 팔거나 있어', '이게 상패하면 사회파장이 얼마큰지 알어 그래서 전에 대기업 팔래가 있다 벌칙금으로 마무리 한다', '그래서액분한거아녀']"
2018.05.05 20:21,282,kimw****,223.62.***.213,5,7,잣같은 한국시장 철수하자,"['미국상장 ? 무식한자들은 뭘 모르네.미국에서 삼물합병.삼바상장의혹 요런것이 밝혀지면 상폐정도가 아니라 오너구속에 몇십년 징역형이다.속된표현으로 뼈도 못추려', '나스닥 상장 운운하는 것들은\n턱도 없는 소리마라.\n미국이 불법,탈법 회사 놔둘것 같냐?\n한국사회에서나 불법으로 삼성이 컷지.\n이번 사안이 나스닥에서 발생시 공중분해감이다.']"
2018.05.05 20:20,276,sras****,211.36.***.158,1,6,"셀트가 삼바가격 하도 못쫓아오니까 삼바가 답답한 나머지 셀트 가격에 맞춰줌
개 친절함
고마움도 모르는 바보같은 셀충들",[]
2018.05.05 20:19,344,tm99****,203.171.***.68,7,1,"화욜날 새벽에 증권매매 프로그램 켜놓고 대기하세요 먼저 매도버튼 누르기 게임입니다.

누가누가 먼저 누르나? ㅋㅋ",[]
2018.05.05 20:18,399,kck3****,175.223.***.20,6,1,"내 친구.. 5억
인생 몰빵?는데","['누군가는 5억 번 사람도 있을 겁니다. 인생이 그렇죠.. 버는 사람이 있으면 잃는 사람도 있고. 저는 벌었네요~ㅋㅋㅋ', '너무 외로워말라고 위로해주세요 ! 5천~10억 투자한 강남아줌마들 부동산아줌마들 많아요 ! 연말부터 부동산 폭락이 오겠네요', '인생역전 하셨네요']"
2018.05.05 20:18,371,kjm8****,223.39.***.22,8,5,"중국은 국가 주도로 반도체 팍팍밀어주고

한국에게 미세먼지 팍팍 발생시켜도 국가에서

감싸준다 그런데 이넘의 정권은 삼성 죽이기에

혈안이 되어있고 북한 퍼주기에 혈안이 되어

있는거 같다 아직 북한이 완전한 불가역적인

핵폐기도 하지 않았는데 벌써 북한인프라

270조원 얘기가 나오고 북한이 핵폐기가

완전히 끝나고난 뒤에 해도 될 사항이다

무엇이 그렇게 급한가???

이재용이를 잡고 싶으면 이재용이만 잡아라

애꿎은 기업도 같이 조져 놓지 말아라

기업이 망하면 무엇으로 우리후손들을

믹여살린것인가

평범한 시민들의 월급과 공무원들의 월급

나라의세수를 절대적으로 담당하는 기업을

조져서 나라에 득이 무엇인가

삼성이 이재용 혼자의 것이냐???

수많은 주주들과 우리의 아버지 우리의 동료들이

밤낮가리지 않고 피땀으로 이루어놓은

대한민국의 국부이자 자랑이다

제발 이재용이 잡자고 기업들 쑥대밭 만드는

바보짓은 하지말아라","['그니까 상속세 정당히내고 탈세없이 가면될걸 왜 불법을저질러 개미들 등골뿌러트리냐 개삼성새끼들아', '대주주들은 경영에서 물러나야됨', '기업이 잘하면 왜 잡겠어\n말도 안되는 지꺼릴 한 재용이와 불법을 저지른\n회계사들과 회사 운용자들이지 이번엔 가지\n제대로 해봐 정경유착 없애자', 'ㅅㅏ ㅁ ㅅㅓㅇ 없으면 대한민국 더 부자나라 됨니다.']"
2018.05.05 20:18,224,knal****,222.121.***.169,8,1,"안그냐,,,,분식집 주주더라",[]
2018.05.05 20:16,654,kwp7****,223.38.***.89,21,5,"분식회계....합병비율....재용삼성....국정농단으로 연결고리를 잡아가네요...
503호와 최순실이 관련사건이 되기 시작하네...","['돈 벌기 참 쉽줘', '합병비율꼭밝혀야됨.에버랜드 공시지가,삼바 상장허가내역등', '지난 정권 부패와 연결고리가 완성되었네요..\n삼바의 분식의 최종 연결점....']"
2018.05.05 20:16,234,tm99****,203.171.***.68,3,2,"이젠 송도 신도시 부동산도 개폭망이야 ㅋㅋ
송도 헬~~~~",[]
2018.05.05 20:15,388,14sa****,112.165.***.135,11,1,"이게 말이 되나

애꿎은 주주들만 작살이군",['일반 주주들이 뭔죄냐 ?']
2018.05.05 20:15,333,pas2****,175.223.***.254,9,0,괜히 지분있어 같이 비똥싸네요 ㅠ,['삼바 60만원갈때도 삼물주가는 내렸어']
2018.05.05 20:14,523,jjhg****,211.36.***.55,13,6,"문상왔습니더.

진심으로 삼가고인의 명복을 빕니다. 진심입니다.

상폐네요 ㅡㅡ;;;",[]
2018.05.05 20:14,211,tm99****,203.171.***.68,5,1,"빨리 장례식 준비하자

장례위원회 구성해야지?

위원장 누가할래????",[]
2018.05.05 20:13,263,knal****,222.121.***.169,10,2,"삼바 거래소 상장요건도 충족못되는거,,,,,상장시켜달라고 사준거쥐",[]
2018.05.05 20:13,298,14sa****,112.165.***.135,11,2,'삼성바이오로직스 분식회계 의혹' 국정농단 재판 변수되나,"['가정인데 앞전재판에서 무죄를 주지 말았어야 했다 2년정도 유죄를 줬다면 삼바분식 회계는 넘어갈수도 있는일이 었다, 문통이 누구인가 ,법률전문가 아닌가, 무죄를준 법관은 일생일대 후회를 하게될것이다 , 더큰태풍이 다가오고 있다,삼성의 범죄를 돕던 우산들이 제거되고 있다, 금산분리에 신속히 대응해야 할것이고 삼바분식 시인해야 할때가 됐다 겁없이 행정소송을 불사한다\n휘발유들고 불속으로 들어가겠단 말인가 , 문통한테 대들지 마라 겉모습은 유해보이나 속은그깊이를 가늠', '맞다']"
2018.05.05 20:13,335,qkre****,221.138.***.197,3,2,ㅋㅋㅋㅋㅋㅋㅋㅋㅋㅋㅋㅋㅋㅋㅋㅋㅋㅋㅋㅋㅋㅋㅋㅋㅋㅋ,"['어짜피 휴지 됨\n쟈용아 응아했어\n바이오로 닦어라', 'ㅋㅋ']"
2018.05.05 20:13,293,daon****,59.4.***.216,1,4,"맞나요?

그래서 삼성공화국이네요

짐이 곧 국가요

재용이가 다치면 국가가 다치는 딜레마 ㅋ","['엘리엇 한국정부에 중재안이 안받아들여지면 ISD 국제기구에 한국정부상대소송하면 한국 정부에서배상하고 정부는 삼성에 구상권 청구하겠지', '엘리엇은 국가도 부도 시켜버리는 어마무시한 금융집단', '박근혜 정부가 문제없다고 했으니 가눙했던 시나리오\n국가가 배상하고 구상권 청구해야죠', '안진 삼정 협회 줄줄이 폐업 예상', '국가가 왜 배상해?? ㅋㅋㅋ\n회계법인이랑 삼바가 배상해야지']"
2018.05.05 20:13,469,jae6****,223.62.***.1,11,3,이거 삼성이 사고 진 증거를 금감원이 가지고 있다고.... 이거 경제 사건이 아니고 정치 사건 이네... 굼찰ㅡ 언론이 아니고... 금감원ㅡ언론이 합작한거구먼.... 이건 좀 아닌듯.,[]
2018.05.05 20:12,394,para****,220.117.***.230,16,1,"사안이 심각하고 다른의도가 있다고

삼바분식이 삼바는 잣 된 겨

회계사20명이 호구냐 것두금감원",[]
2018.05.05 20:12,255,rnbk****,39.118.***.117,2,7,"이게
팩트다
답을해봐

누가
무슨
이익을 봤는지?",[]
2018.05.05 20:10,493,tm99****,203.171.***.68,15,2,걍 끝장이네,[]
2018.05.05 20:10,223,hyun****,106.102.***.205,7,2,국부유출이니로 덮으려하지만 조폭이지 이게 기업인가 싶네요,['삼바 주식도 없으시죠?']
2018.05.05 20:10,186,pas2****,175.223.***.254,2,1,올초도 가상화폐거래소 폐쇄 드립치더니 지내가 사법입법행정 다할려 하는듯 ㅋ,[]
2018.05.05 20:10,267,k224****,1.246.***.128,5,2,mnc 뉴스는 백프로 상페네,[]
2018.05.05 20:10,268,kck3****,175.223.***.20,3,0,"생각보다 파장이 크고.. 시장충격을
최소화 하기 위해.. 7일쯤 큰 틀의
결론 나오겠네..

금감원 안락사이겠지",[]
2018.05.05 20:09,373,rnbk****,39.118.***.117,6,6,"전혀
문제없내
ㅋ",[]
2018.05.05 20:08,247,sona****,39.7.***.190,2,3,"119죠?
나 김문수요

지금전화받는사람 누구요?

아 119가 아니라 초상집이요?

육개장 한그릇 주소 묵고가야긋다",['응~ 노잼\n\n다음 또라이 입장ㅋ']
2018.05.05 20:08,269,road****,117.111.***.113,7,0,ㅇㅇ,[]
2018.05.05 20:07,300,sund****,211.36.***.43,6,4,대체 공휴일인 월요일까지 거래도 못하고 공포에 떨던 개미들이 화요일날 한꺼번에 탈출 시도할꺼고 폭풍적인 뇌동매매로 인한 점하한가의 연속이 시작되면 뜬눈으로 탈출도 못하고 동전주 되어버릴텐데 ㅋㅋ 꼬시다 제발 그렇게 되었으면 좋겠다 쓰레기 주식 사기나 쳐대는 놈들이 다 거기서 거기지 더러운 놈들 다음주부터 지옥이나 맛보아라.,"['안티들이 빨리 처분하라고 수백번 경고 메시지\n주었다 그럼에도불구하고 지금도 홀딩하구 있다.\n왜 그래??', '탈출할것 같으면 금요일 탈출했겠지\n분식회계 뉴스가 연휴에 뜬것도 아니고...\n망상도 작작좀..셀충 티남']"
2018.05.05 20:06,272,rnbk****,39.118.***.117,6,6,"ㅋ
삼바에
관심쥐서ㅡ땡큐

계속해줘
고마워

계속
더욱더
안티질 ㅡ
아주 좋아","['가짜보수 같으니라구', '나라를분열시키고 조작질하고 멀정한사람들 뺄갱이로조작해서 억압하고 수구꼴통우파놈들 이념대립조장하고 국가로부터 특혜를독차지했던놈들 분명 저주받고 천벌받을것이다 그리고 뒤질때까지 뺄갱이타령이나해임마 쟈식들아']"
2018.05.05 20:04,273,tian****,59.14.***.111,2,1,되면 정말 볼만하겠다,[]
2018.05.05 20:03,435,trav****,115.138.***.42,12,5,ㅌ,"['정의가 있다면, 상폐해야 한다.']"
2018.05.05 20:03,308,hjil****,180.64.***.121,5,1,"왜 손정희의 통큰 베팅이 안나롤까 여기는

그랬으면 지금쯤 삼성셀트리온으로 100조가치는 더 되었을텐데
아쉽다",['공감...']
2018.05.05 20:02,226,k224****,1.246.***.128,2,1,"중생들은 잘모르는 사건
어제밤에 부처님이 나의손을 이끌고
파란물가로 인도하시었다
이건 삼성바이오로직스의 정지를나에게
예시해주신것이다 중생들이좋아하는
바다이야기 고래나오는 예시하고는
전혀다른 부처님의특별예시라 가르쳐준다
혼자주식해야 돈만다까먹는다
우리절에오면 부처님예시로 투자한다
포천 육구사 주지",[]
2018.05.05 20:02,345,elar****,110.70.***.246,2,4,그러면 코스닥으로 가는거임?,['너 주식쟁이 맞냐?']
2018.05.05 20:01,241,sgtl****,39.7.***.3,9,3,"객관성과 공정성, 특히 형평성을 강조해서

대기업이라고 봐주기식 차별하지 않고

똑같은 기준으로 법의 준엄한 잣대를 적용해서

더이상 자본시장의 물을 흐리고 재벌기업이

소자본으로 편법승계 및 대주주로 군림하는

것을 방치해서는 안된다",[]
2018.05.05 19:59,459,rnbk****,39.118.***.117,6,2,"난
죄없이 빵에도 다녀온
사람이야

뺏어가봐
능력있으면

허가해준 사람
잘못인지?
제출한 사람이 잘못 있는지?

지금
이재용은
기다리고 있을듯
소액주주들이 소송해주길

답은
삼바는 문제없고
감독ㅡ허가기관이
문제라는걸
공식적으로 받고 싶을껄

이재용도
내공이 쌓였다
개ㆍ돼지를
알기시작한 것이다",['삼성한테\n돈받아 처먹고\n허가내준넘들부터\n잡아처넣다보면\n불기시작하겠지']
2018.05.05 19:58,309,hjil****,180.64.***.121,2,2,최고일류기업 셀트리온의 품으로 가즈아,"['본인이 오너도 아니면서 무슨 오너 척?ㅎㅎ', '동상..함부래..챠라..\n\n적자투성이에..사기기업 인수하면..이미지만 나빠져..']"
2018.05.05 19:57,301,kamj****,218.235.***.139,4,5,"법이 평등하다는걸 보여주세요

꼭 삼바는 상폐되야합니다

법과 정의가 살아있음을 보여주세요

투기꾼들에게
죽음보다 더한 고통 보여주세요

그대에게 지옥같은 죽음 있으라..~~","['같은 신자시군요?\n오늘 성당 다녀왔습니다~~\n아멘...', '너와 너의 집안에 죽음의 그림자가 드리우리라. 하나님의 이름으로 아멘.', '응 다음 또라이 입장 ~~ㅋㅇㅋ']"
2018.05.05 19:55,295,hjil****,180.64.***.121,4,1,그게 가장 궁금합니다,"['재벌봐주기지..', '코피 코닥 대우가달러 닝기리']"
2018.05.05 19:53,326,ssik****,211.197.***.220,9,2,"부정부패는 없는지 감사원은
감사해야 한다
또미튜는 없는지 신고해서 깨끗하게
정화하자",[]
2018.05.05 19:53,279,k224****,1.246.***.128,0,3,"중생들은 잘모르지만
어제밤에 부처님이 나의손을 이끌고
파란물가로 인도하시었다
이건 삼성바이오로직스의 정지를나에게
예시해주신것이다 중생들이좋아하는
바다이야기 고래나오는 예시하고는
전혀다른 부처님의특별예시라 가르쳐준다
혼자주식해야 돈만다까먹는다
우리절에오면 부처님예시로 투자한다
포천 육구사 주지",[]
2018.05.05 19:53,291,hjil****,180.64.***.121,2,4,화이팅,['60원도 안사요']
2018.05.05 19:52,262,jjan****,211.36.***.46,5,10,"적폐청산이 공약 1번인데다

대통령의 지지율이 80%라는건

신속정확히 하한가 ㅅ ㅅ",['내로남불하면 가장먼저 떠 오르는사람일뿐 의미없다.']
2018.05.05 19:51,308,pop0****,121.172.***.3,4,2,"저희도 비슷한 상황 겪었고

문제는 없었지만 파헤치니 사장 및 몇몇의 사소한 개인적인 비리뿐이였습니다.

수리온은 작년부터 개선중이 였었고
회계법인에서는 분식회계 아니라고 결론내리고
임직원은 1심 무죄판결입니다.
금감원은 현재 아닥 중이고요^^

하지만 주가는 지금 바닥을 향해가고있네요..

허..

아무쪼록 힘내십시오 이또한 지나 가리라 믿습니다.",['다른 부류의 분식회계임']
2018.05.05 19:50,376,grac****,218.157.***.223,16,8,"분식회계에 대한 최종결론은
금융위원회 산하 증권선물위원회에서 나와야되건만.
금융위에서 미결론 상태인데도 분식회계했다고 금감원이 속전속결 언론 플레이한것은
주식 역사상 전례가 없는 쇼킹한 사건입니다.
지난 며칠 동안 8조원 싯가총액 날라간것에 대해
개인주주들 뿐만 아니라 기관, 외국인주주들 집단소송 일어날 것입니다
금감원 조졌네요!",['그소송은 삼바한테해야지ㅇ ㅎ']
2018.05.05 19:49,339,kimb****,125.187.***.32,3,2,"기관매도세가 멈추는 시점이 바닥 으로 보면 될듯요...

서슬퍼런 정부 눈치에 기관 매도세는 당분간 더 지속될듯...

현 주가는 작년 12 월 시세....",['상폐']
2018.05.05 19:47,311,soft****,1.242.***.204,1,4,지금이 기회여,['다음주쯤봅니다']
2018.05.05 19:46,261,skji****,49.172.***.196,10,4,"기준없이 정권에 붙어서 개인 투자자에게 손해를
끼친 적폐 금감원에 소송하여 10조 받아내고

그리고, 정권에 빌 붙어 사는 금감원 직원에 구상권 행사하여 금감원 직원들 쪽박차게 해야 함,,,

그리고 삼바, 삼물 잘못한 직원이 있으면 구속,, 벌금,,,적폐 금감원 해체,,,그리고 신속한 종결,,,,",['백번 그렇게 해야합니다.']
2018.05.05 19:46,274,htk2****,223.62.***.79,1,4,금감원도 책임을 통감하는지 신속히 좋게마무리 할것으로 보여 다음주에는 주가 제자리 찾기 시도할것으로 보여짐.,['시간이 더 필요하대']
2018.05.05 19:44,377,m935****,117.111.***.38,1,0,"아뜨아 혹우왔능가

자네 음봉맞을차례구먼",[]
2018.05.05 19:43,231,rnbk****,39.118.***.117,1,2,"딱 이거야
우리 이니가 좋아하는거
무조건
그냥
조건없이
북한에 머든지 해준다 하면
끝
끝",[]
2018.05.05 19:42,264,byc5****,223.131.***.8,6,0,"삼성바이오

상성중공업

삼성증권

개인투자자 눈에 피눈물나게하는 삼~~숑~~",[]
2018.05.05 19:41,337,k224****,1.246.***.128,9,2,"큰일 벌어질거다 박근혜를 도운
삼성 잘생각해보세요","['상대적으로 현대가 얼마나 박해를 받았는지 생각해보면 답나옴', '미친 도그네', '마자요 잦된것 같아요']"
2018.05.05 19:37,435,k224****,1.246.***.128,6,0,"바로발표할듯
이건 상장페지 안시키면
주가떨어진것 대규모소송들어갈듯
절을턴스님",[]
2018.05.05 19:36,561,jupo****,117.111.***.147,1,5,"대우조선해양, 한국항공우주, GM, 금호타이어...

금감원이고 채권단이고

결국 못 건듭니다.

조금 과한 조정이라 생각하시고 퍼담으면 됩니다.","['40이건 30이건 20이건 계속 주워담으세요.', '비교 대상이 아니야 멍청아 그런 문제가 아니라고 답답한놈이네 삼바는 매출이 없어 적자 이유도 바이오젠과 에피스 계약 관계도 공개 안하고 기업의 돈이 투명하게 공개도 안되고 적자만 내고 있어 답답아 정신차려 상장폐지 예상한다 왜냐고 8년연속 적자 연속이거든 올해도 당연 적자고 내년도 적자일꺼다', '6개월 후 4만 예상한다', '30이하에서 매수 하는게 맞을듯. 분식회계 아니더리도 기본적분석상 30 이하가 적정합니다.', '크 부도나실겁니다']"
2018.05.05 19:35,436,sund****,121.168.***.80,13,1,"잃어보시고 손실 최소화하시길. .
너무 상심마시고 다른 곳에서 만회하시길. .

현재 삼성바이오로직스는 외국인투자가 및 기관투자가들의 로스컷(손절매) 구간에 들어와 있습니다.
향후 좋지 않은 시나리오가 힘을 얻을시 앞뒤 안가리고 로스컷 물량이 나올 전망으로 주가가 더 떨어질 수 있습니다.

-------------------------------------------------------------------

삼성바이오로직스 분식회계 관련 긴급 안내(3)

어쩌다 보니 미래 10년 간 한국증시를 이끌어갈 것으로 기대되었던 삼성바이오로직스가 정치바람에 휘말리게 되었습니다.
이에 이번 삼성바이오로직스 분식회계 사태를 보편적이고 상식적으로 판단하다가는 크게 낭패를 당할 수 있겠다는 판단입니다.

■삼성바이오로직스는 오늘(5.4) 아침 보유 포지션 100% 로스컷(손절매)

삼성바이오로직스 사모펀드는 오늘(5.4) 아침 보유포지션에 대해 100% 로스컷(손절매)을 실행 했습니다.
삼성바이오로직스 사모펀드는 펀드 약관 상 로스컷(손절매) 구간은 종가 기준 마이너스 15% 진입입니다.
어제(5.3) 종가 기준으로 마이너스 15%를 기록했기 때문에 오늘(5.4) 아침 전략미팅을 통해 원칙대로 로스컷(손절매)를 실행했습니다.
경우에 따라서는 로스컷을 유예하고 보유를 할 수 있는 규정이 있습니다.
그러나 현재 삼성바이오로직스는 재벌개혁, 적폐청산 등 정치적인 문제의 중심에 서 있어 로스컷(손절매) 결정을 내리게 되었습니다.
로스컷(손절매) 후 펀드 수익률은 마이너스 20%입니다.

■참 마음이 아픕니다.

삼성바이오로직스 사모펀드는 10년 이상 장기보유 한다는 운용전략으로 트레이딩 보다는 보유원칙을 지켜 왔으나, 이번 분식회계 사태로 로스컷(손절매) 해야 하는 상황이고 보니 참 마음이 아픕니다.
그러나 펀드운용의 기본철학이 수익보다는 리스크매니지먼트(위험관리)가 우선이다 보니 아픈 마음으로 로스컷 하게 되었습니다.

■향후 펀드 운용전략

향후 삼성바이오로직스 사모펀드는 이번 분식회계 사태가 마무리 될 때까지 현금 유동성은 펀드약관에 따라 MMF나 ETF(상장지수펀드) 중심으로 운용할 계획입니다.
이후 분식회계 사태가 순조롭게 마무리 되면 다시 주식을 100% 편입한다는 전략입니다.

■향후 삼성바이오로직스 분식회계 사태 시나리오

몇 가지 사나리오로 접근 할 수 있습니다.

첫째는 베스트 시나리오로 5월 30일까지 금융위원회에서 분식회계에 대해 무혐의 결론을 내리는 것입니다.

둘째는 무난한 시나리오로 5월 30일까지 금융위원회에서 분식회계가 혐의있음 결론을 내리나 경미한 과징금부과 등에 그치는 것입니다.

이 경우도 거래정지에 들어가게 되며, 재무제표 수정을 통해 15일(3주) 후 거래가 재개되어 정상시장으로 돌아오는 것입니다.

셋째는 좋지 않은 시나리오로 상장실질 심사 대상에 올라 상장폐지는 면하나 분식회계 금액의 최대 20% 과징금 부과 및 임원의 검찰 고발 등이 이루어져 삼성바이오로직스에서 행정소송을 제기해 거래정지 기간이 1년 이상 길어지는 것입니다.

넷째는 워스트 시나리오로 분식회계가 고의로 판명 나 거래소에서 상장 실질심사 후 상장폐지 되는 것입니다.
이 경우 일정 기간 후 정리매매 공지를 하게 되며 주주는 정리매매 기간에 정리매매를 하면 됩니다.

그러나 삼성바이오로직스에서 행정소송을 제기하게 될 경우 행정소송이 끝나고 정리매매 기간이 공지됩니다.
물론 삼성바이오로직스가 행정소송에서 승소하면 거래가 재개될 가능성도 있습니다.

■종합전망

그 동안 저는 보편적 상식적으로 생각할 때 이번 분식회계 사태는 지나가는 바람정도라는 인식을 갖고 있었습니다.
그러나 현재는 이 같은 인식이 순진할 수 있다는 판단을 하게 됩니다.
앞에서 네가지 시나리오별로 전망했으나,
종합적인 결론은 거래정지에 들어갈 확률이 매우 높다는 사실입니다.

현재 삼성바이오로직스는 외국인투자가 및 기관투자가들의 로스컷(손절매) 구간에 들어와 있습니다.
향후 좋지 않은 시나리오가 힘을 얻을시 앞뒤 안가리고 로스컷 물량이 나올 전망으로 주가가 더 떨어질 수 있습니다.

현재 삼성바이오로직스는 대우조선해양이나 한국우주항공의 예에서 처럼 시장 중심의 판단논리보다 재벌개혁 및 적폐청산이라는 정치논리의 중심에 서 있습니다.

저점매수 전략보다는 일단 소나기는 피하고 보는 전략을 제안합니다.
매도 후 분식회계 사태 끝나고 재매수를 권고합니다.
현재는 기회이익을 노리기 보다는 리스크를 피하는 것이 우선입니다.

삼성바이오로직스 10년 보유 주창 전도사로서 참 마음이 아픕니다.
이 바람이 빨리 끝나서 삼성바이오로직스와 10년 이상 더불어 성장하는 그 날을 기대해 봅니다.

아래는 신임 금감원장 프로필과 오늘(5.4) 매일경제에 실린 삼성바이오로직스 관련 사설입니다.

2018.5.4

알앤에이투자자문
이길영배상

신임 금융감독원장 프로필
http://m.cafe.daum.net/I.S.CLUB/CgvP/2000?

매일경제신문 삼성바이오로직스 관련 사설
http://m.cafe.daum.net/I.S.CLUB/CgvP/2001?","['맞는 말이지 리스크는 피하고 봐야 함\n도박쟁이들이나 단타하는거지 일반 주주라면 2일 반등시 탈출 했어야 함', '게시판 글 중에서 가장 돋보이는 글 현사태에 대한\n객관적인 분석', '참일찍도쓴다']"
2018.05.05 19:33,252,jog5****,1.11.***.46,6,3,이런기업은 없어져야 된다,[]
2018.05.05 19:32,521,psk8****,59.3.***.93,11,2,"금감원에 8조손배 소송하라 금감원 새기들
된통맞았다","['맞아, 적폐 금감원에 소송하여 10조 받아내고 정부는 정권에 빌 붙어 사는 금감원 직원에 구상권 행사하여 금감원 직원들 쪽박차게 해야 함,,,\n그리고 적폐 금감원 해체,,,', '맞아 금가원쎠카들 십조배상하려은 자손대대로썅거지로살아야되겠네', '삼성을 믿고하셨겠지요.', '비정상을 정상화 .......적폐는 청산하고 넘어가야지']"
2018.05.05 19:31,300,rnbk****,39.118.***.117,3,4,"대한항공으로
누가 가장 좋아하고 이익을 볼까?
롯데로
누가 가장 좋아하고 이익을 볼까?
삼바로
어느 집단이
좋아하고 이익을 볼까?

합리적 의심은
민주주의를 살찌운다

개ㆍ돼지는
모르겠지만",[]
2018.05.05 19:31,273,yhds****,58.78.***.228,3,1,"함보장 법대로 처리하나 ㄱㅅㄲ들
당장 검찰고발하고 상장폐지시켜라
사기쿤새기들",[]
2018.05.05 19:29,427,bumh****,117.111.***.171,1,1,"주가가 50퍼빠?지만

12쯤 마무리되려나",[]
2018.05.05 19:28,451,k224****,1.246.***.128,6,7,"이건분명 분식회계다
요술방망이 삼성이다
적자기업도 한번돌리면
흑자된다 이게말이되냐
상장페지는 못벗어난다
국민주식투자연구소 육구사주지",[]
2018.05.05 19:27,319,soo8****,1.255.***.151,1,0,가자,[]
2018.05.05 19:26,333,choi****,1.241.***.83,4,4,죽이기? 삼성이 죽으면 우리나라도 다이가?,"['탈출이 최고 일단 소나기는 피하고보자', '맞는 말입니다.여기서 안티하는 양아치들은 ..그냥 삼성이 죽으면 다 사는것처럼..ㅋ..정말 주식을 하는 사람들인지...진정으로 타주식을 가지고 있는 사람들은 그런말 안해요..', '삼성 죽으면 새로운 적폐 좆소들이 나타납니다 대기업보다 법은 더 안지키면서 노동착취의 최고봉들입니다 심하면심했지 못하지는 않습니다', '중소기업 좋아지고\n국민은 생복해진다']"
2018.05.05 19:25,400,hkyo****,211.202.***.161,11,3,"삼바가 개발한 약에 문제가 있었나 ? 왜 삼바 문제가 다른 바이오 주 문제로 확대가 되지 ?
삼바 문제는 삼바의 분식회계처리 혐의가 핵심
이다.
그럼에도 불구하고 바이오 주 전체 문제로 끌고가는 건 불순한 세력들의 불순한 의도로 볼 수 밖에 없다.","['다른바이오도 감사착수햇스', '다른곳 재무제푤 보면 알잔나\n구멍가게보다 못란 매출에 만년적자']"
2018.05.05 19:23,357,zion****,117.111.***.138,2,0,"https://www.huffingtonpost.kr

에서 삼성바이오로직스 기사 검색해보세요
내용이 넘 길어 매체만 알려드립니다

가장 현 상황을 객관적이고 자세히 다룬 매체입니다...

삼바주주분들 힘내시구요..

From 같이 힘든 셀주주 한 사람이...","['기사를 읽고. . 엔브렐과 레미케이드는 에피스가 개발한 약이 아님. 그들이 개발한 약은 이 야들의 시밀러. 장기적 매출 기대했다고 하나 2016,2017, 2018년 1분기 매출, 영업이익, 순이익을 보시기 바람. 레미케이드 시밀러는 상식적으로 시장성 없어 개발포기하는 것이 맞는 약인데 기업 가치 펑튀기기 위해 개발한 것임.']"
2018.05.05 19:21,289,rnbk****,39.118.***.117,10,1,"과연
어찌나올까요?
모르긴해도
85%이상 나올듯

나머지는
아시죠?
거기?
거기? 빼고",[]
2018.05.05 19:18,321,gazm****,61.81.***.98,14,2,"503이 발파 단추 누른거 늦게나마 지금 터지는 거다.
상폐현실 부정하지 말고 제정신들 차리세요.
이게다. 112조 삼성증권 위조주식때문임.",[]
2018.05.05 19:17,294,rnbk****,39.118.***.117,13,3,"ㅋ
미군철수라며?
지자식은 어디있노?

삼바도
이꼴보지말고
미국으로 가라
직원들 다 영주권받고
직원
투표해봐라
100% 간다고할껄",['만약 간다면 나스닥 때문이 아니라 미국 영주권 때묻일듯ㅋㅋㅋㅋ 생각있으면 적자기업때문에 미국 가긌나 자석아~ㅋㅋㅋㅋ']
2018.05.05 19:15,414,ycrr****,121.148.***.10,15,1,"자유한국당 당원인 부산사나이가 김성태 뺨?다구 날렸데
부산 아이가 열사 추대해야겠네","['네네네 아주 잘했습니다\n짝짝짝 통쾌합니다 굿', '게 국 ㄱ ㅇ 원 죽도록 맞아야지']"
2018.05.05 19:15,249,tm99****,203.171.***.68,3,0,누가 먼저 뛸거냐고? ㅋㅋ,[]
2018.05.05 19:13,218,tjd6****,221.139.***.170,5,2,쓰 잘 ㄸ ㅐ 없는 글,[]
2018.05.05 19:12,321,kimw****,210.221.***.100,0,3,"삼성바이오로직스 나흘간 시총 10조 허공으로 날아갔다…“적정 의견 받았다""
기사승인 2018.05.05 17:23:50

http://m.econonews.co.kr/news/articleView.html?idxno=24546#hi",['적정주가는 55천원']
2018.05.05 19:11,237,rnbk****,39.118.***.117,6,7,"진짜
나라다운 나라에서
살고싶다
이게 나라냐?","['그냥 혼자가라 미국 가서 잘살어라', '뇌가 돌았냐??? 똥찼냐??? 제정신이냐???', 'ㅋㅋㅋㅋ 미국은 니들을 그냥 노란원숭이로만']"
2018.05.05 19:11,334,disp****,113.59.***.134,10,2,======================분식회계/// 장부뻥튀기...... 실제가치 3300억 금감원.. 다시 실제 가치 돌려나야한다,['시총 23조에 실제가치 0.33조면 1/100 ! 35만의 1/100이면 0.35만 ! 3천5백원 짜리 주식이네']
2018.05.05 19:10,279,rlaw****,110.70.***.202,6,3,"할것 같냐??

우리나라니까

상장해서 개미 등처먹었지

희대의 사기 작전주",[]
2018.05.05 19:05,244,nano****,110.70.***.15,7,1,원상태로 돌려두는거지 맞지?,[]
2018.05.05 19:05,360,adls****,211.36.***.213,4,2,"상패는 안하고 그냥 벌금 형으로 끝날것같은데
상패하면 나라가 혼란에 빠지고 퇴직자도 어마어마할것고",['좌좀들 벌금 대게 좋아하네 그돈 북에다 퍼줄려고 하나 남북경협 어쩌고 하면서']
2018.05.05 19:04,339,tech****,27.124.***.179,0,1,"현대상사★


남북관계의 최대수혜주는 수천조원에 이르는 북한의 자원개발 관련주라 보고 있습니다




향후 북한 자원개발 포함 각종 개발권은 현대그룹이 가질 가능성이 아주 높구요




북한이 수년전 일방적으로 파기했지만 30년 개발권을 현대가 갖고 있었고 남북관계가 정상화되면 이도 원상회복될 것으로 보입니다




자원개발과 관련하여 현대그룹은 정주영 회장의 유지를 받들어 현대자원개발 이라는 회사를 분리 독립하여 운영해 왔고 현대중공업이 어려워지면서 2년전 현대중공업이 대주주로 있던 현대자원개발(주)의 지분 100프로를 현대상사가 사들인후 지금은 현대상사로 흡수합병된 상태입니다",[]
2018.05.05 19:03,308,csie****,223.33.***.59,2,0,"삼바 고위급 내부폭로 라던가 자료 확보라던가 그니까 금융위도 쌩까고 터트린거잖여

MB 놈 잡혀간거 봤제 그렇게 피하더만 어제 뉴스보니ㅜ검찰에서 일주일에 4번 재판하자고 하더라 다 까발려 주겠다고 난 이거 금감원도 비슷한 스탠스라고 봄

상폐 안되도 장부만 다시 써도 좆?는겨 4조 8천억 짜리를 3300억원로 다시 써야 하니께

삼성이 진짜 명백하게 합법이면 회계법인 3곳 십샤키들도 성명서 내야 한다 근데? 찍소리 안하고 조용하잖여

장부 다시 쓰라 하면 분명 삼성에서 소송걸기다.

거래정지 졸라 길어지고~

이래저래 개미만 뒤지는겨 아마 기관은 다 튀었을걸 상황 종료될쯤엔?",[]
2018.05.05 19:02,294,kbyo****,220.116.***.82,6,0,5월 3일과 4일 이주식을 매수한 사람들은 무슨 생각을 갖고 샀나,"['이판사판 도박쟁이들,. 돈을그냥 갖다 버리고있음']"
2018.05.05 18:56,338,63go****,223.62.***.221,8,1,"금감원은 후폭풍 어찌감당 하려고하나?
거래정지왜안시키나?",[]
2018.05.05 18:56,354,kwak****,211.243.***.168,9,3,"삼바가 정지 되거나 다시 살아나거나

빨리결정 내라


바이오들 다죽는다 ㅅㅂ

아님 대북이 개망하거나

부탁이다 ㅠ

대북주 망해야 바이오산다

대북주 망해라에 엄지척",[]
2018.05.05 18:55,252,biah****,221.160.***.113,1,1,개 잡주 개 쌈바,[]
2018.05.05 18:55,244,roya****,175.119.***.42,0,0,"이 주식 본전돼면 매수하겠습니다..

14만원대......",[]
2018.05.05 18:54,191,ajtw****,116.45.***.57,2,1,아직도 상폐안햇네???????~?,[]
2018.05.05 18:54,237,aram****,115.140.***.134,5,1,"분식 회계로 터진것부터 시작해서 하나 하나 따져보니가

상장 당시의 주가도 완전 사기 수준이란 결론인데

그럼 이건 12만원 아래로 내려간다는 소리지.

고점에서 반토막 나기 직전인데 여기서 또 1/3 아래로 떨어진다는 소리고.

한국항공우주에서 반토막 나던건 애교수준이네 ㅋㅋㅋㅋㅋㅋㅋㅋㅋㅋㅋㅋㅋㅋ


와... 어떻게 한국을 대표하는 기업에서 대놓고 사기를 치지?

고작 몇 백억으로 몇 조를 해 쳐먹는거야?


이건 물타기도 불가능하다.",[]
2018.05.05 18:52,280,0304****,118.176.***.140,11,1,개미들 구제는 어떻게 할건지 ? 대책을 내라 그리고 삼성도 주주들 어떻게 구제 할건지 대책을 빠르게 내라ㆍ주주들이 무슨 잘못이있다고 주주만 피해를 주는지 ?,['공모가보다 훨씬 높다 마이 무띠 아이가\n\n60만원에 왜 못팔았니 등신들']
2018.05.05 18:51,266,nano****,110.70.***.15,1,0,명심들 하셔,[]
2018.05.05 18:51,246,jsh1****,110.70.***.239,0,1,왜 삼바의 대주주냐구요? 건설/ 전자기 주력 업종인 이회사들이 왜 대주주냐구요ㅡ/생겨나지 만았을 회사가 없어지는 과정이고 그 책임은 이재용이한테 있는거지요,[]
2018.05.05 18:50,277,rock****,117.111.***.179,5,0,"하는 것이 합리적임.
기관투자가들이야 솔직히 자기돈 아니니
상폐되더라도 별 것 없지만
개투는 그야말로 개털되는 것임.
요행을 바라지 말고 보수적 비관적 관점에서
바라보세염.",[]
2018.05.05 18:50,243,ycrr****,121.148.***.10,1,1,빨리 추월하자,[]
2018.05.05 18:50,202,rhks****,175.205.***.244,6,8,"대북지원을 통해 평화통일 이루어내쟈
대북지원 반대하거나 통일반대하는 적폐 빨갱이들은 지금이라도 당창 사형시키자","['평화통일? 적화통일이겠지\n트럼프님이 좌좀들 잘 다스려 줄것 같다 얼마 안 남았다', '뭔 대북지원 ㅋㅋㅋㅋ 또 핵무기 만들라고 지원해요?']"
2018.05.05 18:49,190,rnbk****,39.118.***.117,6,0,"미국가서ㅡ해라
삼성식구들
미국영주권 다ㅡ주는 딜하고
떠나라
주식은
나스닥으로 가져가라

개ㆍ돼지에게는
똥을 줘야지
신선한 선진국 세금주니
다
돌아버렸다

빨리
트형과 딜하길 바란다",['맞는 말씀 내아들이 다니는 회사 미국가면 내아들도 미국서 살게 되고 정말 좋겠다\n이 거지같은 나라에 궂이 살 필요있나']
2018.05.05 18:49,349,dbqu****,112.144.***.148,0,0,"60500원 맞나
그런소리 같은데
6월초나
6만원 초나
상패야 시키겠어 굶어죽게?",[]
2018.05.05 18:47,211,nano****,110.70.***.15,0,3,깨끗히 인정하고 감빵 가야지 ~~~그지?,"['탈출이 최고 일단 소나기는 피하고보자', '한주도 없는기 개인투자자 맘도 생각해야\n무뇌야']"
2018.05.05 18:46,242,fso2****,211.36.***.86,0,2,어여와라 준비중이야^^,['좋은주식 많다.\n왜 이딴걸 사려들지?']
2018.05.05 18:44,270,ycrr****,121.148.***.10,1,1,쌈바 춤추는 늘씬미녀들 땃,['ㅋㅋ']
2018.05.05 18:42,205,chak****,121.154.***.237,2,2,"내년에 수조원 매출이 예상되어서 올해 실적으로 잡으면 되냐 안되냐..
삼성은 상대방이 구매의사 있다고 했기때문에 된다고 사기치고 있잖여.. ㅋ",[]
2018.05.05 18:42,183,pbg8****,223.38.***.203,2,1,"적자회사 시가총액 3,500억짜리를
11개월만에 8조원으로 둔갑시킴
지구탄생이후 전무후무한 마이더스의 손 !",[]
2018.05.05 18:40,182,jo82****,223.39.***.227,1,3,매출액봐라,[]
2018.05.05 18:39,192,l016****,183.103.***.132,0,1,세력이 돼 받아 치기로 작 살 냅니다 개미는 항상 그걸 조심해야 안 당 합니다,[]
2018.05.05 18:37,263,csie****,223.33.***.59,2,0,"상폐고 지랄이고 거래정지만 때려도 삼성이 가만히 있겠냐?

소송걸고 지랄나면 거래정지 졸라 오래간다~
삼성 걔낸 아숴울거 없샤 상폐만 안되면 소송 걸고 하면 자신 있으니께 소송건다고 하는거겠지

개미는 돈 묶이는게 진짜 뭐되는거지",[]
2018.05.05 18:36,237,bugi****,223.33.***.249,11,4,"진짜 드러워서 투표해야지
지들 멋대로 해쳐먹을려고하노!!
드러운 놈들한테 투표로 보여줍시다",[]
2018.05.05 18:34,220,csie****,223.33.***.59,1,0,"반등 나와봐야 40~42 아니것냐? 여가 최근 최대 매물대니까

삼베충 단타 샤키들은 쳐물리던가 알아서 하는거고 어차피 투기하러 돈 때랴 박은거니

차리리 장투할거면 지수에 투자해라 미국 바닥 잡힌거 봤제? 애플 주식 버핏이 몽창 삿다잖아

삼전을 사던 코스피 지수를 사던 하는게 좋을거 같다 kodex 레버리지 말이여 코스피 주봉 참조햐고 쭉 다지고 올라갈 준비중인게 아마 이번 만기일 이후 방향 나올듯",[]
2018.05.05 18:34,195,choi****,124.58.***.98,2,1,"빨리 파라라 어이구 바부드라
네이쳐셀 봤잖아
고평가 50만원 삼성 프리미엄 이었잖아

답답하게 또 오르겠지 하는 갬들에게 ~~",[]
2018.05.05 18:33,369,rhks****,175.205.***.244,7,2,"화요일 종가 예상..

뜻밖의 급등을 잠시 보여주다가

종가는 273,000원 예상봐유^^",['빙고']
2018.05.05 18:33,313,jang****,223.62.***.54,1,9,"현제가격으로 잠깐거래 정지
사태해결후 현가격으로 거래제게 해야만 손실을 최대한 줄인다 현재상황으로 벌리면 벌릴수록
짝짝 찌저저 고통만 더한다
잠간거래정지로 금감원 명분슨다
포청천의 판결 !",['제발 정지해라\n손해배상청구 좀 할랑께\n\nㅋㅋㅋ']
2018.05.05 18:29,185,ycrr****,110.70.***.142,5,2,삼바주주들아 다른 바이오주주들이 너네 싫테 티슈진주주 수진이가 삼바니들 고양이 발톱세우고있데,[]
2018.05.05 18:29,218,mano****,211.175.***.239,5,3,"최고점이 40조.....아무리 이해하려고 해도 불가능함. 다른 종목이라면 벌써
손이 나갈텐데 지금도 터무니 없는 고평가라서 그냥 보기만 한다",[]
2018.05.05 18:27,194,umyo****,180.66.***.241,2,1,"자식/주식 많은 이들은 넋이 빠져 있건만,
이곳은 자식 없는 자들의 콧노래가...
그들의 웃음보가 터지는 글들이 ... 도배
남들도 좀 생각하는 ... 이해심 많은 사람들이...",[]
2018.05.05 18:26,237,bwj1****,223.62.***.112,4,3,"연기금 5%이상없다고
서류몇장에 시총8억이...
아무도 책임안지고
소액주주 한숨만 연휴창공 메우고 있으니...
어찌되었던 언론이 이성찾고 보도하는것으로 보아
다음주부터는 삼바 충격에 조금씩 벗어날뜻
벌금형. 나오면 삼바는 손해배상소송 안당하기위해서 행정명령불복소송 제기하겠죠
............
금융당국 말이 맞다면
무효 해당되므로.....
무효 정의 네이버 한번 찾아보세요?

정부당국이 얼마나 큰 사회적 파장 일을 벌린건지....

소액투자자로 재무제표 믿을수 없고 정부심사 믿을수 없고.
삼바 미래성장성 믿고 투자한 개미만 망한거죠..,

연휴잘보내세요
참 주식하기 힘든 환경 입니다",[]
2018.05.05 18:26,191,hjs8****,119.67.***.69,2,1,"좋은주식들 마니있어요.
혹시나 하면서 고생들하시나요",[]
2018.05.05 18:26,166,khle****,211.36.***.187,2,1,"상장 과정에서 문제가 있었고 이 부분에 대한 이슈인데 완전히 정치 토론방이 되었네요
다시는 이런 상장이 없도록 시스템 개선이 되었으면 좋겠네요",[]
2018.05.05 18:26,241,rmff****,118.37.***.166,2,2,빨리들 팔고 대아티아이나 부산산업으로 갈아타라,[]
2018.05.05 18:25,177,chou****,117.111.***.122,2,0,"예부터 한민족은 남탓하기 좋아하는 민족..
이젠 북한 탓도 못하니 어쩌노??",[]
2018.05.05 18:24,233,chak****,121.154.***.237,4,2,"감사 들어간게 어제 오늘도 아니고 문재인 정부 탄생전 이라며..
법으로도 막지못하는 새로운 탈법.부폐 수법을 개발하는 삼성이 정권을 매수해서라도 이런상황을 안만들거라 믿었던게지..
하지만 세상이 바뀌었다는걸 삼성도 정부탓 하는 개미도 아직도 모르고 있음..

세상이 변했다..
불법,탈법,부폐가 통한던 시대는 박근혜와 함께 탄핵 당했다..ㅋ",['진짜 맞는 말이네 국회의원 언제출마하요']
2018.05.05 18:23,229,kys1****,175.195.***.58,4,2,"삼성바이오 적정주가 6만원

셀트리온 적정주가 2만원..","['상장폐지', '전 10만원 봅니다만']"
2018.05.05 18:22,315,epow****,110.70.***.122,7,5,바이오젠 콜옵션 뉴스 한방에 날라간다 전고점돌파,[]
2018.05.05 18:21,274,hakd****,223.38.***.40,8,2,"삼바 회계문위반 발표전 공매세력들이 평소보다
몇배많은 물량을 쏟아부어 주가를 끌어내렀다는대
5윌1일전 위반정보를 공매세력들이 누구한테 받았겠어요
필히 금감원에서 정보가 공매세력들께 줬겠죠
철저한 조사를해서 엄벌할것을 촉구한다.",[]
