2018.12.14 08:39,764,tank****,223.33.***.136,1,1,매입 끝났나요?,
2018.12.13 16:29,387,free****,175.223.***.61,0,2,"Quantum Leap !, ‘비약적 성장’을 의미하는 말로 ㈜팜스코(대표이사 정학상)의 2018년 사업 슬로건이다.

팜스코가 말 그대로 기록적인 성장을 이어가고 있다. 최근 10년 동안 300%가 넘는 성장으로 축산식품산업을 선도해 가고 ~~/

주가는

왜 뒤로가지 아이러니 하네",[]
2018.12.07 12:37,757,cort****,39.7.***.76,1,0,4대 크루 통합이 이거 만원 가는것보다 빠를거같아,"['주식시장 참여는 폭망의 길이다.\n기울어진 시장에서 개미들의 피 같은 돈을 요구한다.\n\n근데 우매한 개미는 착각속에 계속 갖다 바친다.\n\n주식시장 폐쇄를 하든지, 아니면 법인,외국인만 참여토록 법제화해야 한다.\n시장 벌려 놓고 세금으로 뜯어가며, 정부나 외국인등은 합법을 가장하여 개미들의\n피 같은 돈이 들어오기만 기다리며, 조금씩 표시 안나게 갈취하는 나쁜새기들이다.']"
2018.12.03 14:02,645,mutz****,147.47.***.27,3,1,"세상 살다살다 이런 개잡주 처음 봄

내가 주주라는 걸 반성합니다.","['주식시장 참여는 폭망의 길이다.\n기울어진 시장에서 개미들의 피 같은 돈을 요구한다.\n\n근데 우매한 개미는 착각속에 계속 갖다 바친다.\n\n주식시장 폐쇄를 하든지, 아니면 법인,외국인만 참여토록 법제화해야 한다.\n시장 벌려 놓고 세금으로 뜯어가며, 정부나 외국인등은 합법을 가장하여 개미들의\n피 같은 돈이 들어오기만 기다리며, 조금씩 표시 안나게 갈취하는 나쁜새기들이다.', '개잡주아님. 돼지잡주임.', 'ㅋㅋ. 5년 만원이면 수익율 대박인데? ㅋㅋ', '한 5년만 들고 있어보세요.1만원은 갈겁니다.']"
2018.11.20 14:42,1406,kimk****,125.185.***.164,1,0,매수한 이후로 한번도 플러스가 안되네ㅠ,[]
2018.11.21 18:47,277,ssmj****,121.142.***.22,0,0,"주식시장 폐쇄시켜야,
아니면 법인과 외국인만
참여하게만 해야,
기울어진 시장, 개미들의 돈만
갈취하는 흡혈귀 같은 정부입니다.",[]
2018.11.15 15:46,959,mutz****,121.142.***.61,0,1,미리 미리 사둬. ㅋㅋㅋ,[]
2018.11.14 23:55,689,kore****,175.223.***.180,0,2,https://m.news.naver.com/read.nhn?mode=LSD&mid=sec&sid1=100&oid=081&aid=0002955954,['고고']
2018.11.14 15:08,728,jhs7****,223.39.***.100,2,0,팜스코자회사 산과들에프앤씨에 경매개시가 결정되었습니다~자세한내용은 부동산등기부등본참조,[]
2018.11.14 15:47,496,jkhj****,124.180.***.99,2,0,"어떤 성격인지 궁금하네요. IR과 통화가 안되서 못물어봤습니다만.. 최근에 향후 유동성확보를 위해서 부동자산을 유동화는 회사들 많습니다. 기사에도 난 상황이죠. 그 자회사가 하는 사업이 안정적인 사업(급식, HMR)으로서 성장중이었기 때문에, 무슨 문제가 생겨서 경매를 하게된건 아닐꺼라고 생각은 합니다만...왜 강제집행이라고 하는지 궁금하군요. IR에서 내용을 공시를 하던지 누가 전화하셔서 답을 게시판에 올려주시던지 해주시면 좋겠군요.",[]
2018.11.15 11:53,296,jhs7****,223.39.***.36,1,0,토지를 매입하고 그 대금을 주지않아 청주지법 민사12부에세 대여금 소송에서 상대방이 승소하여. 관련회사 토지및 건물을 강제집행했습니다,[]
2018.11.13 16:48,737,vipb****,223.62.***.107,0,0,"http://www.ilyoseoul.co.kr/news/articleView.html?idxno=265466

이런 내용이 있네요.

공정위 벌금도 지금 불안한데..
세력들 아주 뺄려고 작정을 했나.",[]
2018.11.13 15:05,564,kore****,58.151.***.154,3,1,굿럭! 우리 모두 함께... 화이팅 해염,['매출 줄었네요.\n주가 또 빼주시겠네..\n그래도 악재 소멸?']
2018.11.13 14:51,336,ssmj****,59.17.***.208,1,0,"어려운 주식입니다.
5-6년전 4~5천원할때 기관, 특히 연기금에서
많이 매집하여 가격 올려놓았습니다.

그전에는 2-3천원에서 2-3년간 지루한 횡보장세였죠.

그 틈을 타서 연기금에세 농락하고 지들은 우매한 개미들한테 물량 떠 넘기고 지금은 빠지고,

또한 기관들은 계속 공매도로 일관하고. 등

힘든 주식이며, 주식시장폐쇄하여 개미들의
피 같은 돈 지켜내야 합니다.

지금까지의 세금 및 수익은 개미들에서
나왔습니다.

명심하시어 잘 판단 바랍니다.",[]
2018.11.13 14:30,515,chun****,59.12.***.150,2,0,"하림 팬오션 어닝서프라이즈
이것도 나쁘지 않것어!!!
저가에 많이들 담아들 놔",['맞아요']
2018.11.13 12:37,393,mutz****,147.47.***.27,0,0,차라리 청산해라. 개잡주,[]
2018.11.13 12:06,403,vipb****,223.62.***.107,0,0,"연기금 외인 모두 손절하는구만..
3분기 실적 IR 비관적일듯..",[]
2018.11.13 10:02,851,jhs7****,203.226.***.39,6,0,팜스코 지분100%계열사 산괴들에프앤씨에. 토지건물에 경매진행을 위하여 강제집행신청했습니다. 사건번호 2018타경 13250 부동산강제경매,"['지금까지 세금, 이익금 등은\n거의 개미들의 피 같은 돈으로 갈취한 것입니다.\n\n칼만 강도가 정부인데,\n우매한 개미들은 난 돈 딸 수 있다는 착각과 망상속에\n계속해서 돈만 같다 바치고,\n\n왜 국민들은 현명한 판단을\n못 하는지?\n\n답답합니다.\n\n더욱이 좌파정권의 경제 실험이 궁민화합니다.\n\n아직 시작도 안 했는데,\n정권말기를 예상하면\n\n지금 무엇을, 난 어떤대비를\n해야하는지 명약관화합니다.\n\n지금 좌파정권에서는 수익창출 할 생각마시고\n\n위험대응에 심혈을 기울려야 합니다.']"
2018.11.10 11:02,1073,chok****,218.152.***.180,0,1,"실적발표는 언제 하나요?
혹시 실적이 어느정도인지 예성은 가능한가요?
어닝쇼크???","['1차7400. 2차 4200. 3차액면가인 500언져리', '얼마를 발표하던 반영된 주가 아닐런지. 아니면, 무엇을 상상하던 그 이하를 보게될것이다이려나?']"
2018.11.10 07:28,549,chun****,59.11.***.146,5,1,"장하성이 짤려뿟짜너 
라도 도민회 회장이 홍국이여 
홍국이 정치입김이 쌔진거여 
정적 장하성이 짤렸으니 
이제 거칠 것이 없지
미래 라도 대권후보가
홍국이여!! 대선주 되는거여ㅎㅎ",[]
2018.11.09 16:23,476,ssmj****,59.17.***.208,6,1,"주식시장 참여는 폭망의 길이다.
기울어진 시장에서 개미들의 피 같은 돈을 요구한다.

근데 우매한 개미는 착각속에 계속 갖다 바친다.

주식시장 폐쇄를 하든지, 아니면 법인,외국인만 참여토록 법제화해야 한다.
시장 벌려 놓고 세금으로 뜯어가며, 정부나 외국인등은 합법을 가장하여 개미들의
피 같은 돈이 들어오기만 기다리며, 조금씩 표시 안나게 갈취하는 나쁜새기들이다.

공감하면 추천을 눌러 주세요",[]
2018.11.09 13:11,332,kimk****,125.185.***.164,2,0,떨어지기만하네,[]
2018.11.02 10:52,1010,shcb****,123.215.***.48,2,1,팜스코는 주가가 떨어지기 기다리나봐. 밑에서 받치지 말고 위로 쳐올라야지 주가가 상승하죠.,[]
2018.11.02 10:47,366,shcb****,123.215.***.48,1,2,내가 잘못판단했나. 똥같은 주식. 욕만 나오네.,[]
2018.10.31 11:52,589,dusi****,211.36.***.81,1,3,상장폐지해라,"['10,000원 이상은 만들어 나야지.']"
2018.10.29 13:05,434,dusi****,211.36.***.124,2,1,일부러 개미투매시켜매수하고지랄이네,[]
2018.10.29 10:04,325,worl****,59.2.***.79,0,1,12,[]
2018.10.26 14:12,729,mutz****,223.62.***.207,3,4,안 그랬음 얘도 떡락하고 있을 텐데,[]
2018.10.25 20:02,457,shcb****,223.38.***.186,4,4,폭락을 거듭하던 주가가 지난주 월요일부터 반등하기 시작하여 최저점부터 14% 상승하였습니다. 이유는 아시겠지만 월요일 자사주 50억원 취득공시입니다. 지난주부터 기관은 사고 외인과 개인이 팔았습니다. 국민연금도 대주 안하기로 했습니다. 그러면 누가 이기겠습니까. 그동안 개인은 까지기만했지만 지금은 기회입니다. 손실을 만회하거나 이익을 시현할때입니다. 개인투자가 여러분 내년 1월20일까지는 매도를 자제해주세요. 그러면 여러분한테 좋은일만 생길겁니다. 팜스코 개인투자가 화이팅.,[]
2018.10.24 10:17,460,ccii****,121.174.***.168,0,1,"●청원●
국민연금의 주식대차를 폐지하라
https://www1.president.go.kr/petitions/394401

다시 시작하는 청원입니다.
이전에 비슷한 청원에 동의하셨더라도 다시 한번 더 이 청원에 동의 부탁드립니다.

▶ [기자수첩]공매도 권유하는 '정부'…분통터지는 '개미'
https://m.news.naver.com/read.nhn?mode=LSD&mid=sec&sid1=110&oid=018&aid=0004225969

▶ [단독] 공매도 신음株, 절반은 국민연금이 대여
https://news.v.daum.net/v/20181016095007871

▶ 국민연금공단, 해외운용사서 돈받아 직원들 해외연수 논란
http://www.businesskorea.co.kr/news/articleView.html?idxno=25479

▶ '주식 대여 장사' 논란 휩싸인 국민연금
https://m.news.naver.com/read.nhn?mode=LSD&mid=sec&sid1=101&oid=011&aid=0003410343

▶ 국민연금 주식대여액 1천조원 육박..""공매도 종잣돈 창구""
https://news.v.daum.net/v/20180907070022685?f=m

▶ 거래량도 대금도... 공매도 시장 휘젓는 외국계 증권사들
https://news.v.daum.net/v/20181009044529592?rcmd=rn&f=m

▶ 국민연금, 올해 7월 말까지 국내주식투자로 10조원 손실
https://news.v.daum.net/v/20181006090008650?f=m#none

국민연금이 공매도세력들에게 주식을 대여해주며 연금을 운용하여 우리들의 국민연금과 주식이 막대한 손실을 입고 있습니다.

국민연금의 주식대차를 없애야지만 우리들의 국민연금과
주식을 지킬 수 있습니다.

우리들의 재산을 지킵시다.

청원에 힘을 보태어 주십시요.

여러분들의 힘이 절실히 필요합니다.",[]
2018.10.22 19:23,439,shcb****,123.215.***.48,1,1,DAUM에는 자기주식취득 공시가 떳는데 네이버는 never. 제대로된 소식을 빨리 기사화해야되지 않나요.,['방 있어요 톡 주z세요 mung10191']
2018.10.22 16:33,607,shcb****,123.215.***.48,5,1,자사주 50억원 취득(10/22 - '19.01.21)결정 했는데 개미들은 연실 팔아대네요. 언제 본전 찾을꼬?,[]
2018.10.19 09:55,899,ssmj****,211.36.***.76,1,3,"어려운 주식입니다.
5-6년전 4~5천원할때 기관, 특히 연기금에서
많이 매집하여 가격 올려놓았습니다.

그전에는 2-3천원에서 2-3년간 지루한 횡보장세였죠.

그 틈을 타서 연기금에세 농락하고 지들은 우매한 개미들한테 물량 떠 넘기고 지금은 빠지고,

또한 기관들은 계속 공매도로 일관하고. 등

힘든 주식이며, 주식시장폐쇄하여 개미들의
피 같은 돈 지켜내야 합니다.

지금까지의 세금 및 수익은 개미들에서
나왔습니다.

명심하시어 잘 판단 바랍니다.","['개미가 문제야.', '매일 사들이는데...', '2015년 8월엔 22,800원까지 갔던 주식이나 이젠 엄청 빠져 버린 주식임']"
2018.10.13 11:06,1074,vipb****,221.138.***.30,3,3,"돼지 살처분 및 폐사로 마리수 급감하는데..
사료파는 회사들 망하게 생겼네.","['소소소', '헛소문내지마라 자식아']"
2018.10.12 16:08,863,sexy****,223.62.***.92,2,1,"아직생존해 계신분 있으인가요?
손절쳐야하는지 절박하네요ㅜㅜ
평단가얼마신가여","['8110원에 입성했습니다.\n12500원 되면 나갈께요.', '상폐되진않겠죠?지지가격이없네요 ㅜㅜ', '12600', '13400', '돼지똥같은 주식...', '평단11500 일때 8600 손절치고 나옴여 ,, 다시 오름 사려구요 차라리,,', '12000...', '7100원-7600원까지는 하락세 열려있고 그 뒤로 슛팅 한번 줄테니 물타서 빠져나오세요']"
2018.10.12 11:04,477,shcb****,123.215.***.48,0,0,18 욕나오네,"['진짠가요?상폐?', '상ㅍㅖ 소 문 이...', '진짜 짱나요 이거~ 손절하기에 너무큰금액이라']"
2018.10.11 14:39,541,kimk****,125.185.***.164,0,0,계속 떨어지기만 하는데 ㅠ 이유가 있을까요?ㅠ,"['4200까지 하락예상됩니다.거의 90%', '가격은 수요와공급,\n자산가치, 영업실적등 무수히 많은\n변수에 의해 결정되는데,\n\n과거 가격은 연기금등 기관투지가들이 올려 놓고\n지금 개미들 한테 물량넘기니 어쩔수 없네요.\n\n과거 경험칙상 3000-6000사이에서\n등락이 거듭할 것으로 예상됩니다.\n\n근거:팜스코를 25년간 투자한 경험.\n판단은 각자가', '이러다 휴지되것소', '매수세가\n약한것같으이 ~']"
2018.10.10 03:01,717,beag****,27.35.***.101,1,2,여전히 고평가 상태,"['재무 양호한 놈인데.. 주가는 죽음이네요.\n공매도들이 문제인듯..', '팜스코에 다시는 투자 안한다. 5년 갖고 있다가 8일날 처분함 - 손실이 컸음', '8000원 이하라도 빨리들 매도 걸어 놓으세요.낼이면 5000원에도 팔기 힘듭니다.전 엇그제 다 털고 1천원이하 매수 걸어 놓았습니다.', '지금사서 공매도 치면 떼돈버는 겁니다.']"
2018.10.08 16:04,625,shcb****,123.215.***.48,0,1,개미가 주가떨어뜨리네. 무서운건비 아니면 바보인지 궁급하네요.,['이렇게 페이크쓰는 기사들뜨면 ㅋ 다시오른다ㅋㅋ']
2018.10.07 20:34,301,rho6****,58.102.***.119,0,1,"국민연금의 주식대여를 폐지하라 >


☞☞ (아래 주소를 클릭 후 동의해주세요!!)

청와대 국민소통 광장 > 국민청원

https://www1.president.go.kr/petitions/394401
링크 복사해서 청원 부탁드립니다


♥ 내 소중한 국민연금을 보호하기 위한,
'국민연금 주식대여 금지' 청원에 동참해주세요! ♥

※ 위의 청원은 '경실련'(경제정의실천시민연합), '공매도제도개선 주주연대', '희망나눔 주주연대'가 함께 합니다.
========================

[국민연금공단 = 국민배신공단??]

우리가 내는 소중한 국민연금!
그 연금이 국민 모르게 줄줄 새고 있습니다..ㅠ
생쥐들이 야금야금 연금을 갉아먹는 때문이지요.

그 생쥐는?
주가 하락으로 밥 먹고 사는 공매도 투기세력.↓
그들에 의해 국민연금은 올해 6개월 만에 국내 주식투자에서 마이너스 6.11%라는 충격적인 수익률을 기록했습니다.
(국민연금은 올 1년 동안 국내 주식투자에서 약 10조원이라는 천문학적인 손실을 입을 것으로 예상됩니다.)

그런데.. 놀라운 사실은,,
그 끔찍한 피해를 주는 범인의 공범이
국민의 편이어야 할 국민연금공단이라는 점입니다.

국민연금공단은??
지난 4년 6개월 동안 총 974조원을 해외 공매도 투기세력 등에게 빌려줌으로써 주가를 하락시켜 국부를 유출시키고, 국민소득 감소와 국민연금 재정악화를 야기한 공매도 세력의 치욕적인 종 노릇을 하고 있습니다.
그야말로 현대판 매국노의 부활이 아닐 수 없습니다.

최근 아파트 가격은 폭등했지만,
우리나라 경제는 전반적으로 어려운 상태입니다.
자영업자들의 한숨은 날로 깊어지고 있습니다.
우리나라 주식시장은 공매도 투기세력에 의해 장기 침체의 늪에서 헤매고 있습니다.

이 시점에서 주식시장이 활황이 된다면
서민들의 지갑이 두둑해지고,
자연스레 실물 경제의 숨통이 트이게 됩니다.
국민연금 재정도 안정을 되찾게 되는 것은 당근이지요..^^

그 시작은?
'국민연금의 주식대여 금지'부터 출발해야 합니다.
생쥐들이 우리의 소중한 연금을 갉아먹지 못하게 하면, 주가 상승으로 개인소득이 늘어나고 연금 재정도 튼실해집니다.
한마디로 경기가 좋아지게 됩니다.

국민 여러분!
여러분의 노후 연금, 스스로 지키셔야 합니다!
국민연금 주식대여 금지 청원에 동참해주십시오!
가족 친지 등 주변에도 널리 알려주십시오!
위의 '청와대 청원 사이트'에 들어가셔서

아주 간단한 '동의'의 의사 표시를 통해
소중한 여러분의 연금을 지키시기 바랍니다.

국민연금.. 국민이 주인입니다!",[]
2018.10.07 17:11,351,ghdy****,49.219.***.94,2,0,"하지말고, 떨어지는 이유 파악하고 진입하세요.
요즘 식품산업 특성은 실적이 바쳐줘야 주가가 올라간다는 겁니다.

근 몇년간 쌀소비량이 줄어드는 대신 고기 수요량이 지속적으로 증가해온 추세였습니다. 보시다 시피 주가에 반영되면서 지속적으로 상승해 왔죠.

향후 돼지소비량도 꾸준히 상승할것으러 예측됩니다.

그러나! 중국돼지열병. 벨기에 등 유럽국가에서 돼지열병 속속히 발견 그리고 퍼져나가는 상황.

심지어 이번주는 중국 국경절 1주일간 중국은 휴일.

중국인들 타고 각국 곳곳으로 돼지열병 전염될것으로 예상.

전염이 어려운게 아니라 친구들 선물로 사오는 햄이나 순대등 가공 식품에서도 발견되어, 먹다 남은 가공식품으로 돼지사료 만들어도 감염위험이 있음.

사실상 전염 막는건 불가능에 가까움. 먹고나서 안전하다면 큰타격이 없을수도 있지만 돼지의 경우 걸리면 치사율 100프로.

현재 약도 없음. 한국에 전염되면 뉴스에 치사율 100프로 돼지병이 한국에 착륙했다는데, 돼지고기 소비량은.. 참담

중국 국경절 중국인들이 가장 관광하고 싶은나라 3위 한국....

지금부터 가을 환절기, 그리고 겨울.. 사람이나 돼지나 감기 걸리는건 겨울..

현재 돼지고기 가격 준수함. 그래서 3분기 실적까지 굉장히 잘나올듯.

돼지열병만 비켜나면 육돈주들 날아갈거임.
돼지 열병 들어가면, 육돈 재고자산 다 날라갈 가능성 있다고 생각해야되며. 발생한 달의 인건비, 유지비 세금 등을 부담해서 실적으로 나올것.
현재하락폭이 큰 이유는 육돈분야의 성장가능성과 향후 실적이 양호 할거라 생각하고 치켜올려가는 시점이였기에 돼지열병 악재가 유독 크게 작용함

대충 시총 계산 때려보려면. 현재자본에 재고자산 때고 고정 인건비 때고 계산 한번 해보세요. 얼추 그쯤부터 분할 매수 해야한다고 봄.

장기화 될수록 거품은 빠질것.이라 보면됨.

반등 나올수도 있지만 돼지열병이 잠잠해지기 전에는 크게 상승하기 힘듬. 3분기 실적발표때 까지 국내 돼지열병이 발생되지 않는다면 한번 반등 나올수도?

좌우지간 돼지열병이 정말 무서운 병임. 조심조심",[]
2018.10.02 12:36,949,sexy****,112.223.***.190,1,0,"과연바닥이 어딜까요?
손절치고 나가는게 낫겠죠?
다들평단가가 얼마신가여","['5년기다리는 기회비용이 너무크네요 ㅜㅜ', '9000원만 지켜나.딱 5년에 목표가 13000이다', '희망이 별로 없는 주식이어서 곧 매도 에정', '기다리면 복이옵니다', '미치겠어요 자꾸떨어져서ㅜㅜ', '9,500', '12400', '13400. 1년~', '9460요']"
2018.10.01 14:09,485,mutz****,223.38.***.127,0,1,"개잡주가 이렇게 4일 연속 오를 수 있군요

신기합니다","['4일 동안 290원 오르고 오늘 하루만에 300원 뺐네여 오~올 이럴수가', '오~올 그렇네여 대단!!!!!']"
2018.10.01 09:46,226,peac****,211.223.***.166,0,0,"https://www1.president.go.kr/petitions/394401

오늘 국민연금 대차금지 청원을 시작합니다.

지인과 가족분들의 참여도 필수입니다.

이번 청원이 성공적이 되면&#160;
국민연금 대차금지와 더불어서&#160;
공매도 제도개선까지도&#160;
가능하게 됩니다.&#160;

이번 청원의 목표는&#160;
""국회 압박"" 입니다.&#160;
모두 동참해주시길 부탁드립니다.&#160;

공매제도 개선을 위한 주주연대&#160;
단톡방에 오셔서 함께해 주시길 바랍니다.&#160;
https://open.kakao.com/o/goZA7SY",[]
2018.09.28 13:57,534,shcb****,123.215.***.48,0,1,"김회장, 정사장 주가관리좀 하소. 쪽팔리지도 않습니까.",[]
2018.09.27 12:10,425,ggib****,58.75.***.74,1,1,ㅎ,[]
2018.09.21 09:56,605,peac****,211.36.***.189,0,0,"몇 달 전 벌어진 삼성증권 사태에 대한 청와대 청원의 답변에서 최종구 금융위원장은
공매도제도에는 문제가 없다고 했고, 제도개선을 약속했지만, 최근 그 주식을 매도해서 사익을 챙겼던
삼성증권 직원 3명은 보석으로 풀려났습니다.

그리고 골드만삭스 서울지사에서 비슷한 행위를 하다가 금감원에 적발되었고, 다음날 나온 금감원의
발표에 따르면, 골드만삭스 서울지사에서만 최근 몇년간 50번의 사례를 적발해냈다고 합니다.

무차입 공매도는 절대 불가능하다는 이 나라에서 이런 일이 아무렇지도 않게 일어나고 있습니다.
최근 트럼프는 '도드프랭크 법안과 볼커룰을 폐지한다'는 문서에 싸인을 했습니다.
이는 미국의 투자은행들이 이윤을 위해 어떤 행동을 하더라도 미국 법으로 제재하지 않겠다는 뜻입니다.

대한민국의 금융관료들은 공매도 제도에는 문제가 없다는 대답만 반복하며 시늉뿐인 대책을
내놓고 있습니다.

그리고 국민연금은 공매도 세력에게 주식을 대차해주고, 고가에 매수하고 저가에 매도하기를 반복하고
있으면서 국민들의 피땀어린 돈으로 납입한 국민연금에 막대한 손실을 입히고 있으며, 주식대차 수수료를
연 130억 받고 있다며 정당하다고 주장합니다.

내일도 상대적으로 정보가 부족한 개인투자자들의 일부는 공포에 질려 손실을 감수하며
매도버튼을 누르게 될 것이며, 연기금을 운용하는 증권사는 고가매수 저가매도를 반복할 것입니다.
이는 심각한 국부유출이며, 국민의 미래를 갉아먹는 행위입니다.

지금이 아니면 다시는 기회가 없을 수도 있습니다. 주주님들의 힘과 뜻을 모아서 국민연금 운영을
정상화시켜야 합니다.

우리는 자발적인 국민들의 모임으로 '국민연금 운영제도 개선'을 위한 모임을 결성했습니다.
현재, 국회 정무위원회와 몇명의 국회의원들, 그리고 보건복지위원회에 경실련과 함께 협조를 요청했고
관련자료를 전달하며 준비하고 있습니다.
10/1일부터 새로운 청와대 청원을 시작할 예정이며, 이때 여러분들의 폭발적인 참여가 필요합니다.
청원 시작 시점에 '김어준의 뉴스공장'에 우리 관계자가 출연하여 전말을 설명드릴 예정입니다.

국민 여러분.
더이상 우리의 피땀어린 국민연금이 특정세력의 이익을 위해 이용당하면 안됩니다.
우리 모두가 힘을 합쳐 정부와 기관에 당당히 요구해야 합니다.

부디, 10월 1일에 시작될 청와대 국민청원에 본인과 주변인의 많은 참여를 부탁드리며, 그 이전에는
우리의 뜻을 보다 많은 분들에게 알려주시기 바랍니다.

[청와대 청원] : 향후 통지 예정

[동참하는 분들의 모임] : 카카오톡 채팅방. https://open.kakao.co",[]
2018.09.20 14:44,942,wscg****,118.46.***.147,4,2,"5천원 갈 챠트구나.... 역시 뻐꾸기네 식구들은 시궁창 출신이여..
절라도에서도 겁나 실어하드만...","['진짜 상폐각인가여?', '긴급 탈출ᆢ', '5천원은 아니고 6천원은 갈 듯', '헉 탈출해야하나ㅠㅠ']"
2018.09.20 14:42,345,skmh****,117.111.***.179,0,1,"어떤 세력이 있어야 하는데 없네ㅠㅠ
공매 박살낼 세력",[]
2018.09.20 14:33,229,skmh****,117.111.***.179,1,1,종가 빨갱이로 끝나려나.. 조금만 더 힘내자..,[]
2018.09.20 14:22,356,skmh****,117.111.***.179,0,1,이거 공매 장난아니네 ㅠㅠ,[]
2018.09.20 14:14,246,glor****,211.36.***.113,1,0,"명절후 더 내려갈판이다
대피",[]
2018.09.20 13:17,285,skmh****,117.111.***.179,0,1,조금만더 내려가라.. 추매하게 ㅠㅠ,"['평단9430 빨리 올라라.\n공매도 장난 아니네 ㅠㅠ', '내려가는 주식 사는거 아니라고 전문가들 이야기 할 때 믿을 걸 그랬어요\n횡보나 상승주식 아니면 처다보지 않을려구요~', '혹시나 오를까?.. 행여나 반등이겠지? ... 정말 많이 당했네요', '이주식은 장난이 심하게 들어가서 추매한다고 되는게 아닐 듯 합니다.\n살짝 올려 따라오면 주~~~~욱 팔고.... 계속적인 반복... 그동안 손실을 생각하면.... 흑...\n남하는 실수 반복하지 마시고 챠트 확인 하심이 ~~~ 그리고 거래 패턴 확인하심이 ....']"
2018.09.20 11:25,368,sexy****,112.223.***.188,1,0,"팜스코 무슨일 있는지 진짜 알려주세요

자꾸 빠지네요..","['감자나 상폐 가능성도 잇을거같슴', '뭔일 없구요...\n그밥에 그나물이라 그려요... 지배구조 개편할려니...장난칠수밖에..']"
2018.09.19 14:22,392,keep****,221.155.***.236,0,1,추석전에 튕겨줘,[]
2018.09.19 10:03,308,worl****,59.2.***.79,0,1,12,['제예상은 4260입니다']
2018.09.18 23:07,323,6230****,223.33.***.3,0,1,"뭐있나
찝찝하게 떨어져",[]
2018.09.17 19:10,535,nalx****,110.70.***.234,2,2,예측하는건 무의미함.. 바닥 확인 후 매수해야만 정신건강에 유리함. 이 간단한 이치를 깨닫기까지 20년,"['무슨 20년 이나 걸려유. 앞에 19년 정도는 그냥 사놓고 묻어놓으셨나유? 몇개월만 해보면 알텐데 ㅠㅠ', '8년 전에 샀으면 무조건 수익인데..?', '올 12월엔 가진 이 주식 크게 손해보고도 팔것임', '약 8년전에 산 주식인데 그때보다 더 내렸음 - 한심하네']"
2018.09.17 11:56,344,dty1****,175.223.***.181,2,3,아니 주식 차트는 볼줄 몰라도 재무재표가 이익이 계속나고 있는데 상폐한다니 망한다니 그런 멍멍소리 하는 사람들 왜케욱기지?ㅋㅋ,[]
2018.09.17 11:16,516,sexy****,223.39.***.140,0,1,다들손절하시나여?,"['4200원 근거는여?너무떨구네여', '4200원까지 하락ㅋㅋ 말이되냐 진짜 웃긴인간이네ㅋㅋ 뉴스안봄?', '4200까지 하락후 횡보할거 같습니다.']"
2018.09.17 11:08,299,glor****,211.36.***.251,0,1,진짜 망해?,[]
2018.09.13 22:30,627,chla****,218.146.***.65,1,2,누가 먼저 등 돌리나 지켜볼 일일세.,[]
2018.09.13 08:11,401,hnso****,203.90.***.123,0,1,야는 왜 일케 됐나?,[]
2018.09.12 16:41,554,dosa****,210.105.***.241,2,2,"다른 주식들도 보면 오랜동안 지속적으로 떨어진 경우는 복구하는데 시간이 걸리는 것 같아요
그동안 물린 사람이 많아서 겠죠? 다른 차트와 비교한번 해보시는 것도 좋을 듯..
여튼 장기적으로 두면 몰라도 .. 단기적으로 상승은 고만고만 하거나 보합형태로 상당기간 갈것으로 보이는데
어쩜 터는 것도 좋을 것 같아요

설마 매집해서 올릴려다 실패한건 아니겠죠?",['잘 봤어요. 시간 꽤 오래 걸릴겁니다. 어쩌겠어요. 묻어두셔야죠']
2018.09.12 15:40,346,sexy****,112.223.***.190,1,1,"이유가뭔가여?
연속으로 자꾸 떨구네요",[]
2018.09.12 14:15,337,dosa****,175.223.***.152,2,1,조막손이 큰손흉내냄으로 결론...으로 위안하렵니다,[]
2018.09.12 13:58,364,dosa****,210.105.***.241,2,1,팜스코 상식적으로 이해가 안가네~ 손털고 마음은 편한데 찝찝해 뭔가 ~,['그러게요 ᆢ']
2018.09.12 12:46,239,glor****,220.121.***.31,1,1,"어서 망해라
중국에 팔아",[]
2018.09.12 06:56,384,nalx****,175.223.***.199,2,1,물린분들은 진지하게 한번 생각해보세요..,['그러게요 ᆢ약 올라서 팔었다가 또사고 또팔고 또 쳐다보고 이런주식 찾기 힘드네요 주구장창 밑으로']
2018.09.11 11:33,316,glor****,220.121.***.31,1,2,"팔아넘겨야 줏가가 좋아질듯합니다
가망이 없다",[]
2018.09.11 11:49,240,dosa****,175.223.***.152,2,2,공감합니다,[]
2018.09.11 11:24,333,dosa****,210.105.***.241,2,2,"이종목에 대해서 아시는 분 있으면 좀 알려주세요

다른 주식에서는 안나타나는 특이한 현상이 발견 되네요

좀 아시는 분 있으신가요?

연구가 좀 필요한것 같아요.. 일부러 주가를 낮추고 있는 느낌은 알겠는데

뭔가 이상한 알고리즘이 있는것 같아요..

주식이야 뭐 내리다 오르다 반복하니 뭐 그럴수 있다 치구요

거의 한사람에 의해 좌우되는 듯한 묘한 느낌?... 저만 느끼나요?",[]
2018.09.11 10:50,386,dosa****,175.223.***.152,0,2,목적이 궁금해....,"['한주 남아있어 열주를 사도 그대로 한주 남고..... 프로그램 속을 들여다 볼수도 없고.. 투자의견은 전부 4로 매수의견이 지속되는데 날마다 떨어지고... 이건 뭐 열이 나서..', '도데체 1주 => 101로 전체적으로 바뀌는 이유는?', '어쩜 매도하는 수량까지 똑같을 수가 있을까? 어느 한분의 조작이 아니고서야... 근데 이유좀 알자구요']"
2018.09.11 10:54,220,dosa****,175.223.***.152,0,2,매수해도 다시채워지고.. 그것도 소량만...이유가 뭘까?,[]
2018.09.11 10:48,283,dosa****,175.223.***.152,0,2,이런거 어떻게 하는거지 완젼존경스럽다..,[]
2018.09.11 10:40,274,dosa****,175.223.***.152,0,1,이젠 스릇ㄹ 발동을 걸건가? 아님 누르실건가?,[]
2018.09.10 23:26,321,worl****,59.2.***.79,1,0,돼지열병 테마주,[]
2018.09.10 19:11,255,dhsi****,117.111.***.102,1,0,공매도 테마주,[]
2018.09.07 13:53,673,baak****,121.181.***.111,2,0,"일단. 후퇴
돼지똥싼줄. 알았네",['똥 냄새가 진동 ᆢ 긴급탈출ᆢ']
2018.09.07 12:06,353,glor****,220.121.***.31,1,0,하는꼬라지가,[]
2018.09.07 11:57,333,imk2****,222.118.***.52,0,0,8천원,[]
2018.09.07 10:39,257,kang****,175.223.***.116,0,0,"허구헌날 파랭이네
에라이",[]
2018.09.06 23:48,464,hero****,211.36.***.134,0,1,팜스코 비리 제보합니다. 주주분들 카톡 psoh88친추하세요,[]
2018.09.06 15:10,281,mutz****,223.38.***.238,0,1,"살다살다 이리 반등 없이 흘러내리는 놈은 오랜만이구만

회장아. 북한이라도 문대통령 따라 좀 댕겨 와라 ㅋㅋ",[]
2018.09.06 15:06,204,minb****,175.223.***.77,0,1,"큰 문제있는 회사는 아닌거 같은데 우리가 모르는 뭔가가 있는걸까 장중에 10,000원에 만주이상 던지던데 ?",[]
2018.09.05 20:48,527,ogmd****,110.70.***.14,2,1,동병상련ㅜㅜ이 느껴지네요 김홍국 장로는 천벌받을겁니다 나폴레옹의 결말처럼,[]
2018.09.05 13:50,266,glor****,220.121.***.31,0,2,"제발 망해서 상패 해
투자자들 피 빨지 말고",[]
2018.09.05 10:41,415,vipb****,223.62.***.37,0,2,팜스코 망..?!,[]
2018.09.05 09:35,300,glor****,106.102.***.146,0,1,18 한번을 못가네,[]
2018.09.04 19:30,401,wnsa****,112.147.***.167,1,1,"9자나 한자 들고나 보니 8자까지 가겠구나~~~
8자에서 아가리 벌려볼까....",[]
2018.09.04 14:33,431,glor****,117.111.***.47,1,1,"줄줄싸는주식
질질싸다 죽갓다 ㅋ",[]
2018.09.04 13:02,378,baak****,110.35.***.14,0,0,"팜스코에 들렀다
입성할까?
말까?
시냇물 흐르듯
졸졸빠지네",[]
2018.09.03 09:47,403,glor****,117.111.***.208,0,0,망해서 상패 해,['에라이ᆢ 싹 망혀라ᆢ 나는 간당ᆢ !']
2018.08.31 13:24,287,dosa****,210.105.***.241,0,0,바로가려나 .. 좀더 털고 가려나?....,[]
2018.08.31 11:42,241,glor****,119.193.***.230,0,0,"더러운 팜스코 이게 주식이야
폭샥 망해라",['일년 넘게 댓글을 다시는데 대단하십니다\n한 주도 없다에 올인!']
2018.08.30 14:17,323,glor****,119.193.***.230,1,1,망해라 망해 얼 쑤,[]
2018.08.30 13:47,444,pj92****,203.243.***.3,2,1,"겉모습으로 볼 때는 이리 좋은데....
회사가 부도나지 않고서는 이러지 않을텐데...
거 참 이상하네",['상폐될거같네요']
2018.08.30 11:57,308,glor****,119.193.***.230,0,0,이것도 주식이냐??,['주식이 아니고 증권이다.']
2018.08.27 10:58,577,glor****,119.193.***.230,1,0,대박소식,[]
2018.08.26 08:58,395,nell****,125.136.***.111,0,0,고고,[]
2018.08.24 13:52,378,glor****,106.102.***.105,0,0,이것도 주식이라고 참나 미쳐버리겟다,[]
2018.08.22 15:11,569,vipb****,106.243.***.106,1,0,분위기가 이상하네요.,['1년들고 잇던 신용 만기일이 담주인데..ㅜ마이너스 20이네']
2018.08.21 09:40,345,glor****,119.193.***.230,1,0,망해??,[]
2018.08.20 10:49,371,wscg****,118.46.***.147,0,0,글러먹었다..OOO,[]
2018.08.17 12:08,880,glor****,117.111.***.235,1,1,대박이다,[]
2018.08.10 10:55,1109,glor****,117.111.***.208,2,0,"질질 똥싸다
어느세월에 겨울에도 질질 싸던것이
여름인데도 질질 이네 참나",['전13000임']
2018.08.10 08:50,580,whqu****,39.7.***.226,0,0,? 오늘 굿이겠네요,[]
2018.08.09 15:12,350,glor****,106.102.***.214,1,0,모하는거야,['왜요 올랐는데']
2018.08.09 11:08,263,vipb****,106.243.***.106,0,0,언젠가는 가겠죠.,[]
2018.08.07 16:50,607,co20****,39.7.***.167,1,0,"하..
유증참여",['상한 고고♥♥']
2018.08.07 11:55,695,whqu****,39.7.***.226,3,0,갑시다 상한가 ^^,[]
2018.08.07 11:13,400,glor****,119.193.***.230,1,1,"하루 올리고
개 잡주",['팜스코♥']
2018.08.06 14:58,334,whqu****,39.7.***.226,0,0,고고곡,[]
2018.08.06 10:12,370,shar****,223.62.***.174,0,0,저 뿐입니다.,[]
2018.08.06 07:34,405,glor****,106.102.***.254,1,0,상가자,[]
2018.08.02 22:08,639,whqu****,39.7.***.226,0,0,"내일은 오르겠죠?
지수가 떨어져서 그런거겠죠.. ㅜㅜ",[]
2018.08.02 16:36,467,fewt****,118.36.***.135,0,0,"자기돈 아니기 ?문에

손절도 상관 안 합니다

단기적으로 100억 손절갑니다",['무슨말인가요 올라가나용 내려가나요']
2018.08.02 07:49,473,whqu****,39.7.***.226,1,0,모두 상한가 드시길,[]
2018.08.02 08:16,443,glor****,220.212.***.162,1,1,대박소식이뭐입니까?,"['빙고 떨어졌네 ㅜㅜ', '바램']"
2018.07.31 14:08,493,glor****,106.102.***.160,1,0,"뭔주식이 이래
참 나","['오늘삿다 오르자', '주식이 아니고 증권이다', '안정적이어서 좋구만.']"
2018.07.25 09:58,621,glor****,117.111.***.174,1,0,개돼지보다도닭이못해,[]
2018.07.24 13:17,251,glor****,117.111.***.122,0,0,"장난도 한번두번이지
줏가관리 안하나 참나",[]
2018.07.18 14:33,607,glor****,119.193.***.230,0,0,저가 매수,[]
2018.07.18 11:17,412,glor****,211.36.***.132,1,0,저평가,[]
2018.07.16 15:06,225,glor****,211.36.***.91,0,0,이상하다,[]
2018.07.09 13:53,815,glor****,211.36.***.219,0,0,강추천임당,['오늘 쌍끌이 매도인데?']
2018.07.09 12:34,475,sung****,125.135.***.207,0,0,수혜주 부각 예상됨 선취매 ~~~,[]
2018.06.28 10:38,1120,glor****,211.36.***.219,0,0,가즈아 바닥 다?으니,['제작년부터시작이엇다']
2018.06.27 14:10,516,glor****,211.36.***.219,0,0,바닥,[]
2018.06.25 14:22,660,rlaw****,218.158.***.51,0,0,너무 급등하니 정신못차리고 내리네요,"['ㅎㅎㅎ\n타기야 타죠 환율...\n대두박\n옥수수가격\n돼지고기값도좀 보세요', '이거 환율타는 종목이에요??']"
2018.06.05 18:17,1866,kkok****,39.7.***.222,0,0,"https://kkorean-life.blogspot.kr/2018/05/vs.html?m=1 

주식 유머만화 공유합니다. 

재미있는 만화입니다. 저는 보니 하수네요.",[]
2018.06.02 08:16,1550,arge****,112.170.***.132,0,2,삼천만주에 주가 만삼?에 매출 1조 이익 오백억...,"['부채괜춘한데???', '부채비율도 봐야죠']"
2018.06.01 13:23,897,jkhj****,124.180.***.90,0,2,땡큐...,[]
2018.05.25 11:50,1195,jkhj****,124.180.***.90,0,1,와이리 물량이 안나와??? 다 잠겼어? 사기 어렵네,"['물량많은데요?', '그냥 아무도 관심이 없는거예요', '진짜...오늘 같은 날도 물량 안나오네...아주 오지구요, 지리구요...']"
2018.05.12 01:05,1916,neos****,180.67.***.151,2,4,"남북 정상회담 했는데 북한주민들 아직 선물하나 없이 여전히 배가 고프다고 문재인 욕한답니다.
해서 우선적으로 밀가루 보낼것 같은데 다행히 인도적 차원이라 대북제제 무관하다네요^~^","['전력부품', '철도 알루코나 사 대박은 후발테마주']"
2018.05.02 18:11,929,dooc****,203.226.***.246,2,1,동양물산에서 이사왔다 가즈아!,[]
2018.05.02 18:07,856,msuc****,106.243.***.4,2,1,"우성사료

작년 5월 3,995원에 물렸다가

금일 4,005원에 1년동안 맘고생 후 매도

우성이 4,500원 가까이 가길래.. 대북 확실하구나 해서

아직 출발안한 팜스코 13,000원 매수

다시 -8.8% 완전

이거 또 1년 맘고생 하는건 아닐련지요?","['힘내세여 이거 테마로가는거보다 내실잇는기업임\n힌트주자면 통일교재단임', '매기(?) 빨리왔음 좋겠네요', '댓금 감사합니다. 말씀만으로도 안도가 되네요', '낼 더 뺄수도 있고 낼부터 출발할수도 그건 기관 맘 입니다.\n하지만 한두달안에 이익줄겁니다~\n너무 걱정 마세요~']"
2018.05.02 14:57,888,manw****,211.36.***.55,2,0,제자리 찾아가는 주인디,"['제자리는13000', '마쟈여', '그려 제자리가 북한땅이요~', '요것의 제자리는 어디인가요?']"
2018.05.02 14:16,620,worl****,59.2.***.79,1,1,"덩치가 크니, 힘든가;?",[]
2018.05.02 10:31,603,worl****,59.2.***.79,0,0,.,[]
2018.04.29 20:27,576,bute****,115.137.***.3,0,0,"뚝뚝 떨어지는 구나
낼 부턴 슬슬 주가 상승모드
젭알~",[]
2018.04.26 20:06,962,skaw****,223.62.***.228,1,1,왜 내려가니,['너무 걱정마시길~']
2018.04.23 17:48,1184,hawk****,125.139.***.8,0,1,"대북 협력 활동 뉴스
자회사 팜스코가 간다",[]
2018.04.21 02:35,663,7gur****,222.239.***.63,1,0,외 띠껍냥 ? 많은 사람들이 계시판에 내가 글올리는거 무자게 싫어한다 그래서 함 띠껍냐구 물어본거다,['관심엄소']
2018.04.21 12:19,588,firs****,59.2.***.16,1,0,"멀 띠겁것소만.. 님하고는 안맞는 개시판인듯 하오...
여긴 워낙에 한가해서...
암튼머 오셨으니 놀다 가시구랴...
놀때 심심하면 삼겹에 쇠주라도 한잔 하고 가시구랴~
정육점에 들르면 삼겹살 정도는 사가시구랴~",[]
2018.04.20 09:38,1306,nakg****,106.244.***.116,3,1,닭이든돼지든우선은 많이키워야하지않을까요~~,['닭이든 돼지든 절대강자는 제일제당 아님???']
2018.04.18 15:06,658,skaw****,223.38.***.204,1,4,"로우리스크 로우리턴일 수 도 있고
로우리스크 하이리턴 할 수 도있는 주

여튼 매수 추천합니다.",[]
2018.04.17 20:45,918,bute****,61.251.***.87,3,4,"곧 다가올 상승.. 매년 계속 되는 똑같은 패턴..

상승전에 개미털기 작업..

5월 부터 시작해서 6월 7월 최고점..

항상 같은패턴..

무조건 기다리시길",['ㅋㅋ 낼 더 빠지겠네..']
2018.04.17 14:56,477,jsw3****,118.46.***.147,1,0,"전체적으로 하림관련 회사들이 고전을 면치 못하네요.

뭔일 있는건 아니죠?

유증이라던지.ㅠㅠ",[]
2018.04.13 20:43,927,1221****,220.119.***.249,2,0,".
.
.매년흑자였던 중국회사 고의상폐로 먹튀중 [청원]동의 부탁드립니다.

https://www1.president.go.kr/petitions/197359?navigation=petitions

완리 중국사장 고의상폐중 [청원] 동의좀해주세요


이거라도 해서 중국주식은 흑자회사도 들어가지 말라는 홍보 효과와
중국주식 전체에 대한 안티 + 완리 청원글 광고까지......",[]
2018.04.11 18:50,920,tank****,223.62.***.219,0,0,배당금은 언제 주나요?,"['입금되었네요. 연초에 팔았지만 감사히 잘쓰겠습니다.ㅠㅠ', '4월13일 이요']"
2018.04.05 09:12,777,judg****,121.164.***.231,0,1,"뭐 외인,기관 애들만 사고 팔고하네.
개미가 있어야 가는데.
머 찌라라도 날 려봐라 회사야.
매각설 이딴거 없냐.",['오늘같은날 대단한 선방입니다.미국 3프로 가까이 빠져']
2018.03.21 11:27,605,glor****,117.111.***.100,0,0,팜스코 가즈아,[]
2018.03.16 16:16,749,ciel****,61.78.***.79,0,0,농장주 분들께 죄송한 마음이지만 닭사료 공장 주주의 입장에서는 반가운 소식입니다.사육두수 증가는 사료소비와 비례관계죠.이제 가자.,[]
2018.03.15 13:06,581,glor****,211.36.***.175,1,0,똥주,['ㅎㅎ할말이 없네유.ㅎㅎㅎㅎ']
2018.03.12 14:25,1152,nads****,61.101.***.172,0,1,"낼상한가니M&A한단다.!! 늦지말고잡아!

주가가말해준다.

초대박 M&A!! 대규모 투자발표주목!!

(자율주행 m&A 가 시작됐다.)글로벌 삼성 ""자율주행차 M&A 추진""

넥센테크 자율주행 대장주!! - 전세계 자율주행 기술을 1위 .....
넥센테크 기사 우리나라 글로벌기업과 지속적인협의 및 인수합병(M&A)를 하고있다. 3월 자율주행 글로벌 로드맵발표까지.....1차파동후 조정 다시금 2차파동시작!!

넥센테크를 주목하라!! 삼성전자 80주년 대대적 글로벌M&A 선포와 / 자율주행 세계1위기업의 로드맵발표까지
초대박 호재들이 줄줄이 나옵니다.

삼성 '포스트 반도체' 탐색…헬스케어·자율주행차 M&A 추진
손영권 삼성전략혁신센터장 ""대형 M&A 추진할 것""
이달 중순 글로벌 전략회의 개최…사업계획 검토

▲ ⓒ삼성전자
삼성전자가 '포스트 반도체'를 발굴하기 위해 잰걸음을 놀리고 있다. 삼성전자는 총수 부재 상황에서도 헬스케어와 자율주행차 등 새로운 분야에서 적극적으로 M&A를 추진한다는 계획을 밝혔다. 5일 관련업계에 따르면 삼성전자는 이달 중순 '글로벌 전략회의'를 개최하고 반도체 호황의 종식을 대비해 내년도 및 중장기 사업계획을 논의한다.

불투명한 미래에 대한 지적이 이어진 가운데 삼성전자 전략혁신센터장을 맡고 있는 손영권 사장은 지난 1일 핀란드 헬싱키에서 열린 창업 페스티벌에서 ""하만 인수를 통해 삼성전자 경영진은 대규모 M&A에 자신감을 갖게 됐고 향후 더 큰 거래를 추진할 방침""이라고 말했다.

자율주행차, 헬스케어, 소프트웨어 등 3가지 분야를 유력하게 본다는 구상도 공개했다.

전세계 미국,중국 자율주행글로벌 M&A가속화 ........
삼성, 현대 ,sk 전세계 자율주행 기업주가 400% 이상 폭등 ...",[]
2018.03.09 15:19,1003,whs5****,223.62.***.55,1,0,오늘 대박이네요~폭등,"['코스피대비 폭등이지', '일퍼가폭등이냐 ㅋㅋ']"
2018.03.05 14:51,573,glor****,117.111.***.229,0,0,망함,[]
2018.02.21 13:53,1514,glor****,211.36.***.224,0,2,알려주세ㅠㅠ,['돼지가격이 예년가격보다 내려왔고 환율이 아래방향보다는 위쪽 방향을 보고 있어서 그런것 같습니다.']
2018.02.22 00:44,940,tank****,223.39.***.166,0,0,기다림~,[]
2018.02.21 13:17,753,glor****,211.36.***.224,1,0,미쳐버리겟다,[]
2018.02.19 11:41,914,glor****,211.36.***.92,1,0,"여기서 더 내려갈것이 없는데 ....
이상하다 참참",[]
2018.02.14 10:51,808,glor****,211.36.***.92,0,0,빨간불좀 켜라 자조심 상한다,[]
2018.02.12 17:28,763,leek****,106.255.***.238,0,0,휘리릭~,['힘있는조정']
2018.02.08 12:15,615,glor****,211.36.***.149,1,0,한숨만 난다,[]
2018.02.06 11:17,659,worl****,59.2.***.79,0,2,"** 10년 주기설에 주식 시장 폭락... 1년간은 주식 안보는 것이..

1998년 -IMF
2008년 - 미국 리먼사태 붕괴
2018년 - 미국발 버블 붕괴",['미국발 ㅋㅋㅋㅋ 근거도 없는 ㅋㅋㅋㅋㅋㅋㅋㅋㅋ 금리인상 가지고 ㅋㅋ 예상했던거 아니였냐?ㅋㅋㅋㅋㅋㅋㅋ']
2018.02.02 20:45,504,yyyr****,223.39.***.250,0,1,공매집단,[]
2018.01.17 15:05,1956,yyyr****,223.39.***.91,0,0,"마지막엔 웃프네
잘가라~~~",[]
2018.01.13 12:31,600,firs****,211.177.***.220,1,0,"팜스코 그래프가 코스닥하고 완전 일치 하네요. 기계적인 매매에 혹 코스닥 으로 착각한게 아닌지.
어찌되었던 잠시나마 관심을 받는것 또한 나쁘지 않으리~
수급은 모든재료에우선...
거래량 없이는 못가요. 월욜 거래량 적고 현재가 유지하던지...
거래량 많고 더 올라가던지...
둘중 하나였으면합니다..
곡물가는 하향 안정세 유지하는것 같고...
크게 나쁠것 없는자리라 생각됨.",[]
2018.01.12 14:56,986,fall****,39.116.***.59,3,1,"이 차트 심상치 않네요.
보통 이러면 큰손이 빠져나간 흔적이라고들 하는데
팜스코 실적이나 이런 거 생각하면 좋은 실적으로 한방쏘는 거라 판단되는
긍정적 방향이기를 바랍니다.

이 종목은 감자는 좀 가능성이 희박하고
작년 하반기 이후 우려되는 유증만 조심하면 되는 종목이라
다음주나 본격시즌이 오기 전에 가격이 아래로 좀 흐르더라도 최고점에 물린 분들도
5개월 안에 본전오니 큰 걱정 마시길.

최근 트렌트처럼 하는 가격 좀 올려놓고 하는 유증만.. 아니면 됨!","['선진 유증.', '어디서 유증한다는 소문이 나오나요', '롤러코스터네요 유증은 설마 아니겠죠ㅜㅜ\n윗꼬리가 길면 나쁘다는데 길어도 너무 기네요\n제발 아무일 없기를 바랍니다', '애는 뭐좀 아는척 씨부려쌓노 하나도 모르는게~같짜나서 원ㅋㅋㅋ', '개미들 개고생리키고 유증하면 회사에 불질러버려야됨']"
2018.01.12 14:36,428,mmms****,211.55.***.253,2,0,ㅋ,['물량 쌓아놓고 졸라 누르네 그지같은색기들']
2018.01.12 14:24,478,heee****,175.207.***.188,3,1,흐,"['핸들링이 아주 그지네여', '왜 그런지 아는분??']"
2018.01.12 14:21,692,0022****,110.15.***.121,1,1,확올랐다 꺼지는건,[]
2018.01.12 14:19,393,heaj****,220.74.***.207,0,1,ㅗㅗ,['얼마에 사셧어요?']
2018.01.12 13:30,572,0022****,110.15.***.121,2,0,다른놈 올라갈때 떨어지더니 다른놈들 떨어지니깐 오르네,[]
2018.01.12 10:41,319,yyyr****,223.39.***.103,1,0,"욕심 부리지 말고 처분하고 뒤도 돌아보지말고..
내년 1월에 또사고.~~ㅎ",[]
2018.01.04 09:29,476,glor****,117.111.***.185,0,0,이좋은장에서 한숨만 나오네,[]
2018.01.03 13:39,382,yyyr****,223.39.***.5,2,1,"한번만 하는 팜스코
1월에 매수하여 여름에 매도하는 팜스코.
그담엔 뒤도 돌아보지말고~~
참 쉽죠~~~ㅎ",[]
2018.01.02 11:26,587,glor****,117.111.***.185,0,0,징겨,[]
2017.12.27 09:10,759,glor****,117.111.***.185,2,1,개미들 털어먹근회사,['회사의가치가 주가와 비례하는것은 아닌가 봅니다.\n\n안타깝네요.']
2017.12.21 12:38,710,lky1****,112.166.***.251,3,1,"11000에 물좀 타고 여름에 팔아야겠네.ㅅㅂ,,, 이종목은 1월에 사셔 여름에 파는거였어ㅡㅡ",[]
2017.12.18 09:48,554,glor****,211.36.***.152,1,0,"주가관리좀하시오
회사의가치를높여라",[]
2017.12.15 10:49,387,glor****,117.111.***.201,0,0,닭파는 팜스코 찔찔리,[]
2017.12.12 09:55,504,glor****,117.111.***.201,2,2,가자 스코 팜스코 야,[]
2017.12.11 19:50,381,iram****,1.220.***.250,1,1,"하면 좀 매상도 오르고 주가도 오르려나?
실적은 계속 우상향하고 있는데 기대치가 줄어들면서...주가는 죽쓰는중",[]
2017.12.08 11:38,572,heee****,221.154.***.49,0,0,아 답답해 ㅡㅡ,[]
2017.12.08 10:54,228,yyyr****,223.33.***.34,0,1,"신용은 역대최저치로 줄어있고 공매는 지속적이고
여기서 더이상 빼쳐먹을게 얼마나있다고.~~
말그대로 벼룩이 간을빼쳐먹을려는 쉐이들
마니 쳐먹고 배터져라
배에 복수가 가득찰때까지~~~ㅎ",['거래대금3억 가지고3%대 하락시키면 100억 쳐바르면 반토막.\n이러니 공매쉐이들이 공매치고 돈벌지.']
2017.12.08 10:20,437,glor****,106.102.***.253,0,0,재미가없다,[]
2017.12.06 11:52,342,glor****,211.36.***.28,2,1,힘내라,['이놈은 빵 한방가는노미 아닌것 같은디?']
2017.12.05 09:38,474,glor****,211.36.***.28,1,1,"갈만하면 떨어지고
싸구리 주식은 어쩔수 없나
한숨만나온다","['그러게요...ㅜㅜ', '3년만 기다리세요']"
2017.11.30 08:33,572,nakg****,106.244.***.116,2,1,...,['?']
2017.11.24 13:29,881,mk79****,218.236.***.223,0,0,"주식 초보 입니다
13200원에 사서 지금 기다리고 있는데 기관도 계속 들어오는것 같고 차트도 좋은것 같은데 고수님들 의견 궁금합니다 얼마쯤 예상하시나요? 또 무너질까 조바심이나서 좀 손해보더라도 팔아야하는지...유증도 겁나구요","['좋은글 감사합니다~~행복한 주말 보내세요~^^', '유증 안한다는 ~~~~야그 있어욤', '그룹이 하림이라 리스크관리는 필수. 통수 조심해야됨', '4만 까지 홀드 단타하려거든 주식하지마셈\n영원히\n밑에어 깔아주는 인생.,', '그 정도 가격이면 버텨 볼만할텐데요? 아직 시작도 안 했다고 봅니다. 그냥 2만원까지 즐기세요~~']"
2017.11.23 22:27,748,tank****,223.39.***.85,0,0,"환율이 많이 떨어지내요
상관관계가 있을까요?",[]
2017.11.24 00:22,653,firs****,211.177.***.220,0,0,환율 떨어지면 감사! 옥수수 대두박 사료 주 원재료 가격이 떨어짐! 다만 환율이 떨어지면 주식시장 전체적으로는 마이너스 요소. 개인적인 생각!,[]
2017.11.21 20:38,389,worl****,59.2.***.79,0,1,"10% 더 떨어져도 4천억대....

알 수 없는 주식.

주포 맘데로...",['9930']
2017.11.20 14:44,674,alls****,117.111.***.99,1,1,"왜 갑자기 급등하는거지? ㅋㅋㅋ 꿀이네

상한가 터지나요?",['그러게요. 공정위 조사가 끝난건가? 아님 인도네시아 진출에 따른 호재인가?\n저도 갑자기 올라서 당황스럽네요.']
2017.11.20 12:58,592,glor****,117.111.***.209,0,0,"이 똥주는 오르면50 원
내리면 왕창
몇달째12000원에서 맴돌아
똥주는 역시 팜스코",[]
2017.11.17 21:13,818,heee****,110.70.***.162,5,1,13000원까지만 어떻게 안되겠니?,[]
2017.11.14 11:17,309,glor****,211.36.***.44,1,1,"팜스코 싸구리 팜스코 한심하다
지겹다 지겨워",[]
2017.11.13 22:02,526,jong****,118.103.***.48,0,0,예상대로 15%정도 줄었으나 당기순.. 상당히 줄었네..,"['그러네요..', '상폐되는건가..']"
2017.11.13 18:30,571,firs****,211.177.***.220,0,1,"매출 256
영업익 82
순익 52

Dart 보세요",[]
2017.11.13 18:19,362,ym61****,125.177.***.36,0,0,어려워서 못읽것다,['흑자인대 컨센보다 못미처요']
2017.11.13 18:18,429,law1****,175.214.***.53,0,0,"■공인중개사가.예측을알려드림니다
■아파트값.오를것이라.착오 착각 . 손실 예상 다가오고있다

■아파트주택값..2018년부터ㅡ서서히내리막.2019년도는붕괴예상이다
어쨋던 금년 아파트 주택은사면 내년에 본전에서 내린다.

■재건축바람일으킨 거품 아파트값 . 지금 사면 2019년에는 수억 폭락해도. 살사람없을 예상이다


■하락붕괴할원인(1)
저 출산고령화로. 오래 전부터.저출산에 따른. 초 중고학교가. 학생수 없어. 수백개씩 폐교되고있다. 세월 이갈수록. 아파트살사람이없다ㅡ

■하락 원인(2)
고령자가너무많아. 년간 고령자가. 약30만명씩사망한다ㅡ
사망하는 만큼. 아파트주택이. 빈집 가속화로 집값 급락 원인이다.

■하락붕괴하는견본사례(3)
일본도. 저출산고령관계로. 현재빈집이. 80만채가아니고ㅡ800만채빈집이다 ㅡ 빈집때문에. 국가골몰 않는다. 한국도. 똑. 같은 현실이. 폭풍처럼. 밀려오고있는중이다ㅡ

■한국은 더빨리붕괴될이유 (4)
수백개학교가. 폐교된지오래오래ㅡ살사람은 줄고 고령자는 년간30만명씩. 사망하는데ㅡ반면에 주택업자들은. 아파트주택 빌라. 천문학적 숫자를. 쏟아내고 있다
엄청난. 수요공급차이 때문에. 집값 붕괴속도가 빨라진다

#건설업자 시행사도들도. 부도안날라면. 신중 자제가. 필요할 것이다.

■전국민이. 골구르보금자리주택안정해야하는데ㅡ주택가지고 투기장난치는것잡는.8.2대책에따른. 주택자 강한 규제로. 또 내년부터는. 재건축. 개발이익 초과 환수법이적용되면서. 시공사.시행조합들이익이없어. 바람이 꺼져..집값붕괴가세예상이다

■투기자들때문에. 중개사들도 수익에 더 재미 가없다
소문만무성하지ㅡ상승하면. 즉시 매물 없고. 또. 하락하면. 살 사람없다ㅡ
오히려. 과열되면. 중개사들 수익도 없이. 조사만 받는 동네북 천대가 안타깝다.

.■아파트 주택값 상승하면 국가이익 0%도없고 오히려 젊은 층 주거부담 때문에 결혼도 미루고 출산도 미루고 쪼그라드는 한국만 가속된다.

■■■상기 붕괴 원인 논리말. 틀린게 아니다라는것. 참고하는분들은. 손실은안볼것이다ㅡ

공인중개사. 백",[]
2017.11.13 18:05,395,ym61****,125.177.***.36,0,0,?,[]
2017.11.13 09:39,199,glor****,211.36.***.44,0,0,이제 움지겨봐라,[]
2017.11.10 19:32,426,heee****,175.207.***.188,0,0,꼭 만들자.. 하 제발 좀,[]
2017.11.09 13:36,294,glor****,211.36.***.44,0,0,"똥주
닭똥주",[]
2017.11.05 09:18,852,tank****,223.33.***.49,0,0,언제하나요?,[]
2017.11.03 19:45,539,vipb****,223.62.***.71,2,0,"열심히 존버하고 있는데..
갑자기 유증 맞을까봐 정말 신경쓰이네요.
확실한 정보 없나..흠.",[]
2017.11.02 11:13,333,glor****,117.111.***.221,1,0,완전똥주,[]
2017.11.02 10:24,398,heee****,175.207.***.188,0,0,"차트좀 만들어가나싶으면 박살내고..만들어가나 싶으면 박살내고..

진짜 짜증나게하네",[]
2017.10.26 13:47,832,firs****,1.220.***.124,1,0,오르는게 의미가...,['그래도 어제 엊그제보단 많았네요..ㅋㅋ']
2017.10.23 15:34,682,glor****,211.36.***.206,3,0,형편없는 팜스코,[]
2017.10.19 09:36,324,glor****,211.36.***.19,0,0,인도네시아투자는 왜 해,[]
2017.10.18 17:57,356,vipb****,106.243.***.106,0,0,"더 빠져봤자 전저점 10850원 근처일텐데..
계열사들이 잇단 유증을 하는 바람에..
팜스코도 불확실성 해결되기 전에는
우상향 되긴 어렵지 않을까요?

부채는 많고 현금은 없을텐데..
해외에 자꾸 투자한다고 하니.. 쩝.",['올라갈만하면 기관색기들 던져대네요.. 아 짜증나']
2017.10.13 11:57,1123,glor****,117.111.***.147,1,0,그거오르고또조정이야,"['딱이네요 미친 팜스코 땜에...ㅜㅜ', '정말 답답하네요 팜스코']"
2017.10.13 10:18,613,whs5****,223.62.***.105,1,0,어제 급등하더니. 오늘 아름다운 조정 입니다.,[]
2017.10.11 16:23,730,ym61****,125.177.***.36,0,0,"투자하면 돈들어가는데 어떻게 조달할지 궁금하군
제일홀딩 공모하고 주가폭삭
하림 선진 투자비용 유증하구 주가폭삭
팜스코는 어떤방식으로 투자자금 마련할건지 궁금하다","['팜스코 유보금 많이 있을려나요??\n없다면 진짜 유증하겠네..', '나두 걱정 많이되여']"
2017.10.11 15:37,561,jong****,118.103.***.48,0,0,조짐이 안좋다..,['하림관련사가\n공모 유중을 걷잡을수하니 그리고 주가폭락하고\n팜스코주주도 무슨소식들리면 겁먹을만하겠다']
2017.10.05 20:52,1097,moon****,110.70.***.53,0,1,"안녕하십니까?
공매도에 많이 시달린 개인주주입니다

주가를 왜곡하는 공매도 폐지 동참을
구하고자 이렇게 게시하게 되었읍니다

적극적인 참여 부탁드리고
모두 성공투자 하시기 바랍니다

http://www1.president.go.kr/petitions/15602

해당 주소로 이동하면 하단에 있고 10.20일 마감이고 본인의견 기술후 간단히 동의할수있으니 개인주주는 모두 참여합시다

스마트폰에서 간단히 할수있으니 모두 동참해 주시기 바랍니다

아울러 네이버 토론방 글쓰기가 1일 50건으로 제한되있어 뜻있는분들이 시간되실때 이내용을 조회수가 많고 전파가 안된 종목에 게시해 주시면 정말 감사하겠읍니다

수많은 국민이 원한다면 대통령께서
그냥 지나치진 않을거라고 생각합니다

이번 한가위 가족분들과 즐겁게 보내시고
명절후 좋은결과가 있기를 바래봅니다",[]
2017.09.27 10:21,1295,heee****,175.207.***.188,2,2,넌 하지 말아라..,[]
2017.09.26 13:02,495,hjn3****,110.10.***.208,0,0,대가리가,[]
2017.09.25 13:42,596,jj80****,222.99.***.4,1,1,11000원임,[]
2017.09.14 21:31,2004,foot****,175.223.***.205,6,0,보아하니 선진처럼 얘도.....?...,"['입성~ ㅎㅇ', '네']"
2017.09.14 15:37,990,yyyr****,223.39.***.45,4,0,"회사가 성장을 하던말던 개관들이 작당모의를 하여
공략하면 누가 돈벌까? 요즘 개인들도 밝아서 빼먹을게
없으니깐 이래라도 해야 수익올리는가
단타로 전락하여 올려팔고 어느수준에오르면 공매때려
돈벌고 땅짚고 헤엄치는 시장이다
가정이지만 내눈에만 그리보이나?
주식을 안하는게 답이네.~~~ㅋㅋ","['누가보면 얘도 유증한줄알겠네ㅎㅎ\n이런하락뒤엔 악재공시90프로이상나오죠. 기관이내던지는데엔이유가있는데 불쌍한 개미만당하는현실ㅎㅎ\n거래량늘면서 하락중이고 신저가까지 내려왔고', '죄송하지만 대차거래 없고 공매도 수량 지극히 적음.\n투신권 위주의 실제 손실매매가 이루어지고 있다는것.\n계열사 선진처럼 대규모 유상증자나 아직 개인이 모르는 엄청난 악재가 있는것으로 추정', '작당하여 주가 -30~40%빼서 공매상환하고 남은물량 올려팔면\n1타2피 먹는데 누가 안하겠냐고.\n이런 의구심이 많이 드는데.. 주가 조작질은 누가 관리감독하느뇨?\n다 똑같은 놈들인데.']"
2017.09.08 14:44,1111,heee****,175.207.***.188,0,1,ㅇㅇ,[]
2017.09.07 12:45,493,glor****,117.111.***.230,2,0,확 빼고 갈때 가자...,['월봉보면 아래로 더 열려있는데...']
2017.09.06 09:26,362,glor****,211.36.***.215,0,0,쭉 인내...,['정말 인내의 주식.. 호가창 보다보면 속 뒤집어지네']
2017.09.02 07:11,672,mhki****,121.165.***.10,3,1,"팜스코가 금융감독원에 2분기 실적을 보고한 8월11일 이전과 이후가 달아져야 마땅하다. 분기 역사상 최대의 매출액과 영업이익, 그리고 당기순이익은 이 기업의 장기적 성장 잠재력이 전혀 훼손되지 않았다는 외적 표현이다. 1,2분기에 창출한 영업이익 329억원을 가지고도 이미 저평가 국면이다. 안정적으로 성장하는 주식에 방점을 찍고 있는 국민연금이나 자산운용사가 진드거니 보유하고 있는 것도 일리는 있다. 실적에 주가가 영합할 때까지 누가 더 참느냐의 게임이 진행 중이다. 실적공시 이후 기관들의 포지션이 달라진 것도 염두할 일이다.",['당신 추천한 종목은 다 내리막인듯..알바?\n한솔제지 지금 박살나고있슴']
2017.08.28 12:17,553,glor****,211.36.***.184,1,0,힘내라... 너무 뜸들이면 다 도망간다,['그래 갈때됐다..그만지치게하자..']
2017.08.24 12:25,838,jiw0****,112.217.***.146,2,1,"단기 2주내 목표가 13200
6개월 뒤 목표가 15000",[]
2017.08.22 13:45,581,heee****,175.207.***.188,1,0,?,"['3분기 실적 저조예상이라 그런가봅니다.', '아... 선행지표가 이렇게 좋은데...\n어째 이런 주가흐름이... 안타깝다']"
2017.08.17 14:28,727,jsw3****,118.46.***.147,2,0,"선진, 이지바이오 다 오른다 이놈아.ㅎㅎ

정신 차려서 빨리 니 자리 찾아가라.ㅎㅎㅎ",[]
2017.08.16 15:32,743,heee****,175.207.***.188,1,0,선진을 좀 보고배워라..,[]
2017.08.16 08:11,417,icon****,175.223.***.83,1,2,"계란은 닭의 몸에서 나오죠 즉 먹이 사료에 이상이있는건 아닌지?
사료 문재라면 큰일이죠 .
닭도 사료도 계란도 모두 꽝.","['ㅉㅉ', '이놈 댓글지우네']"
2017.08.15 21:15,429,love****,111.118.***.134,2,1,계란과 닭이 난리군요.,['계란 닭이 안나온다고 돼지고기 먹으러가나요']
2017.08.11 14:49,780,bute****,61.251.***.222,2,0,"뭐하자는 건지.. 왜 이러는건지
도무지 알수가 없는...
아.. 그만 미련을 버려야하나...","['그러게요.미국이 폭격하면 조미 전쟁인데 결국은 북쪽이 항복하겠지만 불행하게도 남북은 통일이 안됩니다.북한면 어면한 국제법상 독립된 국가이기에 미국의 식민지가 될수밖에.갠한 우리만 절단나는거죠..일본 중국은 대노가 나는거고ㅜㅜ', '북돼지새키만 조용해지면 갑니다.']"
2017.08.11 15:08,275,bute****,61.251.***.222,0,0,북돼지만 조용히 수육되면 괜찮을까요? 진짜로??,[]
2017.08.10 16:35,972,love****,111.118.***.134,4,3,"컨센서스 달성 +@네요.
사상최고 실적이네요.내일 갭 상승예상!

매출2745
영업213
당기156","['밑에 ㅋㅋㅋㅋ10500원에 기다린다던놈이네 ㅋㅋㅋㅋㅋㅋㅋㅋㅋ푸하', '결과물 나오면 먹을게 없다고 폭락하곤 하죠']"
2017.08.11 10:45,465,kys1****,175.223.***.154,0,0,글올려주심감사 기분이좋네요,[]
2017.08.10 15:33,315,heee****,175.207.***.188,0,0,캔들 모양이 참..,['개미가 막판에 후드리친거임??']
2017.08.09 16:47,810,kys1****,175.223.***.154,1,0,실적발표 11일인가요,"['선진봤을때 내일 아침 시초가가 갭상승 하면 좋을텐데', '네\n7월24일 주담이 나한테 이메일로 답했습니다\n실적도 작년보다 좋을거라고 했고']"
2017.08.09 16:44,237,kys1****,175.223.***.154,1,1,많이기다렸는데 드디어실적이좋다그러네요,[]
2017.08.09 13:08,609,love****,111.118.***.134,2,0,"대박일거같네요ㅋㅋ
물량 털리지마시길.실화임!
폭발직전입니다.",['선진보다 사료 더 나갑니다.']
2017.08.08 22:21,304,pch8****,210.178.***.243,0,0,팜스코에는 호재인가요? 전혀 관련이 없는거?,[]
2017.07.25 12:35,600,ka02****,211.36.***.126,0,0,오히려 하림은 평온한데 팜스코가 더 난리인지 알수가 없네요~ 하림은 오전장 흐름도 좋았는데 코스닥이 빠지니 약간 빠지긴 했지만 그래도 양호한 흐름인데 왜 야만 이러는지 모르겠네요~,"['이거보고 왠 개미털기..ㅋㅋ', '개미털기 맞는듯여\n저도 오전장보고 털릴 뻔했어여', '개미털기같네...', '개미털기', '기다리세요 급반등타면 살벌하게 올라갑니다', '아마도 공정위 결과같네요.뭔말이냐면 구린내가 팜스코쪽이 아닐까하는..', '그러게요 저도그게궁금']"
2017.07.25 12:06,338,mese****,124.61.***.22,0,0,"계속 나오네요
ㅎㄷㄷㄷ",['공정위 결과 개똥인가보네요 갸들은 먼저 알고 팔아제끼니까\n52주 갱신하고 올듯']
2017.07.25 10:51,519,heee****,112.216.***.242,0,1,뭐하냐?,[]
2017.07.25 10:49,526,yyyr****,223.39.***.77,0,0,"종목은 많타
개관색히들보다 빨리팔고 가자",['공매놈들 배터지는 날들이구나']
2017.07.25 10:30,291,hjn3****,110.10.***.208,1,0,더런늠들,[]
2017.07.24 19:06,449,kang****,125.134.***.172,6,1,"저번주 금요일 이메일로 팜스코 주담한테 실적발표 언제하며 전망 물어봤습니다
8월11일경에 하고 작년2분기보다 좋다고 합니다",[]
2017.07.21 17:20,372,jj80****,220.127.***.47,1,1,"왜그런지 아는분 ~~~있으시면
댓글 좀~~~~달아줘요
아~팔고시퍼",[]
2017.07.22 10:18,296,kang****,125.134.***.172,0,1,기관수급이 문제,[]
2017.07.21 15:08,287,hjn3****,110.10.***.208,2,1,개새끼들,['제일이랑 하홀은 소폭 반등하는데.ㅎㅎ\n\n우리 팜스코만 왜 이러냐. 더위 먹었냐.ㅎㅎ\n\n올해 실적 진짜 대박일껀데.ㅠㅠ']
2017.07.20 14:19,430,nakg****,106.244.***.117,2,3,공정위 조사 시작 ㅋ,"['그게 팜스코랑 상관있나요? 이러다 잠잠해질꺼같은데', '이미 다 알고 있는 사실...']"
2017.07.13 11:44,442,jsw3****,118.46.***.147,3,1,"보합세라니.ㅎㅎ

돼지생체가격이 역대급이고 팜스코 매출중에서 육가공이 30%에 육박하게되면 2분기 실적 대박일껀데.ㅎㅎㅎ

진짜 너무하네.. 징하다 징해.",[]
2017.07.12 15:05,318,myli****,223.62.***.120,0,1,아침부터 179 179179179 179매도하네 1.8,[]
2017.07.12 14:30,257,jj80****,223.62.***.150,1,1,도대체~~~,[]
2017.07.12 13:14,252,hjn3****,110.10.***.208,1,0,ㅍ ㅍ,[]
2017.07.12 13:10,232,imk2****,118.42.***.18,0,1,"과거를 보면 지금이 계절적 성수기에 주가도 어느정도 올라가 있어야하는데 지금은 어려워보인다,
전에 일년후에 은행금리 10배 먹는다는 헛소리하던 찌질이가 생각난다
복날인데 삼계탕한그릇씩 하시고요",[]
2017.07.12 12:47,390,yyyr****,223.62.***.70,0,0,"튀어라
이길수 없는 구조다
하한가 보내어 같이 손실보자.~~",['주식은 기업가치를보고 떨어질때 사는겁니다.']
2017.07.12 12:45,360,whs5****,223.39.***.125,0,0,10500원에일단 1000주 매수주문,"['꿈깨라 ㅋㅋㅋㅋ', '10500원 ㅋㅋㅋㅋㅋ']"
2017.07.12 10:02,210,hjn3****,110.10.***.208,0,1,개들,[]
2017.07.04 14:26,403,imk2****,218.158.***.189,0,1,"김흥국 회장님 회장님 우리회장님 ㅋㅋ
회장 겁나 찾아 ㅋㅋㅋ 여기도 좀 찾지그래
공정위 김상조 일은 열심히하나 모르겠네","['yyyr\n이틀굶었다 콩나물국밥먹게 돈좀줘\n제홀 상장되기전에 팔으라고 했자나 히스테리 부리지말고 말잘들어야지', 'ㅋㅋㅋㅋㅋㅋㅋㅋ', '니는 일이나 하나?\n밥이나 쳐먹고 다니나?\n더위도 오기전에 정신줄 놓아버린 불쌍한 놈.']"
2017.06.26 22:43,932,alli****,203.236.***.38,2,4,"참조용==가치추출 재검 결과,12,600 원. <3 에 90 > 으로 설정 후<차트 확인 검토>
도움이 되지않어면 허가난 젼의판에 본인의 자산으로 투자하니 소신것 잘 하십시요, 성투,
현주식 금일 6/26일, 장종료 후 가치추출 재검토... 결과 .

숫자판에 하락착시 현상을 보고.. 아싸..입문~ 쪽박 , 마음고생, <가치만큼 올때..현금 매수.. 적게먹어도
수익으로..., 지나친 욕심는 손실을 초래함, << 눈팅 신용돼지 들.. 명심,>> ,

못~먹어도 go~go~ 자동예약매수 걸어놓고.. ,waiting","['적당히좀부들거려그럼ㅋㅋㅋㅋㅋㅋㅋㅋㅋㅋㅋㅋㅋㅋㅋㅋㅋㅋ', '맨날 부들안하는데? 가끔오자너 원한은 없어', 'imk는 요새 왤케 맨날 게시판에서 부들거리냐? ㅋㅋㅋ 팜스코한테 원한이라두 있어?ㅋㅋㅋㅋㅋㅋ', '제대로 썻구만', '글을 쓸라면 제대로 써라']"
2017.06.25 14:11,422,mhki****,220.85.***.186,1,1,"팜스코, 하림, 하림홀딩스, 팬오션, 엔에스쇼핑. 30일 신규로 상장되는 제일홀딩스의 아들 아니면 손자 뻘되는 상장기업들이다. 가장의 데뷔에 하나같이 눈치보기에 한창이다. 싸잡아서 제일홀딩스 한 종목이면 족하지만, 시가총액이 너무 커서 속단은 금물이다. 정책변수가 홀딩스에 우호적으로 작용하고 있지만, 5백원으로 환산한 주가는 10만원(공모가 기준)을 상회하고 있기 때문에 호락호락 대들기고 껄끄럽다. 어찌되었든 이들 다섯 종목의 주가는 제일홀딩스의 주가와 전혀 무관할 수는 없는 운명이다. 제일홀딩스의 주가가 주목되는 이유다.",[]
2017.06.23 10:23,265,jj80****,223.62.***.101,0,1,더워,[]
2017.06.20 09:47,430,ka81****,211.36.***.54,2,1,팜스코의 계절이 왔다~,[]
2017.06.15 14:52,640,imk2****,218.158.***.189,4,4,편법증여에대한 응징이다. 더욱더 응징하라!,"['먼 개소리들을 그리싸지르냐', '악플이 많아진다는것은 주가가 상승한다는 의미겠지요...악플님들은 사고는싶은데 주가가 비싸서 낮춰보려구 하는 저런심보는 딱 거지심보네요..', '하림 문제가 있다. 확실하다. 근데 호남기업이다. 호남에서 이렇게 큰 기업이 몇이냐 있냐?\n잘못 건드렸다가 호남민심 크게 요동친다.\n\n김상조위원장과 우리 달님께서 현명한 판단을 하시라라 생각한다.', '눈팅만 하다가 내리면 사려고?~~~ㅉㅉ\n벌써 더위 먹었네', '구래서 어쩌라는거?ㅎㅎ', '주접그만떨고 잠이나자셔^^', '김상조 공정거래위원장은 철저히 조사해라\n부임하자마자 첫 미션이다']"
2017.06.15 10:53,327,soff****,223.62.***.172,0,0,ㅇㅇ,['오질라게빼네요오늘']
2017.06.09 05:33,566,mhki****,121.165.***.215,0,4,"국내 투자자의 해외투자가 꾸준히 증가하고 있다는 것이 보도내용이다. 만약 고려할 의사가 있다면, 팜스코와 업종이 유사한 홍콩 상장 중국 만주국제(00288)가 괜찮다. 연일 52주 신고가를 갱신하고 있는 이 기업의 발행주식은 무려 146조에 이르는 가공할 주식이고 주가는 원화 환산 1,070원 내외다. 하루 거래량이 수천만주에 이를 정도로 세계적인 관심을 받고 있다. 중국, 미국, 유럽 등지에서 1위를 차지하는 글로벌 최대의 돼지고기 식품생산업체다. 돼지고기업계의 모든 세분화 분야의 1위이며 일체화된 플랫폼을 통해 양돈, 도축, 육제품 및 신선육 가공과 판매사업을 하고 있다. 육제품가공, 신선육, 양돈 등이 주력사업이며 중국에서는 포장자재 제조, 물류서비스, 소매체인점 운영, 조미료 및 천연케이싱 생산, 바이오제약 등의 사업도 다루고 있다. 또한 중국 최대의 육제품 가공업체인 하남쌍회투자발전의 지배주주이며 산하에 미국 식품회사인 스미스필드 푸드(Smithfield Foods, Inc)의 지분을 가지고 있다. 이 외에도 유럽 최대 육제품회사이자, 글로벌 가공육제품업계 최대기업인 Campofrio Food Group, S.A.의 지분도 37%를 보유하고 있다. 팜스코도 손색이 없는 종목이지만, 애풀, 마이크로소프트 등과 함께 특정 업종 세계1위 기업의 주식은 한두개쯤 보관용으로 가져볼만 하다. 도토리 20바퀴 구르는 것보다 호박 한바퀴가 빠를 수 있다.",[]
