2018.12.22 12:11,118,dnqk****,125.185.***.68,0,0,"물건좀 빨랑보내줘라 나도 패딩한번입어보자 겨울가기전에는 오는건지
울화통이터져서..........
겨울옷 여름에 보내주는건 아니겠지 .....
오기가 나서 취소안하고 끝까지 기다려 볼라구 .....",
2018.12.22 11:59,73,dnqk****,125.185.***.68,0,0,이회사 물건사면 원래 이렇게 늦은건가요????,[]
2018.12.22 11:53,74,dnqk****,125.185.***.68,0,0,"지난15일에 입금을했는데 오늘이 22일 딱일주일이네요
아직도 배송이안되고있어서 고객센터에 전화를했더만
아직도 제대로된 답변이없네요2-3일더 기다리면 답변해준다네요 ㅎㅎ이러고도 글로벌한건지
배달사고가나면 우선 선처리해서 고객의 물건을 먼저
배송해줘야 되는게 맞지않을까요?
롯데택배회사 배달하시는분 전화도 안받구 문자남겨도 답도없구
넘 어이가 없네요 아직도 대한민국에 이렇게 후진데가 있다는것이",[]
2018.12.21 10:09,219,78lm****,116.37.***.179,0,0,"기관이 매수하는데, 기관이 매수 주춤하는사이
외인이 매도로 대응하는 모습으로 보임,,

과연 기관이 이길까? 외인이 이길까? 궁금",[]
2018.12.20 17:07,337,ckt2****,175.124.***.141,0,0,"최저가에 건자재회사 샀는데,

3기 신도시 및 서울 주택개발호재.

한샘, 리바트, kcc 등 건자재회사 최근 주가 흐름 좋고~

암튼 엘앤씨 실적 좋아질듯~ㅋㅋ",[]
2018.12.19 11:15,392,sy10****,210.222.***.230,0,0,아래에서 못 팔아서 안달났네?,[]
2018.12.13 13:26,938,ynm5****,223.38.***.182,0,0,여서 다 죽이네!,[]
2018.12.12 14:42,530,ynm5****,223.38.***.47,1,0,폭등조짐,[]
2018.12.12 12:10,870,ynm5****,223.62.***.39,0,2,오를때는 500원이여요?,[]
2018.12.12 11:05,766,78lm****,116.37.***.179,0,1,"위로 아래로 위로 아래로
올라가기 무섭게 떨구고, 떨어지기 무섭게 올라가네.
아직 방향성을 못잡은듯하나, 4분기 예상 실적에 따라? 갈듯합니다.","['주가좀 올려달라고!!!!!', '기사 떳네요 베트남에서 물건 많이 팔았다고!!!', '에스퓨얼셀오면 일당은 될텐데!!!!!', '회계조작이라는 챙피만 당하고!!!!!', '실적이라고 해봐야 펜 하나로 오르고 내리는거!!!!', '개미들이 1주씩 줏어 모아봐야 제자리 걸음이지!!!!', '10년 세월이 도루묵 되었으니!!!!!', '손해보고 팔려니 아깝긴 하겠지!!!', '추운 겨울이라 올라갈거는 같은데!!!!!']"
2018.12.12 09:59,325,ynm5****,223.38.***.167,0,0,오셔,[]
2018.12.11 11:10,752,ynm5****,223.38.***.38,0,1,갑니다,[]
2018.12.10 09:50,1045,ynm5****,223.38.***.122,1,0,파는 사람만 있네,[]
2018.12.07 12:52,872,ynm5****,223.62.***.214,0,0,죽었네!,[]
2018.12.06 11:23,1034,ynm5****,223.62.***.166,0,0,잘 먹었다,[]
2018.12.04 12:13,1250,idbe****,223.38.***.220,2,2,"남들 올라갈때 떨어지고
남들 떨어질때 또 떨어지네요!
웃기는뇬 이네요ㅡㅡ;;",['그럼 사지 않으면 그만']
2018.12.04 09:55,952,sy10****,221.145.***.219,2,0,니네는 이런것도 안하냐? 주주 알기를 머로 아나?,[]
2018.12.03 14:36,1109,jink****,182.213.***.200,2,1,"매년 온,오프라인 성장률 15% 이상씩 늘고 있는데 주가는 기다리면
제자리 찾아갈것으로 봅니다 10만원 밑에선 분할매수 하면 좋은 날이 올겁니다",['내적홈소핑']
2018.12.03 10:34,333,blue****,49.246.***.116,0,0,다른 종목매수하려고 조막세력 물량빼는중,[]
2018.12.03 10:04,620,suns****,59.8.***.209,2,0,지랄이죠,[]
2018.12.02 14:34,756,piho****,211.189.***.88,0,0,"한욕구가 먼저 그랬다

굳이 설득력이 없겠다",[]
2018.12.02 22:31,170,cds4****,175.201.***.153,0,0,뭔 말인지 잘 모르겠네요?,[]
2018.11.29 10:32,613,ckt2****,175.124.***.141,1,0,"지에스홈은 북 1.2조에 시총 1.3조..

현홈은 북 1.7조에 시총 1.1조..

밸류에이션 차이가 지에스는 PBR 1.1배, 현홈은 0.6배...

두배가 말이 되냐? 올해번 순이익도 둘다 비슷하게 1300~1400억..

배당만 2.5%해봐라.. 바로 피비 1배 갈턴데...쩝.",['흠.. 주가가 하도 빠져서 작년기준으로 이미 1.8%군... 올해 배당 30%만 증가시키면 대략 2.5%니.. 고정도만 하소... 경영진들..']
2018.11.21 14:37,1129,leej****,211.172.***.149,0,2,ㅎㅎ,[]
2018.11.20 15:55,555,nice****,223.33.***.223,0,3,"어느정도 자리잡히면
여행상품 판매 어디서 할거 같냐?",['현대에서 넘길거 같냐\n통역이 필요한 것도 아닌데..\n레크리에이션 가능한 직원 뽑으면 될 것을']
2018.11.20 14:42,855,ckt2****,175.124.***.141,3,1,"뭐 이 회사야

가지고 있는 현금이랑 상장주식들만 해도 이미 시가총액을 넘어서지만,

홈쇼핑 애써 개무시하지만, 보면, 유통회사중에 홈쇼핑만이 취급고 증가해왔다.

물론 모바일취급고의 증가가 주도했지만, 티비취급고도 빠지지 않는다는게 핵심이지.

홈쇼핑은 광고효과 + 주도적으로 파는 채널이라는 특이점 + 규모의 경제 효과로 미래에도 절대 죽지 않는 유통채널이다.

암튼 홈쇼핑은 논외로 치더라도...

렌탈케어...요거가 -200억으로 평가하는데,

솔직히 애널들이나 -200억이니 대략 -2000억으로 쳐주고 있는건데, 단순 PER로 평가하믄...

시장에서 누가 렌탈케어를 -2000억으로 보냐... ㅋㅋ

이미 순증계정수가 코웨이급인 회사인데, 코웨이가 500만계정에 5000억 벌고, 시총은 6조다.

졸라 작게 잡아도 10만계정당 1000억가치라는건데, 현재 30만계정. 내년 40만계정이상을 본다던데..

렌탈케어 가치만 난 5000억 이상본다.",[]
2018.11.18 22:07,1204,jpt1****,221.156.***.26,3,0,투자하지마세여,[]
2018.11.17 23:11,470,haju****,175.223.***.90,0,0,무슨 현대홈쇼핑 주가가 왜이렇게된거임..?,['오일슬러지 여긴석유화학이냐 쎄타2 엔진 그지홈쇼핑\n\n경로당아닌 바른전자 장난감사기 삼장폐지 바른전자 의미있지']
2018.11.16 12:06,879,piho****,211.189.***.88,0,0,.,[]
2018.11.15 07:25,981,ckt2****,175.223.***.212,0,0,"3분기누적 순익3프로증가
4분기누적 순익10프로이상증가확신한다.

내년은 20프로이상증가예상.
근데 주가는고점비 거진반토막을냈네ㅎㅎ

미친연기금",[]
2018.11.13 14:45,1168,balo****,175.121.***.90,4,0,"모든 회사는 1년 결산인데.. 작년 3분기까지 비교하면 비슷합니다.

수년동안 보면 거의 비슷합니다..실적이 오히려 좋아졌으면 좋아졌지..

단기적으로 분기를 보면 들쑥날쑥하죠...

2분기까지 실적 대폭 증가한 것은 반영 하나도 안되고 오히려 주가는 그동안 떨어졌는데...

작년 3분기 대비 떨어졌다고 회사 망한것처럼 폭락시키네요.


CJ GS 다 pbr 1 넘는데..

이놈만 0.68이 뭡니까...그것도 이익률은 비슷한데..

기가막힌 종목이죠...","['국민연금 삼성로직스 정지된다는데도 막삿는데\n내린종 목은 막팔고 대단한 부조리 있을것.\n멍청한체하면서 .. .', '연기금 매도 계속되고 있음. 아마도 멍청하기로 소문난 우리의 국민연금의 소행일 것으로 생각됨.']"
2018.11.13 12:27,1043,kgbs****,223.52.***.136,2,0,"앞으로 계속 구걸주로 전락~~
현대 관련주??",['형들 ~ 이거 사도 될까요 ?']
2018.11.12 23:10,955,haju****,220.116.***.188,3,1,아니 현대홈쇼핑 망해가는 기업처럼 그래프가 왜 이래요? 이렇게 무거운회사가 흘러내리는게 말이 됨?,"['형들 ~ 이거 사도 될까요 ?', '계속 떨어지네요~ ㅠㅠ']"
2018.11.08 19:10,1685,woos****,116.108.***.25,1,1,"끈질기게 매도....
그러다 보니 종가에 하락...ㅠㅠ",[]
2018.11.07 15:41,1481,snny****,175.205.***.27,3,1,"승연이 헝아가 빈껍데기 버린거 타일 장판 만드는회사.

요즘 홈쇼핑에서 누가 장판사냐???

한마디로 꼬추된겨....",[]
2018.11.07 15:14,1256,dogu****,175.223.***.200,2,5,앞으로 국내경기의 내수축소로 인해 소비는 계속해 줄어들것이다 물론 남북교류및 경제협럭이 된다면 모를까 그건 뭔 훗날이고 지금으로 봐서는 5만원대까지는 생각해봐야 되지 않을까 지금은 평밤한자들에겐 보이지않을것이지만 이유없이 떨어질순없다,[]
2018.11.07 13:33,1462,uhee****,182.220.***.6,1,1,02 2143 2194 ir팀에 전화했습니다. 담당자자 없다며 주가 떨어진 설명을 하는데... 회사는 아무 문제가 없답니다. 아무문제 없는데 폭락을 하는거면 더 무섭네요,"['만일 아무 문제 없는데 폭락한다면\n전문용어로 주가조작이라고 합니다.', '담당자가 피하는걸 겁니다~', '111000원에 매수 오늘 양매도 치길래 92400원에 손절\n했네요 제 선택이 잘못된 선택이길 바랍니다 성투 하세요', '혹시 담당자와 직접 통화하신분 있나요?', '무슨 악재가 있을 것 같아요~\n아니면 이럴수가 없는 ㅠㅠ']"
2018.11.07 12:26,1061,ckt2****,211.217.***.99,2,2,"주식회사가 주주들 신경안쓰냐?

경영진은 뭐하는 ㅅㄲ들이냐?","['외인이55%보유 하고있으니까.\n무슨 이유 일까 돈이싫어서 잔뜩 사가지고 폭락시켜서\n이익될게있는건가 공매도도 아닌것같고, . .', '외인들이 공격적으로 던지는 이유가 뭔지 궁금하네요\n공시 뉴스가 하나도 없네...']"
2018.11.07 12:23,748,sy10****,210.222.***.230,2,0,진짜 주가관리 안하냐? 욕 나오네?주주들 맘고생 시키면 경영진 니들 천벌 받는다,['그맥이 적어 그나마 버티는데 -15네요 진짜 해도 해도\n너무하는듯 대형주가 맞나 싶네요 다른 큰손분들\n힘내시고 현대 그룹 망할징조 아니면 주주들 물로 보지 말고 그룹주 자사주 매입 당장 시행해라!']
2018.11.05 23:34,1046,pine****,119.70.***.22,0,1,"일반적으로 증권사 담보대출 금리는 연 8%정도의 수준이지만, 저희 지점에서는 절반수준으로 가능합니다.

주식담보대출 4.5%~로 가능합니다.

대출연장으로 인한 추가 금리인상 없이 고정금리로 사용 가능합니다.

일반증권사들 이벤트처럼 기한 제한으로 3개월 사용하다가 대출금리 올리고 하는 것이 아니라 고정금리입니다.

연락주시면 자세하게 안내드리겠습니다.

기업 탐방과 IR도 다니면서 종목상담도 가능하니 사소한 문의도 괜찮습니다.

감사합니다.

직통)02-425-2229, HP)010-2335-8095, 카카오톡) pinesiss",[]
2018.11.02 18:52,1620,kcf1****,58.143.***.19,5,5,"건자재 한화 L&C 싸게 매입하고 현금 자산 많다고
들었다 19만원때 주가가 반토막 이상 났고 또한
증권사에서 목표주가 하향하는데 벨도 없니?
무상증자를 하든 아니면 자사주 매입 그것도 아니면 현금도 많으니 배당이라도 한 4000원때로 늘려라 대기업, 홈쇼핑 유통업체가 주가가 이게 뭐니
주주들도 좀 생각좀 해라! 셀트리온처럼","['배당금액 올려라~', '기관 외인 들이 주체 입니다 ,']"
2018.11.02 16:43,990,balo****,175.121.***.90,3,1,"오늘 같은날 가만히 나둬도 많이 오를텐데...

대량매도도 아니니 진짜 팔고 싶으면, 더 높은 가격에 팔 수 있었는데..

하루 종일 눌러서 못 오르게 하는 넘들....... 무슨 목적이 있는 것일까..

현대백화점도 양상이 비슷한 것으로 봐서....

어떤 세력이 무슨 꿍꿍이를 가지고 조작하는 건지..",[]
2018.11.02 15:57,1045,vagr****,218.55.***.149,9,0,"ㅋㅋㅋㅋㅋㅋㅋㅋ 그저 웃음뿐

누굴 원망하리 쓰레기를 주운 내가 멍청한거지 ㅋㅋㅋㅋ",[]
2018.10.31 11:01,728,nwsk****,59.11.***.37,8,0,"오랫동안 현대 차는 국민들의 애국심에 동냥질 해서 지들 뱃속만 채우다 심판 받는 중이고, 건설은 경기 불황으로 현대건설이라는 네임이 잊혀진지 오래고, 이종목은 경영진이 맞벌이 부부 일년치 연봉을 월급으로 받아 먹으며 주주 알기를 우습게 여기니 심판을 받을 수 밖에....","['주주 우습게 아는건 현대차보다 더한 넘들이지요.... 현대백화점 그룹\n현백하고 홈쇼핑 주가 보세요..... 떨어지는건 앞장스고 오늘같은날 안오르는..', 'ㅋㅋㅋㅋ\n이회사는 현대차하고는 아무상관도없는 회사에요ㅋㅋ', '하루 종일 12,000주 거래됐는데..\n좀 오르니 동시호가에서 4,000주 투하해서 내려버림..']"
2018.10.31 10:23,395,gwtk****,58.228.***.254,2,1,"매년 1,100억 순이익 가정시

향후 배당금 주당2,000원 이상 감안시

총주식수 1,200만주-240억 배당금 지급후 860억 남음

매년 800억~900억 자산증가 ( 공장증설이나 자재비나 이런데 돈 들어갈일 없는 기업)

총주식수 1,200만주 감안시 매년 주당 6,600원~7,500원 자산증가하는 기업

계열사 현대렌탈도 신규계정이 금년에만 10만계정돌파(9월까지)

작년한해 신규계정 8만개를 훨씬 넘는 신규가입자 확보

이제 곧 규모의 경제 실현가능

기다리다 보면 다시 17만원 ,20만원 되겠지요~~

나는 배당받고 기다려 볼랍니다~~~!!!","['매수가가 얼마시오?', '회사는 매년 주당 만원씩 돈버는데..반대로 수년간 평균 매년 만원이상 빠짐...\n결국 매년 2만원씩 저렴해지고 있지요..\n5년후에는 주가 4만원 주당가치는 20만원정도 되겠네.. 기관은 깡패니까 가능할지도...']"
2018.10.30 22:44,1431,haju****,220.116.***.188,1,1,한화L&C 인수하고 나락으로 떨어지고있는데 실적예상치와 앞으로의 전망에 대해 조금 알려주실 수 있는 분 계신가요??,['실적은 좋은데 전망은 안 좋아요..\n실적 1300억 달성하면..1400억 예상했는데 안좋다고 리포트 내고 떨어뜨리면 되고.\n1500억 달성하면 렌탈 때문에 1500억 밖에 안되서 실망입니다 하고 떨어뜨리고.\n이 주식은 계속 떨어지는 것으로 달려온 주식이므로 전망은 정말 안좋죠...다른 세력이 붙기까지는']
2018.10.29 15:03,414,kgbs****,121.167.***.249,1,0,알아서...피신...,[]
2018.10.28 19:25,958,su29****,39.112.***.146,0,0,"https://www1.president.go.kr/petitions/420795?navigation=petitions
100만명 동참해서 공매도 없앱시다
널리 퍼날라 주세요",[]
2018.10.23 11:01,1023,78lm****,116.37.***.179,3,0,"아니죠.그냥대세하락주.업종지수,코스피지수랑상관없이 그냥 대세하락대장주","['우리나라 국민성이 투기 도박을 좋아해서 기업 가치평가 이딴거 없어요. 무조건 급등, 테마에 쏠림현상. pbr 10배가 넘는종목이 연일 상승하고 저평가라는 종목들은 연일 신저가 찍는이유가 투자주체들 성향때문입니다. 큰손들은 그거 이용해서 개미들 돈 뜯어먹는거고요. 그나라 주식시장은 그나라 투자자들의 성향을 반영합니다.', '최근 4년 당기순이익 합이 5000억도 넘는데..주가는 5년동안 계속 떨어져서 반토막 났네.\n우리나라는 주식 안하는게 돈버는 거다..공매도는 판을치고 상식도 없고..']"
2018.10.21 15:01,511,cion****,223.39.***.228,0,1,"●청원●
국민연금의 주식대차를 폐지하라
https://www1.president.go.kr/petitions/394401

다시 시작하는 청원입니다.
이전에 비슷한 청원에 동의하셨더라도 다시 한번 더 이 청원에 동의 부탁드립니다.

• [기자수첩]공매도 권유하는 '정부'…분통터지는 '개미'
https://m.news.naver.com/read.nhn?mode=LSD&mid=sec&sid1=110&oid=018&aid=0004225969

• [단독] 공매도 신음株, 절반은 국민연금이 대여
https://news.v.daum.net/v/20181016095007871

• 국민연금공단, 해외운용사서 돈받아 직원들 해외연수 논란
http://www.businesskorea.co.kr/news/articleView.html?idxno=25479

• '주식 대여 장사' 논란 휩싸인 국민연금
https://m.news.naver.com/read.nhn?mode=LSD&mid=sec&sid1=101&oid=011&aid=0003410343

• 국민연금 주식대여액 1천조원 육박..""공매도 종잣돈 창구""
https://news.v.daum.net/v/20180907070022685?f=m

• 거래량도 대금도... 공매도 시장 휘젓는 외국계 증권사들
https://news.v.daum.net/v/20181009044529592?rcmd=rn&f=m

• 국민연금, 올해 7월 말까지 국내주식투자로 10조원 손실
https://news.v.daum.net/v/20181006090008650?f=m#none

국민연금이 공매도세력들에게 주식을 대여해주며 연금을 운용하여 우리들의 국민연금과 주식이 막대한 손실을 입고 있습니다. 

국민연금의 주식대차를 없애야지만 우리들의 국민연금과
주식을 지킬 수 있습니다.

우리들의 재산을 지킵시다.

청원에 힘을 보태어 주십시요.

여러분들의 힘이 절실히 필요합니다. ",[]
2018.10.19 23:44,1213,see0****,114.203.***.185,0,1,"안녕 하십니까!!
반갑습니다~
아래 글을 끝까지 읽어 주시기바랍니다

청원명:국민연금의 주식대차를 폐지하라

청원마감일:10월 31일까지

우리의 부모님 형제 자매들이 피땀흘려 내는 국민연금이 줄줄 새고있습니다.

현재 국민연금
조성기금 670조를 투자 운영하고 있는 자산운영본부(국민연금운영위)
에서 1년에 10조의 손실을 내고있다는 사실을 알고계십니까?

국민연금이
공매도 세력(외국인.기관)들에게 주식을 대차해 줌으로서 생겨난 손실이며 그것은 국민연금이 재정고갈로 이어지는 결과를 초래해 왔던것입니다
그리고
국부유출로 이어지고 있습니다.

국민연금을 내시는 분이시라면 ''국민연금 주식대차 금지
청원개요,,를 꼭 읽어 보시기 바랍니다.

아울러
SNS 정보망을 통해 20만명이 동참 할때까지 가족.친구.
선 후배. 주변의 모든 지인들께
동참을 독려 해주시기 바랍니다.

※ 참여 방법은 참 쉽습니다..^^
아래 링크로 들어가신 후 '동의'를 클릭하시면 됩니다.
(네이버/페이스북/트위터로 3번 동의 가능)

https://www1.president.go.kr/petitions/394401

♥또 한번 제대로 찍어봅시다♥",['유투브 시청함 동의합니다에 한표 던집니다']
2018.10.19 12:44,900,ghkd****,211.36.***.60,0,1,오늘 종가 역시 파란불 들어갑니다...,[]
2018.10.19 11:15,1112,wonj****,115.21.***.238,2,0,"하긴 P/B P/E 보면 너무 저평가되어있고, 10만 이하는 정말 말도 안 되지요..",[]
2018.10.18 15:35,1145,kcf1****,211.36.***.231,6,0,"매수가 111000원인데 아직 홀딩입니다
금액이 적어 매수가 올때까지 건드리지 않을 생각입니다 홀딩중이신분 계신가요?","['흥분해서 질질싸는거에요', '이거 근데 지금 이렇게흘러내리는 이유가 뭔가요?', '네. 저는 내년까지 보고 있습니다. 떨어지긴 했는데 크게 걱정은 안하고 있습니다.']"
2018.10.16 16:09,360,seo9****,58.143.***.163,2,0,"https://www1.president.go.kr/petitions/394401

국민연금 공매도금지 청원 한표씩 찍어주세요
주가 올랐을때 정말 조심해야 합니다
공매도 준비하는넘들이 하도많아서요
그래서라도 한표 찍어주어야 할것같네요
공매 타진 하는 방법은 이방법밖에 없다고 생각합니다
동참해주세요
저도 한표 행사하고왔습니다
공매도의 테러의 몸살을 앓고있습니다.

네이트 페이스북 트이터 3번동의 가능합니다.

국민연금 공매도 10조손실

20만이 넘어가야 청와대 답변을 끌어내는데
이달말까지 힘들어보이네요 (8만원넘어가고있네요)

만은분 동의 좀해주세요 홈페이지는 우에 있습니다. 복사해서 붙이기만하면 됨니다",[]
2018.10.16 14:23,1119,78lm****,116.37.***.179,2,0,코스피지수와 상관 없이 연중 최저가 수준을 넘어 6년내 최저가로 왔으면 주가로는 안되니 배당금이라도 올려라.,['그럴돈 있으면 또엉뚱한회사 인수하죠']
2018.10.16 12:17,1048,vent****,223.62.***.187,3,1,그래야 경영진 정신차린다,[]
2018.10.15 14:20,930,came****,211.214.***.40,3,3,"증권사에서 목표주가 13만원대 제시했다는건

실제 적정주가 7만원정도란 얘기

보통 2배 뻥튀기가 목표주가니까.

랜탈사업 헛발질에

시너지효과 제로인 한화L&C인수 헛발질ㅋㅋ

진심 경영진 면상이 궁금하다.",[]
2018.10.12 16:53,493,ccii****,121.144.***.123,1,1,"• 국민연금 주식대여액 1천조원 육박..""공매도 종잣돈 창구""
https://news.v.daum.net/v/20180907070022685?f=m

• 국민연금, 올해 7월 말까지 국내주식투자로 10조원 손실
https://news.v.daum.net/v/20181006090008650?f=m#none

• 국민연금공단, 해외운용사서 돈받아 직원들 해외연수 논란
http://www.businesskorea.co.kr/news/articleView.html?idxno=25479

• '주식 대여 장사' 논란 휩싸인 국민연금
https://m.news.naver.com/read.nhn?mode=LSD&mid=sec&sid1=101&oid=011&aid=0003410343

• 거래량도 대금도... 공매도 시장 휘젓는 외국계 증권사들
https://news.v.daum.net/v/20181009044529592?rcmd=rn&f=m

국민연금이 공매도세력들에게 주식을 대여해주며 연금을 운용하여 우리들의 국민연금과 주식이 막대한 손실을 입고 있습니다. 
국민연금의 주식대차를 없애야지만 우리들의 국민연금과
주식을 지킬 수 있습니다.
우리들의 재산을 지킵시다.
청원에 힘을 보태어 주십시요.
여러분들의 힘이 절실히 필요합니다. 

●청원●
국민연금의 주식대차를 폐지하라
https://www1.president.go.kr/petitions/394401

다시 시작하는 청원입니다.
이전에 비슷한 청원에 동의하셨더라도 다시 한번 더 이 청원에 동의 부탁드립니다.",[]
2018.10.12 15:55,1248,zzrn****,175.223.***.126,2,5,"누가 요즘 홈쇼핑보냐
쿠팡이나 인터넷결제하지 그리고 이제 알리바바에서도 무료배송으로 물건 살 수 있는데 ..
심지어 홈쇼핑 과대 과장광고, 품질성보장도 안해줘 고객서비스도 나몰라라야. 모멘텀 제로인데오르는게 더 신기하다.",['돈버니오르지ㅋㅋ']
2018.10.12 10:22,1179,nams****,121.190.***.62,2,1,내주 99000원대 까지 하락도 예상되네요,[]
2018.10.12 10:16,1047,kds1****,223.39.***.118,0,0,29주 ㅋㅋ 103000,['아나 짜증 ㅋㅋ']
2018.10.11 15:45,827,ckt2****,110.70.***.84,2,2,"순현금1조. 주식4천억들고 연2천억가까이영업익버는데 1.2조시총?

한화사서 순현금0.7조. 주식0.7조. 오피2천개ㅎㅎ

사면무조건먹는자리네ㅋ","['6월말 8천개고, 연말기준 대략 9천개정도 예상되고. 이번에 한화 인수하면 대략 6천개쯤 될듯... 그리고, 홈쇼핑으로 1500개 정도 벌고, 자회사들 지분법으로 400개 정도 들어옴. 그리고 이번에 한화는 연결이니 아마도, 연결로 1800억 영업익, 지분법 400억 정도 버는 회사에요. 뭐 시총1조가 비싸다고 생각되면 어쩔수없죠.ㅎㅎ', '청산가치이하주식이라늣 말하는거 보니 여느방송 전문가라는 사람 아닙니까?']"
2018.10.10 15:50,1068,dogu****,175.223.***.175,3,0,주식을 올리기위한 가장좋은방법은 배당을 마니주는것같다 최소5천원이상배당을 준다면 GS수준의 주가를 형성할수있을것이다 해마다 올려 내후년쯤엔 1만원정도 주면 어떨지 주식당당자는 새겨들어라 왕회장이었다면 이주가 보면 한방 맞았을것이다,"['그래도 배당을 두둑히 주면 누이좋고 매부좋고 주식좋다', '배당하고 상관없다 주식시장']"
2018.10.10 15:36,754,min1****,119.207.***.202,1,1,"♥ 내 소중한 국민연금을 보호하고, 공매도 주식대차를 막기위해,
'국민연금 주식대여 금지' 청원에 동참해주세요! ♥

10월 9일 기준 청원 9일만에 '동의' 5만 2천명을 넘어 지금도 계속 빠르게 증가하고 있습니다.
현재 청와대 국민청원 첫페이지에 올라 있고, 경제민주화 부문 1위입니다.

아직 여러분들의 참여가 어느때보다 절실합니다.
10월 말일까지 20만 동의를 넘겨서 반드시 국민연금의 공매도 주식대여금지를 실현합시다.

국회에 계류중인 ""국민연금공단 주식대여금지 법안""이 올해 통과될 수 있도록 청와대 청원에 힘을 보태 주세요.


※ 참여 방법은 매우 쉽습니다!

아래 청와대 국민청원 링크로 들어가신 후 '동의'를 클릭하시면 됩니다.
(네이버/페이스북/트위터로 3번 동의 가능합니다 , 한가지 계정 동의 후 청원 인터넷 창 닫으시고 10여분 후에 다른 계정으로)

https://www1.president.go.kr/petitions/394401


모두 청원 참여 부탁드립니다!
우리의 부모님, 형제, 자매들이 피땀 흘려 내는 국민연금이 어처구니 없는 투자방식으로 손실을 입고 있습니다.

대한민국 핫 이슈인 국민연금 재정고갈 문제이자,
국민연금을 내시는 분이시라면 꼭 관심을 갖고 참여하셔야 할 청원입니다.


연간 국내주식 투자금액 120조원의 0.0014%의 수익을 올리기 위해 국민연금이
4년6개월간 1천조원에 달하는 주식을 공매도세력(주가를 하락시켜야 이익을 보는 세력)에게 대여해 줌으로써,

1)국내 주식시장을 교란하고,
2)공매도를 사용할 수 없는 개인투자자들을 주식시장의 패배자로 내몰고,
3)해외헷지 세력들의 주머니를 채워 연간 수천억원의 국부를 유출하고,
4)국민연금 스스로 투자한 종목의 주가상승을 막고, 로스컷(손절매) 발생시 막대한 국민연금의 손실을 초래하는


이 바보같은 일에 국민연금이 앞장서고 있다는 사실을 고발하고 바로 잡고자 합니다.



※ 이 청원은 '경실련'(경제정의실천시민연합), '공매도제도개선 주주연대', '희망나눔 주주연대'가 함께 합니다.

국민이 주인입니다!
국민이 원하지 않는 일, 국민의 돈으로 국민에 피해를 주는 일은 법으로 중단시켜야 합니다.",[]
2018.10.10 14:16,827,ccii****,223.62.***.44,1,1,"• 국민연금 주식대여액 1천조원 육박..""공매도 종잣돈 창구""
https://news.v.daum.net/v/20180907070022685?f=m

• 국민연금, 올해 7월 말까지 국내주식투자로 10조원 손실
https://news.v.daum.net/v/20181006090008650?f=m#none

• 국민연금공단, 해외운용사서 돈받아 직원들 해외연수 논란
http://www.businesskorea.co.kr/news/articleView.html?idxno=25479

• '주식 대여 장사' 논란 휩싸인 국민연금
https://m.news.naver.com/read.nhn?mode=LSD&mid=sec&sid1=101&oid=011&aid=0003410343

• 거래량도 대금도... 공매도 시장 휘젓는 외국계 증권사들
https://news.v.daum.net/v/20181009044529592?rcmd=rn&f=m

국민연금이 공매도세력들에게 주식을 대여해주며 연금을 운용하여 우리들의 국민연금과 주식이 막대한 손실을 입고 있습니다. 
국민연금의 주식대차를 없애야지만 우리들의 국민연금과
주식을 지킬 수 있습니다.
우리들의 재산을 지킵시다.
청원에 힘을 보태어 주십시요.
여러분들의 힘이 절실히 필요합니다. 

●청원●
국민연금의 주식대차를 폐지하라
https://www1.president.go.kr/petitions/394401

다시 시작하는 청원입니다.
이전에 비슷한 청원에 동의하셨더라도 다시 한번 더 이 청원에 동의 부탁드립니다.",[]
2018.10.08 12:15,311,vent****,223.62.***.139,0,0,매각하면?,[]
2018.10.08 09:40,389,zuku****,14.51.***.202,0,0,현대홈쇼핑은 바보회사??,[]
2018.10.05 18:23,426,supe****,112.216.***.242,1,0,"https://www1.president.go.kr/petitions/394401

2018년 10월 1일 국민연금 대차금지 청원을 시작합니다.

지인과 가족분들의 참여도 필수입니다.

이번 청원이 성공적으로 20만 달성되면
국민연금 대차금지와 더불어서
공매도 제도개선까지
가능하게 됩니다.

이번 청원의 목표는
""국회 압박"" 입니다.
모두 동참해주시길 부탁드립니다.

공매제도 개선을 위한 주주연대
단톡방에 오셔서 함께해 주시길 바랍니다.
https://open.kakao.com/o/goZA7SY",[]
2018.10.01 10:52,704,peac****,211.223.***.166,2,0,"https://www1.president.go.kr/petitions/394401

오늘 국민연금 대차금지 청원을 시작합니다.

지인과 가족분들의 참여도 필수입니다.

이번 청원이 성공적이 되면
국민연금 대차금지와 더불어서
공매도 제도개선까지
가능하게 됩니다.

이번 청원의 목표는
""국회 압박"" 입니다.
모두 동참해주시길 부탁드립니다.

공매제도 개선을 위한 주주연대
단톡방에 오셔서 함께해 주시길 바랍니다.
https://open.kakao.com/o/goZA7SY",[]
2018.09.27 17:22,482,supe****,112.216.***.242,0,0,"D-day는 10월 1일 입니다.

""국민연금 대차금지""를 꼭 성공시키기 위해서 ""공매제도 개선을 위한 주주연대""가 결성 되었습니다

주주연대의 활동목표는

1)각 종목에 취지를 알려서 조직을 확대하고

2)단톡방을 개설하고

https://open.kakao.com/o/goZA7SY

3)사전에 ""국민연금 대차금지""청원내용을 알리고

4)청원시작(10월1일)후 20만명 이상을 모아서

5)이를 기반으로 경실련과 함께 현재도 진행중에 있는국회를 압박해서

6)국민연금법에 있는 ""매매와 대차 가능""에서 대차를 제외한 ""매매만 가능""하도록 수정한

법안을 통과시키는 것이 최종목표 입니다.



이번 청원내용은 경실련에서 작성 했습니다

""국민연금 대차금지""

가능성 충분합니다. 거의 다 왔습니다.

아래는 경실련에서 작성한 청원내용 입니다.



-------아래-------
국민연금의 주식대여는 조속히 금지되어야 합니다!

새정부의 국정운영이 벌써 2년을 향해 가고 있습니다. 여러 정책을 펼치고 있지만 국민들은 무엇이 더

나아졌는지 알 수가 없습니다. 특히 경제의 혈관인 금융분야는 아무런 개혁이 일어나지 않고 있습니다.

성장 가치가 큰 기업들에게 건전한 투자자금을 조달하여, 경제발전을 이끌어야 할 주식시장은 불공정하고,

불투명한 제도로 인해 투기판이 되었습니다. 미래 가치가 큰 기업들에게 투자함으로써 윈-윈(Win-Win)을

하고자 하는 개인투자자들은 불법 공매도로 인해 기업가치가 무너지는 걸 보면서, 울분을 금치 못하고

있습니다. 더군다나 국내주식시장의 든든한 파수꾼 노릇을 해야 할 국민연금이 악성 공매도 세력들에게

주식을 대여해주고 있다는 것은 심각한 문제가 아닐 수 없습니다.

국민연금은 2018년 5월말 현재 적립기금 규모가 634조원 가량으로 일본 공적연금펀드, 노르웨이

국부펀드와 함께 세계 3대 연기금으로 꼽힐 규모로 성장했습니다. 국내 주식시장에서는 올해 7월 말

기준으로 130조원을 투자하고 있고, 지분을 5% 이상 보유한 상장사가 약 300개에 이르는 최대

기관투자자입니다.

때문에 국민연금은 미래 가치가 큰 기업들에게 중장기적이고, 안정적으로 투자함으로써, 국내경제를

견인함과 동시에 건전한 수익창출로 국민들의 노후자산을 불려 나가야 합니다. 그렇다면 주식시장을

교란시키고, 하락을 시켜 수익을 창출하는 공매도 세력과는 당연히 지향점이 달라야 할 것입니다.

하지만 국민연금은 최근 일부 국회의원들과 시민단체들의 자료에서도 드러났듯이, 조금의 대여 수수료

수익을 얻기 위해 무제한으로 주식을 대여해 줘 주식시장을 침체시키고 있습니다. 대여해 준 주식은

결국 공매도 세력들에게 활용되어, 국민연금이 보유한 종목까지 손실을 보게 될 것임이 자명합니다.

또 다른 우려 점은 삼성증권 유령주식 배당사고와 같이 위조증권을 찍어 낼 수 있고, 골드만삭스의

무차입 공매도 사건에서도 드러났듯이 불법 공매도도 가능한 환경에서의 주식대여는 주식시장의 불법을

조장하는 불쏘시개 역할을 한다는 것입니다.

국민연금은 금년 5월까지 국내 주식투자 수익률이 -1.18%로 3조 1천억 원의 손실을 입었습니다.

6월에 이르러서는 ?5.3%로 하락해 시장 평균 수익률마저 하회하는 참사에 가까운 실적을 보였습니다.

이러한 수익률 저하는 주식대여와 무관치 않다고 봅니다. 국민의 대다수는 국민연금의 투자금 관리가

합리적이고 효율적으로 운용되고 있다고 생각하지 않습니다. 그래서 국민연금을 믿고 노후를 맡길 수

있는지 확신하지 못하고 있습니다.

9월 7일 바른미래당의 이태규 의원실에서 발표한 자료에 따르면 2014년부터 2018년 상반기 까지

연금공단의 누적 주식대여 금액이 974조2천830억원으로 연평균 216조5천73억원이나 되었습니다.

국민연금이 주식시장을 억누르고 있는 공매도세력의 ‘최대 후원자’이자 ‘종잣돈 창구’였음을

보여주는 자료입니다. 주식시장이 활성화되고 주가가 올라야 수익률이 제고되는 국민연금이 주가가

내려야 수익을 올릴 수 있는 공매도 세력의 돈줄을 자처하는지 국민들은 납득할 수가 없습니다.

세계경제포럼(WEF)이 발표한 2017년 기준 우리나라의 국가 경쟁력은 27위라고 합니다. 그중 금융시장의

성숙도는 74위, 제도의 경쟁력은 58위, 정부의 투명성은 98위입니다. 결국 금융부문의 불공정한 제도와

시스템, 불투명성이 경쟁력을 저해하는 요인으로 작용하고 있는 것입니다. 국민연금의 주식대여 또한

우리 금융시장의 신뢰를 떨어뜨려, 경쟁력을 약화시키는 요인으로 작용하고 있다고 봅니다.

일본의 공적연금(GPIF)과 네덜란드 공적연금(ABP)은 물론, 우리나라 사학연금, 군인연금, 공무원연금도

주식대여를 하지 않고 있습니다. 그 이유는 주식 대여 수수료를 조금 얻고자, 제 발등을 찍는

소탐대실’의 실수를 하지 않기 위해서입니다. 금융당국과 국민연금공단은 무엇이 우리경제를 위하는

일인지 반성과 함께, 깊이 고민해봐야 할 것입니다.

그나마 다행인 점은 국회에 국민연금의 주식대여를 금지하는 ‘국민연금법 일부개정법률안’이

더불어 민주당 권미혁 의원에 의해 발의되어 있다는 것입니다. 물론, 입법사항이라서 대통령과

청와대가 해결하지 못한다는 것을 잘 알고 있습니다. 그럼에도 불구하고 이렇게 청원을 하는 이유는

대통령과 청와대가 국민연금의 주식대여 문제를 심각하게 여긴다면, 국회에서도 이를 가볍게 여기지

않을 것이라 보기 때문입니다.

‘경제정의실천시민연합’과 ‘공매도제도개선을 위한 주주연대’, ‘희망나눔 주주연대’는 더 많은

개인투자자들, 국민들과 함께, 국민연금 주식대여 금지를 비롯해 잘 못된 제도를 개선하고자 하는

목소리를 계속해서 키워 나갈 것입니다. 청와대와 국회, 정부부처에서는 이러한 국민들의 목소리를

경청하여, 주식시장의 신뢰회복과 함께, 금융경쟁력을 키울 수 있는 발판을 마련해야할 것입니다",[]
2018.09.27 14:17,596,gwtk****,58.228.***.254,9,0,"배당도 다른 홈쇼핑보다 적게주면서
돈 쌍아두고 뭐할거냐???
헛짓거리 하지말고
자사주나 매수해라
이 양심없는 경영진아....",['셀트리온 삼성전자를 본받아라\n자사주 매입해 소각해라']
2018.09.23 15:39,778,cion****,223.62.***.54,0,0,"여러분들의 국민연금이 새고 있습니다.
청원에 힘을 보태주세요.^^

※ 국민연금 주식대여 금지 청원
https://www1.president.go.kr/petitions/353707

※ 참조기사
국민연금 주식대여액 1천조원 육박..""공매도 종잣돈 창구""
https://news.v.daum.net/v/20180907070022685?f=m

여러분들께서 자주 이용하시는 커뮤니티나 포털사이트 증권 토론방 게시글에 위 글을 복사해서 댓글로 달아주시면 큰 도움이 됩니다.
여러분들의 힘이 필요합니다.^^",[]
2018.09.21 11:00,651,iop0****,39.119.***.138,4,0,얼간이들 모두 사표 내라,[]
2018.09.21 10:11,683,yojo****,175.223.***.11,1,2,잘부탁드립니다,['저는 목요일 입성 111000이네요']
2018.09.20 17:17,185,supe****,112.216.***.242,1,0,"D-day는 10월 1일 입니다.

""국민연금 대차금지""를 꼭 성공시키기 위해서 ""공매제도 개선을 위한 주주연대""가 결성 되었습니다

주주연대의 활동목표는

1)각 종목에 취지를 알려서 조직을 확대하고

2)단톡방을 개설하고

https://open.kakao.com/o/goZA7SY

3)사전에 ""국민연금 대차금지""청원내용을 알리고

4)청원시작(10월1일)후 20만명 이상을 모아서

5)이를 기반으로 경실련과 함께 현재도 진행중에 있는국회를 압박해서

6)국민연금법에 있는 ""매매와 대차 가능""에서 대차를 제외한 ""매매만 가능""하도록 수정한

법안을 통과시키는 것이 최종목표 입니다.



이번 청원내용은 경실련에서 작성 했습니다

""국민연금 대차금지""

가능성 충분합니다. 거의 다 왔습니다.

아래는 경실련에서 작성한 청원내용 입니다.



-------아래-------
국민연금의 주식대여는 조속히 금지되어야 합니다!

새정부의 국정운영이 벌써 2년을 향해 가고 있습니다. 여러 정책을 펼치고 있지만 국민들은 무엇이 더

나아졌는지 알 수가 없습니다. 특히 경제의 혈관인 금융분야는 아무런 개혁이 일어나지 않고 있습니다.

성장 가치가 큰 기업들에게 건전한 투자자금을 조달하여, 경제발전을 이끌어야 할 주식시장은 불공정하고,

불투명한 제도로 인해 투기판이 되었습니다. 미래 가치가 큰 기업들에게 투자함으로써 윈-윈(Win-Win)을

하고자 하는 개인투자자들은 불법 공매도로 인해 기업가치가 무너지는 걸 보면서, 울분을 금치 못하고

있습니다. 더군다나 국내주식시장의 든든한 파수꾼 노릇을 해야 할 국민연금이 악성 공매도 세력들에게

주식을 대여해주고 있다는 것은 심각한 문제가 아닐 수 없습니다.

국민연금은 2018년 5월말 현재 적립기금 규모가 634조원 가량으로 일본 공적연금펀드, 노르웨이

국부펀드와 함께 세계 3대 연기금으로 꼽힐 규모로 성장했습니다. 국내 주식시장에서는 올해 7월 말

기준으로 130조원을 투자하고 있고, 지분을 5% 이상 보유한 상장사가 약 300개에 이르는 최대

기관투자자입니다.

때문에 국민연금은 미래 가치가 큰 기업들에게 중장기적이고, 안정적으로 투자함으로써, 국내경제를

견인함과 동시에 건전한 수익창출로 국민들의 노후자산을 불려 나가야 합니다. 그렇다면 주식시장을

교란시키고, 하락을 시켜 수익을 창출하는 공매도 세력과는 당연히 지향점이 달라야 할 것입니다.

하지만 국민연금은 최근 일부 국회의원들과 시민단체들의 자료에서도 드러났듯이, 조금의 대여 수수료

수익을 얻기 위해 무제한으로 주식을 대여해 줘 주식시장을 침체시키고 있습니다. 대여해 준 주식은

결국 공매도 세력들에게 활용되어, 국민연금이 보유한 종목까지 손실을 보게 될 것임이 자명합니다.

또 다른 우려 점은 삼성증권 유령주식 배당사고와 같이 위조증권을 찍어 낼 수 있고, 골드만삭스의

무차입 공매도 사건에서도 드러났듯이 불법 공매도도 가능한 환경에서의 주식대여는 주식시장의 불법을

조장하는 불쏘시개 역할을 한다는 것입니다.

국민연금은 금년 5월까지 국내 주식투자 수익률이 -1.18%로 3조 1천억 원의 손실을 입었습니다.

6월에 이르러서는 ?5.3%로 하락해 시장 평균 수익률마저 하회하는 참사에 가까운 실적을 보였습니다.

이러한 수익률 저하는 주식대여와 무관치 않다고 봅니다. 국민의 대다수는 국민연금의 투자금 관리가

합리적이고 효율적으로 운용되고 있다고 생각하지 않습니다. 그래서 국민연금을 믿고 노후를 맡길 수

있는지 확신하지 못하고 있습니다.

9월 7일 바른미래당의 이태규 의원실에서 발표한 자료에 따르면 2014년부터 2018년 상반기 까지

연금공단의 누적 주식대여 금액이 974조2천830억원으로 연평균 216조5천73억원이나 되었습니다.

국민연금이 주식시장을 억누르고 있는 공매도세력의 ‘최대 후원자’이자 ‘종잣돈 창구’였음을

보여주는 자료입니다. 주식시장이 활성화되고 주가가 올라야 수익률이 제고되는 국민연금이 주가가

내려야 수익을 올릴 수 있는 공매도 세력의 돈줄을 자처하는지 국민들은 납득할 수가 없습니다.

세계경제포럼(WEF)이 발표한 2017년 기준 우리나라의 국가 경쟁력은 27위라고 합니다. 그중 금융시장의

성숙도는 74위, 제도의 경쟁력은 58위, 정부의 투명성은 98위입니다. 결국 금융부문의 불공정한 제도와

시스템, 불투명성이 경쟁력을 저해하는 요인으로 작용하고 있는 것입니다. 국민연금의 주식대여 또한

우리 금융시장의 신뢰를 떨어뜨려, 경쟁력을 약화시키는 요인으로 작용하고 있다고 봅니다.

일본의 공적연금(GPIF)과 네덜란드 공적연금(ABP)은 물론, 우리나라 사학연금, 군인연금, 공무원연금도

주식대여를 하지 않고 있습니다. 그 이유는 주식 대여 수수료를 조금 얻고자, 제 발등을 찍는

소탐대실’의 실수를 하지 않기 위해서입니다. 금융당국과 국민연금공단은 무엇이 우리경제를 위하는

일인지 반성과 함께, 깊이 고민해봐야 할 것입니다.

그나마 다행인 점은 국회에 국민연금의 주식대여를 금지하는 ‘국민연금법 일부개정법률안’이

더불어 민주당 권미혁 의원에 의해 발의되어 있다는 것입니다. 물론, 입법사항이라서 대통령과

청와대가 해결하지 못한다는 것을 잘 알고 있습니다. 그럼에도 불구하고 이렇게 청원을 하는 이유는

대통령과 청와대가 국민연금의 주식대여 문제를 심각하게 여긴다면, 국회에서도 이를 가볍게 여기지

않을 것이라 보기 때문입니다.

‘경제정의실천시민연합’과 ‘공매도제도개선을 위한 주주연대’, ‘희망나눔 주주연대’는 더 많은

개인투자자들, 국민들과 함께, 국민연금 주식대여 금지를 비롯해 잘 못된 제도를 개선하고자 하는

목소리를 계속해서 키워 나갈 것입니다. 청와대와 국회, 정부부처에서는 이러한 국민들의 목소리를

경청하여, 주식시장의 신뢰회복과 함께, 금융경쟁력을 키울 수 있는 발판을 마련해야할 것입니다",[]
2018.09.20 15:03,496,iop0****,182.230.***.12,2,0,왜 현대백화점 그룹에 투자하고 본전도못?을 인수전에 뛰어들었냐 당장 인수철회하라 OOO아,"['주주들 진짜 열받는다', '진짜 욕 나오네요ᆢ']"
2018.09.14 09:41,164,cion****,221.164.***.133,1,0,"여러분들의 국민연금이 새고 있습니다.
아래 청원에 힘을 보태주세요.^^

1. 국민연금 주식대여 금지 청원
https://www1.president.go.kr/petitions/353707

2. 삼성, 엘리엇 소송 관련 청원
https://www1.president.go.kr/petitions/350397

3. 정부는 매국연금을 국민연금으로 되돌려라!
https://www1.president.go.kr/petitions/370356

※ 참조기사
국민연금 주식대여액 1천조원 육박..""공매도 종잣돈 창구""
https://news.v.daum.net/v/20180907070022685?f=m

여러분들께서 자주 이용하시는 커뮤니티나 포털사이트 증권 토론방 게시글에 위 글을 복사해서 댓글로 달아주시면 큰 도움이 됩니다.
여러분들의 힘이 필요합니다.^^",[]
2018.09.14 06:46,643,glay****,223.62.***.81,0,0,인수 결정 아직 하고있는거같은데 비용이 모건이랑 천억차이라 잘됐으면 좋겠네요..,"['여러분들의 국민연금이 새고 있습니다.\n아래 2개의 청원에 힘을 보태주세요.^^\n\n1. 국민연금 주식대여 금지 청원\nhttps://www1.president.go.kr/petitions/353707\n\n2. 삼성, 엘리엇 소송 관련 청원\nhttps://www1.president.go.kr/petitions/350397\n\n여러분들께서 자주 이용하시는 커뮤니티나 포털사이트 증권 토론방 게시글에 위 글을 복사해서 댓글로 달아주시면 큰 도움이 됩니다.\n여러분들의 힘이 필요합니다.^^', '인수한다했을때 기관들이 2만6천주던졌고 주가 갸폭락했었음']"
2018.09.13 17:43,291,cujo****,121.131.***.159,0,0,"https://www1.president.go.kr/petitions/379257?navigation=petitions

동의해주세요!!!!

한국거래소 자사주 관련 규정, 개정요청

한국거래소는 대주주에게는 요술램프 vs. 소액주주에게는 쪽박

우리나라 제도(상법이나 거래소 규정)가 대주주가 소액주주에게 손해를 입히고 이익을 취할 수 있도록 보장해 주고 있다는 사실이다

널리 복사하여 전달 부탁드립니다!!!!!

청와대 국민소통 광장 > 국민청원
한국거래소 자사주 관련 규정, 개정요청",[]
2018.09.09 10:23,379,ckkw****,117.55.***.188,1,0,"여러분들의 국민연금이 새고 있습니다.

아래 3개의 청원에 힘을 보태주세요.^^

1 국민연금 주식대여 금지 청원
https://www1.president.go.kr/petitions/353707

2. 삼성, 엘리엇 소송 관련 청원
https://www1.president.go.kr/petitions/350397

3. 정부는 매국연금을 국민연금으로 되돌려라!
https://www1.president.go.kr/petitions/370356

※ 참조기사
국민연금 주식대여액 1천조원 육박..
""공매도 종잣돈 창구"" https://news.v.daum.net/v/20180907070022685?f=m


[국제신문]- 수만 명, 靑에 대여금지 청원

국민연금공단이 최근 4년 반 동안 1000조 원에 육박하는 주식대여를 한 것으로 드러났다. 국민연금이 주식대여를 통해 사실상 공매도 세력의 ‘종잣돈 창구’ 역할을 해온 게 아니냐는 지적은 그동안 이어져 왔다. 최근 청와대 국민청원 게시판의 국민연금 주식대여 금지 청원에 수만 명이 참여하기도 했다. 천문학적 규모의 주식대여 사실이 처음 드러나면서 국민연금의 시장 교란과 도덕적 해이가 도마 위에 오를 전망이다.

7일 국회 정무위원회 소속 바른미래당 이태규 의원이 국민연금공단으로부터 제출받은 자료에 따르면 2014년부터 올해 상반기까지 국민연금의 주식대여 건수는 1만6421건에 달했다. 같은 기간 누적 주식대여 금액은 974조2830억 원이었다. 국민연금은 연평균 216조573억 원의 주식대여를 통해 4년 6개월 동안 총 766억 원의 수수료 수입을 챙겼다.

공매도는 주식을 빌려서 팔고 주가가 떨어지면 사서 되갚는 것을 말한다. 시장 유동성을 높이고 투자 위험을 분산하기 위해 허용된 제도지만, 외국인 투자자 등의 대규모 공매도로 개인 투자자들이 손실을 떠안는 경우가 많다. 더구나 공매도로 주가가 떨어지면 국민연금이 기존에 보유한 주식 가치도 하락하면서 국민 노후자금이 위협받게 된다. 개인 투자자뿐만 아니라 연금 가입자에까지 손실이 전가될 수 있는 셈이다.

대표적인 사례로 국민연금이 9%의 지분을 보유한 삼성전자는 지난 5월 액면분할 후 공매도 대상 종목으로 지목돼 7월 말까지 10% 넘는 주가 하락을 겪었다. 액면분할로 거래량이 늘면서 주가도 오를 것이라고 기대해 주식을 산 개인 투자자들은 공매도 세력의 먹잇감이 됐다. 이런 논란 때문에 국민연금과 달리 사학연금, 군인연금, 공무원연금 등 연기금은 주식대여를 아예 하지 않는다.

이 의원은 “국민연금은 지난 5년간 1000조 원에 가까운 주식대여를 통해 주식시장의 안정성을 해치고 투기 세력의 개입 가능성이 큰 공매도의 판을 키워왔다. 국민의 기금이 공매도에 매몰되지 않도록 국민연금의 주식대여를 금지하는 관련 법 개정이 시급하다”고 말했다.

박태우 기자",[]
2018.09.05 11:39,413,ckkw****,117.55.***.188,0,0,"복지부장관 민원/국민연금 청원/상한가 매도 동참 해 주세요

보건복지부 ""장관에게 민원 제기""하는 방법, 경로
(1) ""보건복지부"" 홈페이지 접속 http://www.mohw.go.kr/react/index.jsp
(2) ""참여"" 클릭 (좌측 상단 三 클릭)
(3) ""장관과의 대화"" 클릭
(4) ""글 작성"" 끝ㆍ
상세안내(URL 주소 복사해서 붙이기 하면 됩니다) http://stock.thinkpool.com/bbs/itemanal/read/stock_bbs.do?sn=10588095&pageNo=4&iMax=00105885619999&code=068270


국민청원 동참하기 (현재 36,002/ 종료일 18/9/23)
https://www1.president.go.kr/petitions/353707


상한가 매도 동참 척 척 척운동 쭉~~합시다


매일 12시30분 네이버 검색 동시접속 운동
""국민연금 주식대여금지 청원"" 부탁 합니다

본인이 내고 있는 국민연금이 자신이 투자한 회사에 공매도로 쓰인다면?
본인이 낸 돈으로 공매도 세력을 돕는다? 기가 찰 노릇이겠죠?
수익률도 개판인데, 국민연금이 보유한 주식을 대여한다굽쇼?

더 이상 고양이에게 생선가게를 맡겨서는 안 됩니다.
우리 손으로 고양이 목에 방울을 달아보자고요",[]
2018.09.03 09:02,633,cujo****,121.131.***.159,1,1,http://news.mt.co.kr/mtview.php?no=2018090209304211160,"['Lg하우시스도 현재 시가총액 이 6천억이 안돼는데 대주주지분은 2000억 인데 이걸 프리미엄 천억 더줘서 3000억에 사면 또모르겠다 이종목은 영업익 매년 1천억정도 나오는데', '코웨이 인수하던가 ᆢ', '2012년에 한섬도 4200억에 인수 했지만 요즘 의류주가 엄청 오르는데도 아직도 지분가치는 3000억대 6년동안 투자했는데도 원금에도 못미쳐 차라리 삼성전자 주식을 샀어도 두배이상이다 투자하지마', '배당올려라 ᆢ']"
2018.08.29 17:06,651,kds1****,223.62.***.196,3,0,105500에 사서 털고 나갑니다 굿바이,"['한달뒤 두달뒤에도 이러고있을껄요 ㅋ', '어휴 팔길 잘했지', '님이 팔아서 내일부터 날아갈듯요^^', '잘가요~♥']"
2018.08.28 19:40,225,baha****,222.234.***.154,1,0,"주식투자자라면 당연히 해야 할 일을 하시기 바랍니다. 

본인이 내고 있는 국민연금이 자신이 투자한 회사에 공매도로 쓰인다면? 

본인이 낸 돈으로 공매도 세력을 돕는다? 기가 찰 노릇이겠죠? 

수익률도 개판인데, 국민연금이 보유한 주식을 대여한다굽쇼? 

이게 실화냐? 

더 이상 고양이에게 생선가게를 맡겨서는 안 됩니다.

다들 아시잖아요! 

우리 손으로 고양이 목에 방울을 달아보자고요. 

https://www1.president.go.kr/petitions/353707",[]
2018.08.28 10:39,317,id_s****,223.38.***.158,0,0,에라이 OOO ㅠㅠ,[]
2018.08.25 18:58,539,agjs****,211.36.***.196,0,0,한섬대주주인데 왜 이꼴임?ㅋㅋㅋㅋ,[]
2018.08.24 17:05,524,cujo****,121.131.***.159,4,0,https://kr.investing.com/news/economy-news/article-103557,"['현금이 많아서 근질근질한 모양이네...\n매년 천억이상 버니까, 머지않아 현금성 자산 1조 돌파 예정.\n자사주 매입도 안하고 배당도 짜고....\n이익은 최고수준인데 pbr 이 최저수준인 기가막힌 홈쇼핑 주..', 'Good 현대리바트는 백화점 에서사놓고 한화는 왜 애보고 사래']"
2018.08.24 08:52,257,zuku****,39.119.***.46,3,0,"소액주주의 힘을 보여주자고요
소액주주 무시하는 대주조 철퇴를~!!!!!",[]
2018.08.23 18:18,337,sy10****,117.111.***.71,3,0,방법 없나요?,['이런회사에 위임해서 적극반대햐야겠네요 국민연금도 반대하고']
2018.08.23 09:23,307,kjun****,175.223.***.252,0,0,"대쇼는

하락시키는게

이렇게

어렵슴니다 ~",[]
2018.08.22 13:42,364,iop0****,39.119.***.138,1,0,여기 세력들은 지저분한걸 좋아 하나보다 상당히 지저분하게 올라가네,['여긴 개미 주주들이 별로 없나봐요ㅋㅋ\n게시판 되게 조용하네요']
2018.08.22 10:00,341,good****,112.216.***.242,1,0,"https://www.irgo.co.kr/auto_con.asp?t_seq=15999
PDF원문보기로 확인하세요~


네이버 모바일의 뉴스.공시의 IR정보에서도 확인이 가능합니다.",[]
2018.08.21 09:22,412,id_s****,223.62.***.53,0,0,냉무,[]
2018.08.20 14:23,396,iop0****,39.119.***.138,1,0,바보다 바보야 이런 빙신을 계속 가지고 있는것이,[]
2018.08.20 10:47,609,hulk****,175.223.***.89,0,0,ㅇ?,"['돈썻잔아 당분간 배당이 적어지것쥬 ~', '장기적으로 좋겠지만 당장은 리바트랑 그린푸드가 혜택볼듯..\n연말가면 홈숑핑 지배이익이 잇으니 젤 좋아지겠죠', '홈쇼핑돈써서 현대그룹밀어주는데 홈쇼핑 주식이 오르겠습니까 !! 에혀', '그냥 침뱃고 튀어']"
2018.08.17 20:21,662,ik07****,112.168.***.47,0,1,"Baeksoo Oh Palace of Natural Endech for broadcasting to increase sales.

Will Hyundai Home Shopping keep a close eye on it?

Hyundai Home Shopping is also hoping to sell Baek-Soo Oh Palace for sales growth.","['내출혈앤도텍 이옆오피스 옜날폭포수처럼 주가떨어ㅕ서\n난리 피우더니.쩝. 거긴pbr을 너무올려브러 써었써', '모르면 넘어가도 됩니다.', '머라는고야 색히야']"
2018.08.17 18:10,486,sy10****,117.111.***.76,0,0,하여간 주가 상승하는방향으로 만 가도록~,[]
2018.08.17 17:29,454,ik07****,210.97.***.3,0,5,내츄럴엔도텍의 백수오 궁을 방송으로 내보내고 있는데 현대홈쇼핑은 두 눈 뜨고 지켜만 볼 건가요? 현대홈쇼핑도 매출 신장을 위해 백수오 궁 판매에 나섰으면 합니다.,['중국이 사드보복 한한령 이다 뭐다 울기업에는 불이익 주고 전기차 보조금도 중국업체만 지급 차별하는데 울나라 홈쇼핑 업체는 옷 신발 죄다 중국꺼갔다 팔고']
2018.08.17 15:33,442,iop0****,39.119.***.138,1,0,모기업인 백화점에서 사야지 돈도 없으면서 홈쇼핑에서 총대매고 폭락 시키냐 벙신들 같으니라구,[]
2018.08.17 15:18,266,ik07****,210.97.***.3,0,2,내츄럴엔도텍의 백수오 궁을 방송으로 내보내고 있는데 현대홈쇼핑은 두 눈 뜨고 지켜만 볼 건가요? 현대홈쇼핑도 매출 신장을 위해 백수오 궁 판매에 나섰으면 합니다.,[]
2018.08.17 15:10,312,soon****,175.223.***.85,0,0,"어제로 물량 매집끝났나?
대놓고 밀어버리네 ㅋ",[]
2018.08.17 14:34,281,3103****,223.33.***.30,0,0,아~~~~~~~~~~~~~~~~!!!!ㅋ.ㅋ,['???']
2018.08.17 12:28,569,kyou****,110.70.***.174,0,0,확정인가,[]
2018.08.17 12:06,476,iop0****,39.119.***.138,1,0,망했다 홈쇼핑 부도위험 수위 도달했나 ?,[]
2018.08.17 12:05,308,3103****,223.33.***.30,0,0,악아뤼~~~~!,[]
2018.08.17 11:45,370,3103****,223.33.***.30,0,0,에블바리~~~부쳐 핸즈업~~~!!!,[]
2018.08.17 11:25,575,yjo1****,112.187.***.113,0,1,종가보합,[]
2018.08.17 10:37,478,gaut****,1.253.***.34,0,1,어이없다,[]
2018.08.13 10:15,677,3103****,223.39.***.222,1,1,ㅡㅇㅡ,[]
2018.08.13 10:10,579,3103****,223.39.***.22,1,0,하방 ㅆ8,[]
2018.08.10 15:42,897,jsnu****,223.39.***.52,0,0,왜 장마감했는데도 발표를 안해?,"['발표했어요! 영업이익은 전년비17.3%오르고\n매출액은 조금떨어진듯하네요~~', '안좋으니깐 18']"
2018.08.09 15:58,453,jsnu****,223.39.***.3,0,0,주가는 왜케 호들갑이냐? 내부정보 빼돌린 쁘락치가 있어?,[]
2018.08.09 15:22,446,iop0****,182.230.***.12,1,1,다시 십만육천으로 내려갔다올것같다,['내일 아침 시초갸에 얼능 팔어유 ᆢ불안해 하지말구ㆍ내가 살게요ᆢ']
2018.08.07 13:26,606,soon****,121.138.***.35,0,1,"인가?
오늘 장이 말해주네 튀어라",[]
2018.08.02 10:46,846,zuku****,39.119.***.46,1,0,"실적발표 왜않하냐?
주가 다 망치고 있네
개짜증나네","['실적 좋아요?', '8.10 실적발표', '기다리거라...', '주담 전번 02 2143 2168']"
2018.08.01 16:03,420,3103****,223.33.***.103,0,0,애널들은 휴가 없나요?,[]
2018.08.01 13:13,409,bunn****,211.47.***.195,0,0,"오늘 장열리고 만주 정도 거래되었는데

매도 호가창에는 14천주가 매달려 있고.....이게 오늘 하루가 아니고 12시 기준으로 볼때 자주 있었을 거라 봅니다.

1주씩 간보기와 매매가 활발이 일어나는 것처럼 착시를 일으키고 있는게 문제요~ㅋ

일단 여기와서 물렸다하지 마시고

저런거 신고하시면 되요~

갠적으로 파킹거래도 의심도 되고~ 참 아쉬운 종목이네요~",[]
2018.08.01 13:13,401,ckt2****,175.124.***.141,0,1,"이제 11% 돌파~

스튜어디십코드 도입으로 배당성향 증대 기대해봅니다.ㅎㅎ",['11% 돌파해서 뭐해요~ㅋㅋㅋ연기금 11% 였을때 12만원 대였는데~ㅋㅋ 요근래 입성한 모양이네~']
2018.08.01 13:04,214,bunn****,211.47.***.195,0,0,"현대백화점 그룹주에서 온라인 강자는 명실공히 현대홈쇼핑(h몰포함)입죠

그리고 신세계도 무조건 무조건 무조건 온라인 이죠~ 롯데도 무조건 무조건 온라인이죠~ CJ도 GS도

그게 경쟁 유통업체의 상승동력인데

유독 현대백화점그룹주에선 괴상하게도 현대홈쇼핑을 헐값 만들어 놓고

주가 부양이나 역학관계를 골때리게 만들어 놨어요~

정교선이 누군지 아시나요? 경영이나 하나요? ㅋㅋㅋㅋㅋ",[]
2018.08.01 12:49,316,bunn****,211.47.***.195,0,0,"못오르게 누르는 까닭은 평단가를 낮추려고 주가 조작중이라고 추정하거든요~

작년말 부터 연기금이 팔기 시작했어요~

이유는 대주주변경이라는 이슈와 소문이 렌탈케어 적자랑 섞여서 기관쪽에 스며들어간것 같고

연기금은 그때부터 2% 정도 비중을 확 줄였더랬죠~ 거의 차트를 억지로 꺽어놨고..

근데 지금은 비중을 회복을 조금씩 하면서 싸게 담으려고 하고 있지요

비중을 회복해도 주가는 제자리? ㅋㅋ 비중을 늘리면서 주가를 부양시키는게 아니었어요~

여기 연기금 다루는 창구는 코리아에셋, 부국, 교보, 메리츠 등 작은 애들이예요

거기에 한국증권 창구를 사용하는 투자자문사들이 비중이 많아서 이참에

자전거래 돌리며 평단가 낮추고 있어요~

이거 꼴랑 1000주 걸어 놓아도 못올라가요~

신고하세요~

1주씩 또는 일정한 시간으로 아래호가로 던지는 것..동일한 주식수를 아래호가로 자동매도도 금지하고 있는 부분이고~

과도하게 허위 매도물량 걸어놓고 매매하는 것도 금지된 부분입죠~

거래량보다 많은 양을 호가창에 매도 걸어놓은 것은 흔치 않아요~ 근데 이 종목은 계속 그래요~ㅋ

결론 다 현대그린푸드 때문이고 정교선인지 뭔지 하는 인물 때문으로 잠정적으로 추정해 봅니다~ㅎ",[]
2018.08.01 11:42,165,3103****,180.70.***.183,1,0,"매출 두배 껑충! 이런기사 없냐? 시답지두않은 놈들....
ㅡㅡ",[]
2018.07.31 16:56,530,sy10****,221.145.***.219,1,0,"현재주가관리하고 있다고 아무근거 없이 성의없이 빈정거리듯이 대답함.주주를 우습게 취급함.
주식담당자 교체.강력희망
최소한의 현주가와 주주를 납득시킬만한 자질부족","['빈정거리듯했으면 한마디 날렷어야죠..ㅡ.ㅡ', '아예 방관이죠~', 'Good', '현재 주가 관리하고 있다면\n못 오르도록 관리하는 건가요..']"
2018.07.31 16:12,181,3103****,221.145.***.100,3,0,ㅡㅡ,[]
2018.07.31 14:10,222,jsnu****,125.140.***.196,2,0,위로든 아래로든 좀 터져라,['덥네 더워....']
2018.07.31 07:48,325,ckt2****,175.124.***.141,2,3,"전반적으로 유통업에서 가장 나은게 홈쇼핑임.

52시간규제나 최저임금도 피해있고

가격경쟁력도 있고, 향후엔 티비가 스마트티비. 즉 인터넷+티비 형태가 될 거기 때문에,

홈쇼핑이 가장 경쟁력 있는 유통채널이 될 것임.

그때되면 재평가가 이뤄질까? 그 전에 이뤄질까.ㅎㅎ

현금 9천억에 주식만 4천억 갖고 있고, 매년 영업익이 몇천억씩 버는 회사가 시총이 청산가치수준이라니...

조만간 저평가 해소될것임.","['맞는 말이지만.....조만간? ㅋㅋㅋ 여기 한국증권 창구를 비롯한 기관 병신들 수준으로 보아 조만간은 아닌걸로~ㅋ', '영업익 1000천억인데 뭔 몇 천억???']"
2018.07.29 03:54,526,3103****,116.124.***.131,0,2,ㅣ억넣고 3년만 썩혀라~아파트 한채는 나온다~,['요새 꼬라지 보면 묵은지만 될거같은데']
2018.07.28 12:45,414,grou****,118.41.***.205,0,2,적어도 내년엔 렌트 사업에서 적자가 줄겠지,[]
2018.07.27 11:37,388,3103****,223.33.***.226,1,1,홈쇼핑에서 우리같이 상품하나씩 주문합시다~,['주가 올라가면 세개 주문 할려고 그래는데 난']
2018.07.27 09:21,383,sy10****,117.111.***.219,0,0,냉무,"['졸라 좋은주식아님? 초 극 세사 저평까~', '국민연금이11%보유하고 있으면 이주식 괜찮은거 아니예요?', '이 주식 실적하고 관계없습니다..결산해보면 실적이 나쁜적 한번도 없었어요..\n매년 계속 1200억이상 이익나는데.. 주가는 계속 떨어졌지요..\n올해말 bps 141,000예상인데 이 주가면 pbr 0.7대 진입', '감사요^^', '작년에 8.10 잠정 8.14 확정 함 참고바람']"
2018.07.27 10:34,276,sy10****,117.111.***.219,2,0,"근데 이종목은 남들 오를때는 안가고,떨어질때는 같이 떨어져요.그리고 회사는 주가관리 전혀 안하네요ㆍ",['네~ 현대그린푸드가 대주주가 되고나서 더욱더 주가관리를 고의적으로 안합니다~']
2018.07.27 09:17,174,jsnu****,125.140.***.196,1,0,으휴....,[]
2018.07.26 15:53,210,hoon****,211.168.***.144,0,0,"이놈은 안가네요..현대백화점집안이 좀 능력이 딸리는 거 같아요...생긴거도 머리나쁘게 생겼던데...
주가 빠지면 이주식 홈쇼핑에서 라도 팔아줘야 되는거 아닌가요??",[]
2018.07.26 13:00,140,3103****,223.39.***.141,1,0,ㅡ.ㅡ,['심시맹? 나도 심시맹']
2018.07.23 10:43,364,3103****,180.70.***.183,0,0,십알,[]
2018.07.23 09:57,261,jsnu****,125.140.***.196,0,0,맨날 0% 대에서 왔다리 갔다리만 하네요?,[]
2018.07.20 15:11,424,3103****,223.33.***.59,0,0,ㅣ8,[]
2018.07.20 13:50,243,cryw****,175.223.***.120,0,0,"현대제철
스튜디오드래곤
셀트리온

뚜드려맞고 손절

ㅠ

내수주에서 생을 마감하겠노라고 왔다

신용몰빵인건 함정",[]
2018.07.20 11:35,211,jsnu****,223.39.***.227,0,1,의심의 여지없는 노답주식 ㅠㅠ,[]
2018.07.20 09:47,281,3103****,223.33.***.188,0,2,적당히 올리쟈...갸늠들아,[]
2018.07.19 14:02,290,3103****,223.62.***.238,0,0,주시기가 ?빠네.. ㅡㅡ,[]
2018.07.19 12:57,228,jsnu****,223.39.***.70,0,0,누가보면 황제주인줄 ㅋㅋㅋㅋㅋ,[]
2018.07.19 12:05,193,3103****,223.33.***.230,0,0,대피하라~~,[]
2018.07.19 11:14,186,flom****,202.14.***.162,0,0,밀당이란 원래 그런거다,"['힝 자기 너무해 ㅠㅠ', '잠시나마 설렛다 ㅅㅂ']"
2018.07.19 09:56,161,3103****,223.33.***.10,0,0,사랑합니다~~,['우리 사랑은 부울자앙나안♥♥']
2018.07.18 10:10,428,beau****,211.211.***.77,2,0,"이렇게 떨어질 이유가 없는거 같은데..
기관의 장난인지..","['기관이 장난 안치는 종목이 거의 없는게 우리나라 현실임...\n회사의 사소한 호재 악재를 이용 장기간에 걸처 반토막 내거나 몇배 올리죠.\n꾸준하게 1200억이상 계속 이익나는 회사를 장기간 정말 꾸준하게 떨어뜨림.', '신고하세요~ㅎㅎ 장난질입니다~', '개삽질중...개관', '저도 그렇게 생각해요. 근데 떨어지는게 장난같아서요.']"
2018.07.17 14:20,317,3103****,223.39.***.38,6,1,ㅅㅂ,['じょうかたですか? 私もそうです。']
2018.07.16 13:18,331,sy10****,117.111.***.30,0,2,냉무,[]
2018.07.16 09:05,341,jsnu****,125.140.***.196,0,0,"컨센서스는 비슷한거같은데 어닝쇼크야 뭐야??
작년 동분기 이맘때 135000 인데 지금 왜 이모양 이꼬라지임?
소득주도성장해서 내수 좋아야하는거 아니냐?
진짜 얘는 알다가도 모르겠다",['올해 말 bps 14만원 넘음...\n실적 어쩌고 하면서 주가 아무리 눌러봤자...매년 안정적으로 1200억 이상 벌고 있고..\n시간이 가면 갈수록 점점 더 저평가 되고 ...누르는데 한계가...........']
2018.07.13 15:05,564,jsnu****,223.39.***.183,0,1,회사 공중분해하고 뿜빠이나 하게들~,[]
2018.07.13 10:26,266,jsnu****,223.39.***.191,0,2,T T,[]
2018.07.10 09:08,764,jsnu****,125.140.***.196,1,0,얘만 이러네 참나...,"['주당 500 원 이익중인데 시간이 아까워서', '19만원 고점에서 5년째 떨어졌음 10년전가격.... 순이익은 높은데 pbr 1 안되는 유일한 홈쇼핑주.\n5년동안 6000억은 더 벌었을텐데...주가는 반토막...\n렌탈적자 반영하고도 이익 최고수준인데...렌탈 핑게대고 이넘만 죽어라 안오름..', '왜요?지금 수익중인데 벌서2천원 올랏어요 고점에서 좀사지마세요']"
2018.07.08 18:43,593,gwtk****,58.228.***.254,2,1,"월평균 신규 가입 계정수 2만계정 돌파
월평균 신규 가입 계정수가 1만계정이면 규모의 경제에 접어든 것으로,
월평균 신규 가입 계정수가 2만계정이면 렌탈기업으로 본격 확장기에 진입한 것으로 인식된다는군요~ ^0^

올해 신규가입계정수만 16만계정에 이를것 이라고합니다
작년의 두배정도 신규가입 실적라는군요

조금만 기다리면 좋은일이 생길듯 합니다 ㅎㅎㅎ",[]
2018.07.03 15:06,517,sy10****,117.111.***.8,0,1,공매도가 있는 한 한국증시 희망 없네요,[]
2018.07.02 20:14,385,gwtk****,58.228.***.254,2,0,"개투의 조급증이 극에 달했네요
기다리지 못하고
원금오면 팔아치우는 조급함
요즘 주구장창 개투만 매도하는데
오늘도 매도는 개투만...안습..",[]
2018.06.29 23:44,772,bunn****,223.62.***.216,1,0,헌재판결 어제 나왔는데 승소했네여. 백수오관련해서 영업정지 명령의 효력은 엔딩이요.,[]
2018.06.29 16:57,280,jsnu****,223.62.***.250,0,0,지지부진하노,[]
2018.06.27 16:58,475,sy10****,117.111.***.35,0,1,냉무,['Cj오쇼핑이 부럽네ᆢ']
2018.06.26 21:28,258,kds1****,223.33.***.110,0,0,인정?!,['힝 노쨈 ㅠㅠ']
2018.06.26 10:17,226,jsnu****,125.140.***.196,0,0,"하루해가 집니다 뿅

노잼 ㅠㅠ",[]
2018.06.25 13:35,300,jsnu****,223.39.***.95,0,0,패션 섬유주는 방방 뛰던데,[]
2018.06.22 09:47,595,jsnu****,223.62.***.44,0,0,알다가도 모르겠구나,"['트릭 입니다 ㅋㅋㅋㅋㅋ', '요즘 정말 모르겠어요']"
2018.06.20 13:46,493,wlqh****,117.111.***.212,1,0,ㅡㅡ,[]
2018.06.19 10:11,716,jsnu****,125.140.***.196,0,1,?,"['오른 이유는 몇가지가 있음....제일 영향 있는거는 현대렌탈케어가 5월 추가 계정수가 1만8천개 상승으로 계정수18만이 넘었다는거.....20만 계정수면 그때부터(아마3분기부터) 흑전가능함...렌탈케어가 오른 가장 큰 이유이고..그다음 2분기 실적이 전년대비 상승할 가능성이 많다고 보고 있음.', '내수주', '아마도 태국마사지 사업 진출 ㅋㅋㅋ']"
2018.06.18 10:27,701,jsnu****,125.140.***.196,0,0,아침에 보고 실망했는데 띠용?,['아침에 아 ㅅㅂ했는데 띠용!!']
2018.06.04 20:42,1750,ds72****,211.180.***.188,2,3,ㅎㅎ,[]
2018.05.30 12:58,1519,fren****,218.154.***.185,4,3,"2분기 실적 나올때까지 기다린다면 13만원 근처까지는 갈꺼라고 판단됨...월드컵 수혜를 크게는 받지 않겠지만 받는거는 확실하니까 2분기 실적은 전년대비 월등히 상승할듯....2분기 실적은 영익 300억 넘긴다고 예상하니까 기다려보는것이 맞다고 판단됨..

현재 주가 내리는것보면 팔려는 의도보다 가격을 낮추으려 의도가 다분함...내릴때보면 1~2천주 순간적으로 매수호가창에서 빼고 200~400 밑으로 던져서 빼는거 봐서 물량을 주도하는 세력이 있는듯...103000원 찍고 다시 올라가지 않을까 판단됨",['밑장빼고 던지기 나도 봤음 ㅋㅋㅋ']
2018.05.28 20:39,850,poop****,110.13.***.172,1,4,"대북 경협주...
경제협력 수혜주..
상한가..",[]
2018.05.28 14:43,463,boil****,49.165.***.101,0,3,북한에 홈쇼핑할지아남유 그럼 중국과가까우니 중국에 직통으로 판매할수도 정은이랑 야그함해주지,[]
2018.05.25 11:04,503,kds1****,223.39.***.175,1,0,존버정신! 숙5,[]
2018.05.21 11:33,788,baha****,222.234.***.154,0,1,"작금의 상황은 적폐세력과 그 주구들이 아예 대놓고 막가자는 상황입니다.

버젓이 범죄를 저절러놓고 외려 큰소리치고 그 주구들이 개노릇을마다하지 않고 금융모피아 세력의 정점이 금융위원장 최종구를 필두로 발악을하고있습니다.

이러한 상황에 내 안위와 편함을 위해 침묵한다는것은 저들과 다름이 없습니다.

금요일(25일) 저들의 숨통을 끊어 놓아야합니다.
우리가 개 돼지가 아니라는것을 똑똑히 보여줘야합니다.

집회일정
일자.
5/ 25일 오전 9시부터 저녁 9시까지.(시간별 진행)
1. 오전 9시~ 12시 까지 1인집회 (최소 30명 참여 요청)
2. 정오 12시~ 4시 까지 사전집회 300명~400명참여 요청
(장소는 정부청사 후문, 집회신고완료)
3. 오후 4시~ 저녁9시 본집회 정부청사옆 세종로공원및인도 1000명이상 집회가능 집회신고 완료)

이제 우리 주주님들이 많이 도와주시고 행동으로 동참해주셔야 합니다.",['똥싸는 소리하고있네 삼바가 주식이냐?']
2018.05.19 00:24,851,dys0****,125.190.***.233,9,2,다들 알고있고 알아서 잘 하겠지만 그래도 힘내저,[]
2018.05.18 17:46,605,1191****,61.85.***.76,3,0,월욜입성!,[]
2018.05.13 16:43,541,zuku****,59.26.***.246,2,0,"렌탈 적자로 누르고
렌탈 매출은 폭등하고

자 이제 렌탈 매출은 폭등하는데
어떻게 될려나?
재미있네~",[]
2018.05.10 17:17,459,sy10****,117.111.***.132,4,0,타종목 들은 잘 가는데.너는 언제 갈래?,['홈쇼핑 불기둥은 언제 오려는지 ᆢ']
2018.05.10 16:08,539,fren****,121.144.***.168,0,0,공매도 공매도 하는거지///도통 이해를 못하겠네.ㅋ,"['시가총액 1조3000억인데 106억 대차잔고는 엄청 작은거죠.....', '106억이면 진짜 어마어마하네요 공매도 나쁜 시키들 어휴', '지금 찾아 보니...... 대차잔고 약9만7천주(106억정도) .. 1%조금 안됨']"
2018.05.10 10:52,395,sens****,223.62.***.216,2,0,쓰레기들,[]
2018.05.10 09:38,385,good****,210.101.***.66,0,0,"http://m.stock.naver.com/item/main.nhn#/stocks/057050/ir/BOARD14326

원문보기로 확인해보세요.",[]
2018.05.08 17:56,431,kbok****,223.62.***.104,2,2,얼마나... 증권사들 애를써내,[]
2018.05.08 12:27,583,sens****,223.62.***.201,1,2,그래야 올라갑니다 못올라갈 이유가 없죠,[]
2018.05.08 08:05,433,happ****,125.181.***.20,2,1,속지마세요,[]
2018.05.04 23:34,657,7506****,218.153.***.214,1,0,"지금 와서 보니 댓글 없어졌네.

삭제하고 어디 가셨나?? ㅋㅋㅋㅋ",[]
2018.05.04 17:52,421,kbok****,223.33.***.7,3,0,2분기는 주담 렌탈많이 개선된다내요,[]
2018.05.04 17:11,451,sens****,223.62.***.234,5,0,전년동기에 일회성 이익인 경정청구 환급금 79억원 제외하면 영업이익 3.0% 상승이네요.,[]
2018.05.04 17:02,539,kbok****,223.33.***.7,4,0,작년 79억 돈들어온것빼면 작년1분기보다 좋내요,"['작년 79억환급금제외하고 3프로성장인데 올해 회계기준변경으로 이번1분기 20억적게나옴요ㅋ 이거포함시 8프로고성장! 취급고가 3프로성장했는데 이익이 8프로인게 암시하는게크죠ㅎㅎ', '컨센미라고 하던데.어찌 되는건지?']"
2018.05.04 14:39,361,seji****,211.187.***.222,0,1,한심,[]
2018.05.03 12:36,338,7506****,218.153.***.214,1,0,여기 왜이리 조용함?? 실적 X망인거야?? 좋을거 같아보이는데... 전망도 그리 나쁘지 않은것 같구만 왜이리 엄숙하냐??,[]
2018.05.02 22:33,379,wndn****,1.241.***.188,2,1,"4/20날부터 하루도 안쉬고~
계속 매수세중~이네요!!
낼모래 실적이~아마도~^^",[]
2018.04.30 14:41,925,63pa****,223.33.***.35,5,2,북한에서 홈쇼핑 주문한다,[]
2018.04.30 10:59,632,radi****,1.244.***.130,0,1,"오전 영업끝..
오후에 매수하고 가달리면 됩니다",['ㅋ']
2018.04.27 16:07,982,fren****,121.144.***.168,2,2,cj오쇼핑 실적 잘나왔던데....겨울제품 많이 팔려던데....현대홈쇼핑도 겨울제품 많이 팔지 않았을까? 근데 현대렌탈케어가 문제이기는 한데....적자만 살짝 줄어드면 가능성 있어보이는데....5월초쯤 하려나 실적발표?,"['렌탈 적자가 줄어들었다는 말은 신빙성이 없는데...계속 증가 추세고...현재 1분기때 렌탈 증가했어 비용이 많이 들어갔을텐데..렌탈 적자가 더 늘어나지만 않는다면 좋을텐데.', '렌탈 적자는 줄어들고있답니다', '5월10일날 하더라고요 현대렌탈은 적자가더늘었겠죠 돈써야 렌탈을 해주죠']"
2018.04.27 07:59,892,radi****,39.7.***.22,3,0,"10시전 1,000천 오르면
무조건 매도 후 13시 이후 재매수!!","['요즘 이 주식이 많이 올랐나??\n왜 이리 빌빌대죠??', '1%먹기도 힘드네 세금빼면', '단타로는 돈못버는데', '증권거래세도 안나오겠다']"
2018.04.26 15:32,584,radi****,175.223.***.229,2,0,"맨날 요지랄이냐..
니미!!",[]
2018.04.25 11:07,488,dys0****,125.190.***.233,1,1,이거 108000원 되면 팍 뛸 것 같은데,[]
2018.04.20 10:06,759,radi****,124.28.***.235,5,1,"금일도 106,500찍고 낙마 예정",[]
2018.04.19 18:00,658,dana****,119.75.***.108,2,2,"통일 한국 북한 개발 범현대그룹주 수요 폭발 주가 폭등 북한홈쇼핑 점령하자`~~
가즈아~~~~~
북한 홈쇼핑 점령하자 ~~~",['북한은 TV보급율이 높나요??']
2018.04.19 17:57,521,hany****,39.7.***.1,2,1,"현대가 오늘 죄다 올랐다. 홈쇼핑만 빼고 ^^ㅗ

통일되면 홈쇼핑도 대박이다.

현대 북한에서 가장 좋아하는 기업 1위 ^^

낼은 대북주로 엮인다~ 날라간데이~~

북한 렌탈사업 진출 모색 ~> 기사좀 뿌려랑~~",['현대백화점은 오히려떨어졌어요']
2018.04.19 14:20,379,fren****,218.154.***.20,2,1,12만원 위에서 대부분 물량 사놓고 10만원 초반에 다 팔네...로스컷 물량이야?머야? 10일동안 연속 팔았네.ㅠ 기금아 좀 참고 존버 좀해라...또 공매한테 빌려줬냐?,[]
2018.04.19 13:42,406,radi****,175.223.***.208,0,0,니가 갑이다..,[]
2018.04.19 13:29,327,fren****,218.154.***.20,1,2,음...좋은 징조인것 같은데...이제 슬슬 올라가려나,"['3일전부터 많아진걸로 알고 있는데 그전에는 위에 백단위였는데 3일전부터 매물 쌓아놓기 시작하던데...원래 이러다가 대부분 잡아먹고 상승하던데...한달정도 지나면 알 수 있을듯', '계속 많았음']"
2018.04.18 14:12,663,radi****,175.223.***.102,7,1,니가 이겼다..,"['오늘은 이겨라~', '뭐같다']"
2018.04.17 17:58,608,baha****,222.234.***.154,3,1,"삼성증권 위조증권 사태 영업정지 및 수사촉구 촛불집회 확정 공지 합니다.

일시
2018년 4월 20일(금) 오후 5시 ~8시
2018년 4월 21일(토) 오후 2시 ~6시

장소
여의도 금융감독원 본사 건물앞
(영등포구 여의대로 38)

이나라 금융적폐세력을 몰아낼수있는 마지막 기회입니다.
행동하는 양심만이 세상을 바꿀수 있습니다.

대한민국 700만 개미와 가족이 모일수있도록 많이 퍼날라주십시오.

저넘들이 또 어물쩍 넘어갈려고 합니다.

10만이상이 촛불로 우리가 개 돼지가 아니한걸 보여줘야합니다.",[]
2018.04.17 08:54,624,radi****,124.28.***.235,2,0,오늘도 지루한 하루가 시작합니다,[]
2018.04.16 10:39,664,radi****,124.28.***.235,3,0,"가망이 없다..
맨날 죽은 자식 불알 만져봐야 소용없음..",[]
2018.04.13 08:26,655,radi****,124.28.***.235,2,0,"첩첩산중 이구나..
넘사벽이로세..
니미럴!!","['게시판은 그냥 게시판일뿐~ 공매도가 기승을 부리는 까닭은 만만하니까~ 그리고 신용쓰니까~ ㅎㅎ 신용금지~', '이 종목은 걍 외인 마음대로임...외인이 네이버 게시판이나 보고 있겠어요...걍 여기는 기다리면서 노는 공간...몇년째 네이버에서 놀고 있지만...좋다고 했어 오른적 없고 안좋다고 했어 내린적 없음...걍 주가는 실적이나 모멘텀 따라 가는거지.', '개인들이 너무 이 주식에 자만하면서 헐값이라고 하니 기관과 외국인이 공매도로 하락시키는 것임', '허위매도물량 걸어두고 아래로 밀것처럼 하네요~ 공매도 치고 디펜스물량이라고 봄~', '원래 호가창이 저렇게 되야지...올라간 확률이 높음...왜냐하면 호가창 누르는 세력이 존재하고 있다는 증거니까...시간이 걸리겠지만 올라가는건 딱봐도 보임.ㅋ']"
2018.04.12 12:31,762,fren****,218.154.***.20,7,3,"떨어질 수도 있다...하지만 이 가격대가 비싸다고 생각하면 주식 그만둬야 한다...난 이 종목 1분기 실적 이후에 올라갈꺼라고 판단된다..이번에는 가능성이 높다....현대렌탈케어만 본전만 해준다면 더더욱 빠르게 올라갈것이다..근데 근거는? 크게 세가지가 있다..

첫째, 중국등 국내 지분법 손실본 자산 상각처리했어 이제 지분법 손실에 대한 영향력은 제한적이기 때문이다...

둘째, 배당확대 가능성이 높다...현대 그린푸드 띄우려면 현대 홈쇼핑에서 많이 빼 먹어야 하기 때문이다..또한 정씨 일가 지분이 없기 때문에 배당확대 측면을 유리하게 고려될 수 있기 때문이다.

셋째, 기관 물량이 거의 바닥이다....지표 기관물량보면 이제 판놈들은 거의 다 매도한것으로 보인다...다만 약간의 물량이 더 나올 수도 있지만 신영이나 이런 기관들은 긍정적으로 보고 있기 때문에 팔지는 않을꺼라 판단됨...외인은 걍 16년 1월 수급 저점을 찍고 계속 매수하는 패턴....현재 매수매도하지만 평시 거래인걸로 보임

실적을 제외하더라도 이 세가지만으로도 일정부분 주가 회복은 가능하다고 본다...여기에 현대렌탈케어만 받쳐주면 20만원이 꿈이 아닌다.ㅋ","['주식초본가...실적은 주가에 3~6개월\n선반영이야... 겨울에\n많이\n팔릴거다~ 생각해서 6~9월에 심리가 먼저 반영되는게 일반적임... 저점돌파 후 공구리치고 개미 털어냈으니 반등자리긴 해', '현홈같은 종목은 거래량이나 재료보다는 오로지\n기관의 움직임에 의해 좌지우지 됨~\n\n내수주는 주포가 외인이 아니라 기관임\n대부분 그렇더라고요\n\n그니까 기관이 다시 서서히 매수전환 해주면\n그때부턴 진짜 목표가까진 신경안쓰고 떡~ 하니\n기둘리기만 하면 되는 상황인거임\n\n근데 요즘 며칠관 기관 매도세가 줄었긴한데\n공매만 살짝 꺾여주면 바닥은 찍을걸로 예상됨~', '그건 그래요...유령주식.ㅠ 근데 거의 2년간 추세적으로 매도해온 기관들의 물량이 바닥인듯....현대렌탈케어때문인걸로 보이는데...이제 올해 아니면 내년부터는 현대렌탈케어 부분도 흑자로 돌아설듯...원래 렌탈 사업이 2~4년 정도는 투자를 해야 하니까...15년부터 시작했으니까 올해 아니면 내년쯤 흑자 가능할듯.', '근데 기관들은 주식없어도 매도가능 하잔아요']"
2018.04.12 11:13,494,bunn****,49.142.***.171,0,1,"회사도 사람 인생이랑 다를게 없네요~

그 부정적인 편견들을 하나둘씩 극복하니 달리 보이네요

결국에는

현대렌탈케어를 팔라고 했던 몇몇 기관들은 틀렸다 입니다~

그들은 다 팔고 나갔겠지만 ㅋㅋㅋ","['지금 공기청정기도 대박이지만 B2B 개시한다네요~ 당연한 수순이지만 시기가 적절하네요~', '공기청정기로 いけ~!']"
2018.04.12 10:16,344,nams****,121.190.***.62,3,0,"외국인은 매도하고~~~
조금 더 하락할 가능성도 있겠네요~~ 103000원 정도 까지~~
손실중이지만 기다리는 것이 최상의 방법~~
언젠가는 상승하겠죠~~",['내가 지금 억 넘게 매수해서 그리 나오나보네']
2018.04.10 16:03,584,kikl****,83.110.***.196,6,2,"경영진은 무증이나 액면분할 등을 고민해 볼 필요가 있음.

거래량이 적으니 주가 왜곡현상도 심함.

인정하면 추천 꾹!!!","['판단은 시장이 하겠지요\n기관의 수급이 돌아서지 않는다면 힘들어보이네요', '사내유보금으로 점진적으로 크게 쏠거라 봅니다~ 이제 슬슬 렌탈케어가 살아난다는 뉴스가 있고~살아나면 유보금의 렌탈케어 추가유증도 없기 때문에 배당증가와 주가에 힘을 실어줄거예요 아마도', '문제는 사내유보금이 1조원이 넘쳐나는데고 불구하고 쥐꼬리 배당을 하는 현대홈쇼핑!!!', 'ㅋㅋ 난 반대임~ cj오쇼핑이나 gs홈쇼핑 처럼 20만원대 유지 및 유통물량 감소로 배당금 증익에 유리한 여건 선호~']"
2018.04.10 14:57,405,fren****,218.154.***.20,1,1,현대그린푸드 띄워야 하겠지...그럼 현대홈쇼핑 주가 개 엉망되면 안되겠지? 너로 정했다...이번 상반기 수익종목으로~~~,['똑똑하시네~']
2018.04.10 14:45,331,kikl****,83.110.***.196,1,0,"아직까지 올릴마음이 없나봅니다.

지루한 시간과의 싸움인데...........

딴놈들은 다 날아가니..........

이것이 문제로세.........",['가치투자는 3년정도 ㅋ']
2018.04.10 14:17,445,kds1****,223.39.***.108,0,1,1300주,['대다나다']
2018.04.10 11:54,373,dys0****,125.190.***.233,0,1,오를거다,"['20년 뒤에요........연락왔습니다.ㅋㅋㅋㅋㅋㅋ', '언제쯤...?']"
2018.04.08 14:47,612,kbok****,223.62.***.85,2,0,"공매도 금지하면 현대홈쇼핑도 자리?아갈텐데
현대렌탈케어 공기청정기 사용 마니하구
정수기도 많이대여한다는데
1분기 실적도 좋다하구",[]
2018.04.07 13:20,569,love****,223.62.***.67,4,1,"삼증 사건으로 드디어 이나라 금융적폐 세력의 민낯을 드러낼수있는 절호의 기회가 왔습니다.  

700만 소액주주의 힘을 모아서 저넘들 모조리 쓸어버려야 합니다.  

명분은 차고 넘칩니다.  

주주연대 대응방안.  

1. 청와대 청원에 모두 동참해주시고 타종목 게시판에도 동참 호소해주세요.  
https://www1.president.go.kr/petitions/187633


2. 다음주 월요일에 금감원 관할 영등포 경찰서에 집회신고 접수하겠습니다.  

3. 집회를 위한 T/F팀 구성및 추진계획수립하겠습니다.  

4. 청와대 청원에 대한 답변과 다음주에 금감원 자본시장 감독국 방문해서 조사요청하겠습니다.  

답변이 미진할경우 집회개최합니다.  

집회일정은 아래와같습니다.  

5. 4/20(금) 21(토) 2회 여의도 금감원앞에서 촛불집회  
2회 실시후에도 적극 대응이 없을경우 매주 개최여부도 논의하겠습니다.  

위 내용을 모든 주식 토론방에 퍼날라주시고  
타종목 주주님들께도 희망나눔 홈피 주주연대 토론방 안내 부탁드립니다.  
그곳에서 힘을모아 추진하는것이 바람직해 보입니다.  
hopeon.or.kr  

===============================  
[삼성증권 IT 개발자 폭로글]  

- 마우스 클릭으로 1000배 주식 발행 가능  
- 상장 주식 수 8930만주 초과해도 데이터 무결성 검증 없음  
- 저 시스템 상으로는 클릭질로 1000배, 만배, 10만배, 100만배 가짜주식 발행해 공매도 가능  

현직 IT 개발자 폭로글  
https://brunch.co.kr/@babouncle/92  


============================  

네이키드 공매도 헛점!  
우리나라에서 네이키드 공매도 안된다고 하죠?  
근데 가능합니다. 왜일까요?  

일단 대차를 여러번 하면 대차체결이 산술적으로 누적되어 오차가 생기는것은 많은 분들이 알고 계십니다.  

그러니까 10만주를 A가 B에게 그리고 다시 C에게 대차를 하면 총 대차량은 누계가 되는거죠. 근데 왜 쓸데없이 이런짓을 할까요? 그냥 대차를 누적시켜 개인들에게 겁주려고? 실제로 외인들의 대차와 차입통계를 보면 지들끼리 북치고 장구 치는거 볼수 있습니다.  

왜 그럴까요? 정말 겁주려고? 그게 아닙니다.  

우리나라 대차 시스템 참 웃깁니다.  

예를들어 보겠습니다. A가 B에게 10만주를 대차를 하게됩니다. 이러면 A는 주식에 대한 모든 권리는 B에게 양도됩니다. 담보대출로 잡힌 주식이든 대주주의 주식이든 대차를 하면 의결권을 포함한 모든 권리가 B에게 가죠. 대주주가 저런식으로 하면 공시대상이 됩니다. 그 이야긴 A는 주식이 하나도 없다 라는겁니다.  

그럼 B는 빌린 주식으로 매도를 칠수 있습니다. 이때 전산에서 차입공매를 선택합니다. 이러면 매도1호가에 매물을 걸수 있습니다. 전산에서 밑으로 칠수없게 해놨죠.  

A의 주식을 B가 가져갔고 이를 가지고 공매도 칩니다. 정상적이죠.  

근데 삼성 신한 대우 등등 우리가 눈에 보이는 증권사들은 어떤지 아십니까?  

A가 B에게 10만주를 빌려주면 B만 칠수 있어야 하는데 A의 계좌에도 10만주가 그대로 있습니다. 일명 매도 리콜이 가능한거죠. 무슨말이냐면 A가 10만주를 빌려줬음에도 계좌에 남아있고 이를 매도가 가능하다는 이야기 입니다.  

자....  

A->B->C->D->E 이런식으로 4단계 세탁을 했다고 보겠습니다.  

최종 E는 실물 10만주를 가지고 있지만 A,B,C,D는 실물이 없습니다. 근데 매도가 됩니다. 매도리콜의 형식으로 말입니다. 이러면 10만주가지고 시장에 40만주 없던 물량이 쏟아지게 됩니다. 이게 네이키드입니다.  

매도리콜을 할경우 그 물량은 수도결재일 이내 중계한 증권사의 대차풀에서 가져와 메꿉니다. 더벨의 기사내용과 같죠. 근데 대차풀의 자기물량이 가장먼저 결재되어야 하는데 이 기준도 증권사 재량입니다. 지들 멋대로에요. 자기들끼리 북치고 장구치면 자기들 물량이 대차풀에서 가장 먼저 체결되게 할수도 있습니다.  

같은 창구 .. 그러니까 삼성증권이나 신한계좌로 하루종일 매도하다가 갑자기 매수해서 수량 맞추는거 많이들 보셨죠? 매도리콜형식으로 매도한거 그날 메꿔버리면 그냥 그걸로 끝입니다. 장 종료하기전에 수량 다시 채워넣으면 리콜되지 않습니다. 깨는거죠!  


====================  

공매도가 극성을 부리는 종목.  

셀트리온.LG 전자. LG디스플레이. 하이닉스.  

모두.삼성과 대척점에 있습니다.  

갑시다. 청원하러  

https://www1.president.go.kr/petitions/187633",[]
2018.04.06 12:50,648,sy10****,221.145.***.219,2,0,냉무,[]
2018.04.05 20:02,878,kbok****,223.33.***.53,1,1,지분추가늘리려고 앞으로 매수좀하려나...,[]
2018.04.05 18:13,947,gwtk****,211.179.***.227,5,0,"지배구조개선작업 완료되었으니
기업이미지 나아지고
주가도 회복하겠구만
불확실성 해소되었네
혹시 매도세금 줄이려고 여태 눌러댄겨??
이제 기다리마~~
존버다","['이제 현대그린푸드가 주가가 오르려면 현대홈쇼핑 주가를 관리해야 할겁니다~', '현대 글로비스를 보삼....ㅎ', '이거 할려구 19만원 짜리를 요러콤 누른겨...나쁜쎄리들...ㅠㅠ\n암튼 다실 돌려 놔라 ...콱..마.....']"
2018.04.04 13:52,512,sunw****,59.1.***.201,0,1,"입성

4%만 먹고 나갈게요~","['ㅋㅋㅋ', '꼭이요 중간에 손절 마시고']"
2018.04.03 15:11,611,radi****,124.28.***.235,1,1,"매일 암 가입보험만 방송하더니..
주주들 모두 암걸리겠다..
매출 방법도 가지가지한다..",[]
2018.03.30 13:11,628,mcgr****,220.125.***.58,0,0,여기서 포기 하지마세요.,[]
2018.03.30 10:03,482,radi****,110.70.***.145,1,0,"6000원대는 넘사벽이네..
DMZ수준이네..",['가려고 하면 금방가요^^']
2018.03.29 11:26,656,kds1****,223.33.***.151,1,0,가자자자ㅏ잦,"['12만원만 가면...만세하고 나오겠음', '아쉬운대로 13만원대라도^^']"
2018.03.29 09:17,475,radi****,110.70.***.198,0,0,지루한 하루가 시작되는군!!!,[]
2018.03.29 08:28,533,sy10****,211.36.***.17,1,0,"합병.인적분할.지주회사 이런거 안하냐?
주가 좀 신경써라~",['경영진은 공매도와 전쟁을 선포하라~']
2018.03.26 20:05,580,sy10****,211.36.***.169,1,0,미친척하고?어떻게 하면 상 가죠? Cj나 gs에 합병하면 상 가려나? ?,[]
2018.03.26 10:50,481,radi****,175.223.***.160,2,0,"여전히 혼자 열심히 삽질 하는군!!
이러다 유전 나오겠다..
조만간 홈쇼핑에서 기름팔겠네","['10만 안 깨지면 무조건 수익남..', 'ㅎㅎ']"
2018.03.23 13:39,519,74js****,73.20.***.98,8,0,"이 놈들 완전 도둑놈 심보 아닌가?

성장을 못했으면 그리고 성장을 할 자신이 없으면. 주주들에게 유보금이라도 ?어 내야지.

돈만 움켜쥐고 있냐? 병신들 아닌가? 자본을 효율적으로 할 자신이 없으면 주주들에게 배당 많이 해야지.

무슨 현금 많은게 자랑이냐? 돈 있으면 뭐해...할껏이 없는데...그냥 전산에 종이로 기록되어있는거지.

꿈이 있어야 할것 아니냐? 다 물러나라 경영진...지금 3년째 이러고 있잖냐?

주식도 돈많은 보다 돈없고 꿈있는 놈들이 훨씬 인기 많코. 그사람들이 결국 현실로 만든다.

가치투자한답시고...몇년째 묵힌 병신들은 운전할때도 룸밀러로 뒤만 보면서 투자잘한다고 믿을껴....

앞을 봐야 경치 아름다움것도 느끼지..과거속에서만 사는놈들은 희망이 없다.

100년간 홈쇼핑만 해라....카멜레온 처럼 환경 변화에 순응못하면...정씨 일가 니네들도 100억짜리 빌딩 주인이나 되어

만족하라.~~!!!",['경영진이 넘 무능해요.내가 해도 이 보다는 더 잘할거요ᆢ']
2018.03.23 12:51,361,nams****,121.190.***.62,3,0,"누군가가 매수하여 값을 올리려 하면 못오르게 아래 가격에 계속 공매도 치는 인간들이 많네요
아마 틀림없이 기관들의 장난이겠지요.....
개인은 죽든 살든 증권사 등 기관만 개인들 피 빨아 먹으며 돈 벌도록 공매도를 허용한 정부....
대단하군요","['맞아요. 허수성 매도랑 같이 하는게 노골적이네요', '맞아요.천벌 받을넘들여.지눈에 피눈물 나오길 빕니다~']"
2018.03.23 12:22,354,sy10****,211.36.***.99,0,0,"52주 최저가는 왔는데,52주 최고가는 언제 올런지 ?",[]
2018.03.22 08:52,598,nams****,121.190.***.62,6,0,"코미디 빅리그 출연 등으로 판매전략 세우고 주가를 상승시키고 있는데
현대홈쇼핑은 도대체 무얼 하고 있는지 정말 한심하군~~","['미친ㅋㅋㅋㅋㅋ 합작한 cj e&m이나 오쇼핑이나 하락중인데 무슨 ㅋㅋㅋ', '현대백화점 그룹 주식들 모두모두 망가지는구나~~\n한심한 경영진들...']"
2018.03.21 14:03,402,berr****,175.223.***.180,1,0,"현대홈?핑도 만만찮네... 어휴...
어떤 분이 하도 여기저기 열심히 홍보하고 다니시길래 와봤더니...",['성격 느긋한 분들만 오세요~~~^^']
2018.03.21 11:29,306,radi****,175.223.***.90,1,0,"매일 주구장창 파네..
조만간 피똥 쌀날 온다..",[]
2018.03.21 10:04,370,bunn****,49.142.***.171,2,0,"106,000 부터 104,000 까지 누군지 모르지만 장 시작부터 쭉 깔아놓은 허위매도량으로 보이네요~

저 구간에 공매도를 쳤다는 이야기죠~ 저거 물량 쌓으면서 못 올라오게 디펜딩중이고

물량 던져서 수익채워가는 중일 겁니다~

저거 깨지면 치솟을 확률 높아요~

공매도에 억울하시고 손해보신분은 신고하시면 됩니다~ 한국거래소~ㅎㅎ",[]
2018.03.21 09:38,418,radi****,175.223.***.90,1,0,그지같은 주식 빨간불이다..,[]
2018.03.21 08:35,445,radi****,175.223.***.90,2,0,"보아하니 금일도 삽질예상!!
두더지 같은 주식!!
닝기미!!",[]
2018.03.20 23:45,320,alli****,203.236.***.38,1,4,"안녕, 꿈꾸는 개투들,,, 꿈도 야무지다, 꿈은 사라지고 바람에 날리는 허망, 어디까지 왔나..? 춘몽",['드디어 알바 왔구나 당신이 쓴 다른 게시판 글은 지우고 쓰세요... 무식한건 자랑이 아닙니다.']
2018.03.20 16:58,617,78lm****,116.37.***.179,7,1,"이가격대가 아직 높아보여 더 빠지고 9만원대 오면 사려다 매수 못할 수도 있습니다.
언제일지는 모르나 상승으로 분위기 바뀌면 순식간 입니다.
작년(2017년) 3월24일 및 3월27일 참고하시면 무슨 얘기인지 아실겁니다.

이가격 비싸다고 생각하시는 분은 매수목표가 올때까지 기다리시고,
더빠졌다가 갈수도 있지만 최저가에 매수하려다 매수못할수 있기에 저는 어제 다시 추매했습니다.
평단은 낮아졌지만 주식수가 어마어마해졌습니다.
며칠전 글에 기관 매도세 심상치 않다고 했는데,
정말 밉상일정도로 팔아치우고 있지만 (그 흔한 매수 레포트하나 안내고 열심히 파는중)
별로 신경 안씁니다.

왜냐하면 작년2017년 8월9일 10일 11일에 기관이 그 비싼 가격에 매수한 모습 보아하니
지금의 매도도 그렇게 의미있는 움직임이 아니란 생각이 문득 들었습니다.

생각보다 마니빠져 손실중이지만,
상승할것이란 믿음과 자신의 판단에 믿음을 가져야
행여 손실나도 자신이 판단했기에 실망하지 않을 수 있습니다.

현대홈 개인주주분들 오늘현재 현대홈으로 수익구간인 분들 아마 거의 0% 일것입니다.
저다마 손실 액수는 다르겠지만 다들 힘내시고
기다리시길^^","['저는 어제 입성(104,000) 딱 100주....', '왜이리 개인들 심리가좋지 바닥 멀었나보네']"
2018.03.20 12:55,472,nams****,121.190.***.62,2,1,"10만원 이하 까지 하락 가능한 주식~
회사에서 주주를 전혀 고려치 않는 주식이네",['공매도만 완전히 신나서 춤을 추는구나']
2018.03.19 20:32,490,choi****,117.111.***.50,1,1,현대홈은 없나요???,"['대형사 중에 홀로 과징금 안먹은 호재가 있는데도 이럼 ㅎㅎ', '과징금 없어도 하락하는 쓰레기 회사임', '네. 현대홈쇼핑은 아님. \ngs ,롯데 ,cj오 3곳이 그런거예요.']"
2018.03.16 15:55,601,kbok****,223.39.***.33,3,1,"거래량보니 개미들 몇백원 오르면 깝깝해서
다튀어나가겠내
얼마 안남은듯하내요
바닥에 악재는 다튀어나오구
렌탈 적자폭은 줄어든다구
외국인은 주식채워놓아구
깝깝하지만 없다 생각하구",[]
2018.03.16 09:36,520,radi****,39.7.***.76,0,0,"현대홈쇼핑=두더지 잡기게임
들이대면 무조건 누른다..",[]
2018.03.15 11:36,518,78lm****,116.37.***.179,6,0,"2017년 초 105,000원 찍고, 영업이익 증가할것이라고 2017년 8월 148,000원까지 반등했으나,
다시 홈쇼핑 시장의 성장성에 대한 의구심,
현대렌탈케어의 적자 증가,
게다가 가짜 백화점 대비 월등히 저렴하다고 소비자 우롱으로 인한 과징금 얘기가 나오며
좀처럼 반등의 실마리를 찾지 못하고 있습니다.

만일 이보다 아래로 내려간다면 9만원대 터치할 확율이 있으나,
지금 팔고 그때 다시 매수하려다 매수 못할 확율이 높기에 이정도 가격에서는 홀드 하려합니다.
104,000~105,000원 보다 더 밑으로 안가면 늦봄~여름 (월드컵시즌정도)엔 12만원대 예상해 봅니다.

메르스 등의 악재때도 이보다 낮진 않았으니,
그냥 소비자 기만하지 말고 TV 와 모바일로 정상적으로 취급고 늘리고, 이익은 현상유지만 하고
현대렌탈케어는 실질적 사업성 검토후 적자 축소하는 방향으로 모색 한다면
현금 자산 규모나 대기업 계열사로 인한 자금조달의 문제는 적기에
이정도 가격에 주저 않을 허접한 회사는 아니라 봅니다.

기관 매도세가 심상치는 않습니다.
하루정도 폭락 만들어 이건아니다 느낌 주던가, 이가격 선에서 개인들 지겹게 만들어 놓고
반등오지 그냥오지 않는단 생각으로 저는 홀드 입니다.
이 주식에 비중 매우 높은 개인투자자 입니다.
119,000원에서 절반 물타기 너무 빨리해서 115,000원선에서 절반
대략 117,000원 평단인 개인 대주주 입니다.ㅋㅋ",[]
2018.03.15 10:34,388,radi****,39.7.***.194,2,0,혼자 삽질 니미럴!!!,[]
2018.03.15 10:32,368,drls****,211.49.***.36,2,0,"현대홈쇼핑주식산게 내인생에서 교만한댓가 확실히 받는구나
그때 살려고했던건 날라가고 헛다리짚어서 들어온건 역시나C-8
교만한 댓가 반드시 받는구나",[]
2018.03.13 16:52,578,78lm****,116.37.***.179,1,6,"5년내 최저가인 105,000원은 깨지 않고 유지하면서 더밑으로 안내려 간것만해도 다행~~
당분간 반도체주 주도 형국이라 홈쇼핑주는 오르기는 힘들듯..
그래도 좀더 기다리면 올해안에 119,500원은 오겠죠!!",['그게 님 평단인가요']
2018.03.13 12:30,532,sj20****,14.47.***.229,4,2,"자회사 현대렌탈케어 는 모회사 현대 홈쇼핑 등에 빨대 꽂았냐?

정수기 12 종
공기청정기 5종
비데 2종
전기레인지지 1종

이사진과 경영진은 생각좀 해보시오.
포화상태에 가까운 사업 가지고 모회사 현대홈쇼핑 이익난걸 수혈해가며 연명하고,빼먹고 있는데
이런 회사는 과감하게 정리해야합니다.

이번주총에 정리해서 모회사 주가나 제자리로 돌아가게 하라.
사업군봐봐
물먹고 .숨쉬고.똥만 싸냐.

이사진과 경영진은 생각을 하기를 바랍니다.",[]
2018.03.12 13:07,713,ktj9****,175.211.***.21,3,2,"105,500원 매수가 안되네요 저만 그런가요","['에궁 뭐라할말이없네 ㅋ', '주식처음사시나보네요?', '순번이되야 체결되는거에요\n자기앞에 선주문자가 있는거 모르시나요?\nㅋㅋ']"
2018.03.12 12:31,426,basi****,39.7.***.119,1,1,물량 잘주시네,[]
2018.03.09 13:12,453,daso****,218.48.***.243,0,0,"옥션 g마켓 인터파크 쿠팡 의 경우 홈쇼핑에 비해 3배이상의 pbr, per를 형성하고 있다.

인터넷상의 쇼핑과 모바일상의 쇼핑이라서다.

모바일상의 쿠팡같은업체들은 적자임에도 주가는 10배이상 홈쇼핑에 비해 고평가 되어 있다.

홈쇼핑의 모바일쇼핑율은 40%대 초~후반에 까지 올라와 있다. 향후 모바일향 쇼핑몰로의 변신은

더 늘어날것이고 그것은 향후 몇년안에 이뤄질것이다.

삼성, 현대, lg 같은 브랜드는 글로벌 쇼핑 모바일로 발전할때 효용성이 높다. 현지 업체를 오픈할 이유도 없다

모바일쇼핑 글로벌화는 한국에서 모바일 다국어 지원만 만들어 내면 된다.

홈쇼핑의 중국 진출이후 퇴출까지 10년간의 적자는 모바일 글로벌에서 향후 성공을 모색할것이다.

이때 브랜드 현대는 cj,gs에 비해 우월한 위치에 있다.

지금 현대에게 필요한것은 유통망의 확보가 중요하다. 전세계를 상대로 유통망과 물류센터 확보가 모바일쇼핑

의 발전에 관건이다.","['렌탈 사업은 4~5년간 투자로 2015년 4월 시작된 현대렌탈은 고성장을 하는 중이다. 성장률이 70%를 웃돌고 있다. 2020년 투자 5개년때 매풀 2500억에 적자를 벗어날것이며, 이후 투자된 자본과 이익잉여금의 렌탈 수익율은 렌탈이자 10%이상과 렌탈 장비판매수익으로 인해 수익율이 20%에 육박할것으로 보인다.\n장비판매수익과 렌탈장비 월 이자율의 합산 수익이 2020년 이후 나타나기 때문에 현대 홈쇼핑은 현재에 비해 렌탈에서 600억이상 당기순이익에 영향을 미칠것이다.']"
2018.03.09 11:36,287,radi****,39.7.***.178,1,0,죽은 자식 부랄만지기!!,[]
2018.03.08 20:39,673,sy10****,106.102.***.1,0,1,4월안에?,"['오늘 105.000원에 들어왔어요\n12.13만 가면 저야 땡큐지요\n그러기에 12.13만에 물린분들은 추매하여 단가 낮추길바랍니다~~\n저 얄밉다 생각치마시고요\nㅋㅋ', '아 13만원ㅠㅠ', '난 13만원인데', '4월안에 한표ᆢ']"
2018.03.08 20:28,225,kk30****,223.39.***.89,1,0,개ㅡㅡㅡ쇼핑?망해라ㅡㅡ18,[]
2018.03.07 20:24,348,kk30****,223.33.***.79,3,0,반토막이다ㅡㅡㅡ배째라ㅡㅡ18사키들,[]
2018.03.07 14:12,340,basi****,39.7.***.15,2,0,자으아,[]
2018.03.06 11:19,727,ksch****,110.70.***.173,3,2,"어찌 이가격에.
암튼 감사합니다.
왕창 줏어 담아야 겠네요","['10만 2000원에서 입벌리고 있겠슴돠~ㅎㅎ 월봉이 무너졌으니 9만원대로 진입합니다~gogo', '사고싶은데 돈이 없쪄요오옹 ㅠㅠㅠㅠㅠ이미 다 사서', '저도 출발합니다ㅎ']"
2018.02.22 00:10,1709,lsta****,211.221.***.148,3,1,"현대렌탈케어는 왜 만들어서 무거운 짐을 지고 갈까요?

매출액 100억에 순손실 200억 규모인듯 한데..
언제쯤 현대렌탈케어가 적자를 벗어나 이익이 발생할까요?
렌탈사업이 이익을 낼 수 있을까 의구심이 듭니다.
정수기, 공기청정기, 비데 이런 것을 렌탈해서 이익을 만들겠다구요?
헛다리 집고 있는 것은 아닐까 생각되는군요.
홈쇼핑은 렌탈케어에다 1년전에 400억 출자하고 다시또 500억 출자를 하는군요.
비전없는 적자회사에다 할증 10배 증자를 하다니...
액면가 5000원에 앞이 안보이는 적자회사에 유상증자 50,000원으로 증자 참여라니...
몇년 지나면 1000억 날라갈것 같은데 왜 이짓을 하는지.
비전이 있다고 생각하시는분 댓글달아주세요.","['렌탈은 70만원 짜리 정수기 그냥팔아서 30%마진 보는것보다 40~45%마진을 올리수 있는 판매수단입니다.\n렌탈기간의 이자비용을 먹는거죠.\n한달 1만원가량의 렌탈케어비용은 마진율 30%정도 잡아서 3천원의 마진이 있다 봅니다.\n따라서 렌탈 초기 3년~5년 투자후 효자가 되는것입니다. 정회장 렌탈사업을 키우는것은 당연합니다.\n돈놓고 돈먹는 장사입니다.', '렌탈 - 정수기 70만원짜리 100만개 팔면 - 7000억 손실처리.\n정수기 100만대 월 렌탈료 3만원 300억*12달= 3600억억 매출 중 관련비용 제하면 2400억 수익.\n향후 3년간 36개월 렌탈 수익 7200억\n따라서 초기 400억 500억 800억 매년 들어가던 비용이 3년후 부터는 렌탈 규모가 커지는 만큼만 몇백억 정도의 출자가 계속 이뤄지면서 렌탈 사업의 규모가 커지게 됩니다.', '이익 많이 나서 주체를 못하니까..근질근질 했겠죠..\n아직도 렌탈 적자 제하고도 이익이 1200억이 넘으니까..\n사실 렌탈업종은 처음에 좀 투자금이 들어가고... 월마다 안정적 수입에 크게 위험하지도 않은 업종인데.\n어떻게 운영하는지..', '렌탈케어 사업은 레드오션.. 경쟁도 심해서 수익내기 쉽지도 않은데.. 제대로 발목잡힌듯.. 경영실책 인정하고 매각하든가, 매각이 힘들면 그냥 청산하든가 해야지.. 돈먹는 하마 하나 키우는 꼴.', '매각하려고 해도 안팔릴거 뻔하고\n그렇다고 폐업하기엔 그간 공들인게 아깝고\n뭐 그런거 아닐까요?\n\n근데 현대그룹은 이상하게 쓸데없이\n고집이 쎄더라고요\n\n종특인듯']"
2018.02.22 10:52,436,lsta****,223.62.***.62,1,0,"공시에도나오고, 투자하는 사람이라면 거의다 알고 있는것 아닌가요? 렌탈케어 지분 100% 보유던데.
이것을보면
하나투어 면세점 사업이 생각나는군요.",[]
2018.02.15 09:32,1794,sy10****,211.36.***.213,6,1,배당금을 올려서 주주 친화정책좀 하세요.경영진들~,"['기대해 봅니다^^', '배당금보다는 자사주 매입후 소각! 쌓아놓은 돈 많잖여!']"
2018.02.20 12:57,509,youn****,223.62.***.83,2,0,타업체에비해 배당금이적은 이유라도설명을~~ 기관들의 공매도가 지나치다 할종목이따로있지 ㅉ ㅉ 회사 는 주가관리좀하세요.,[]
2018.02.13 13:00,657,mja1****,121.174.***.83,5,0,"3대 홈쇼핑 주가가 하락세다..

현대와cj에 비해 gs가 52주 고점대비 하락폭이 상대적으로 적으나

세종목 모두 하락세가 뚜렷하다..

실적이나 특별한 악재라 보기보다는 국내 경기와 관련 있는것 같다...

이런 환경에서 저점을 논하기는 어렵고 1분기 실적을 보고 판단 하는게 정답으로 보임..

2월달도 추석과 일수가 적어서 실적은 나쁠것이고..

10먼원대 깨진후 싼맛에 모아 두고 가을쯤 매도 해 보는게 어떨까??",[]
2018.02.13 10:23,604,jsnu****,119.203.***.12,3,0,ㅋㅋㅋㅋㅋ에라이 ㅋㅋㅋㅋㅋ,[]
2018.02.12 10:36,464,1_on****,110.70.***.63,1,0,내가 산 이후로 하락세,[]
2018.02.09 09:24,514,78lm****,116.37.***.179,6,1,"예전에는 코스피지수가 빠질때 내수주 역할 하면서 방어하곤 했는데,
이제는
미국지수 빠지면 하락,
코스피지수 수출주 상승해도 내수주이니 하락,
코스피지수 하락하면 분위기가 하락 분위기니 같이 하락.

11만 찍었으니 여기서 나가긴 아깝고ㅋㅋ
현대렌탈케어로 신뢰가 깨진 상태인거 같으니
오늘 (2/9) 평창올림픽 개막하는날 기관들 상대로
앞으로의 경영 계획 설명회라도(물론 계획이지만) 잘해서 기관 투자자라도 좀 들어와야 갈듯ㅋㅋ",[]
2018.02.07 17:09,695,mnp2****,210.105.***.75,7,1,"밑에 내용 반영시 오히려 전년동기 영업익 순익 모두 늘었네요.

'17년 4분기 법인세비용차감전계속 -59.8% 신장 사유
- '16년 4분기 현대HCN 지분 17.30% 추가 취득 염가매수 차익 251억 반영
- '17년 4분기 관계기업(중국 상해) 손상 차손 81억 반영",['공시보고 놀랬는데\n설명들으니 다행입니다\n그나저나 내일 더 빠지려나요??ㅜㅜ']
2018.01.31 19:30,1342,zuku****,59.26.***.246,4,0,개판,[]
2018.01.25 11:14,680,gwtk****,221.141.***.49,3,2,"계열회사 지분가치와 영업실적 감안하면
렌탈자회사 영업부진 감안하더라도
지나친 저평가
배당율이 경쟁사대비 낮은 때문인가?
인내심을 가져야 할 시기인듯 하네요",['짱나네요 이렇게나 안올르니']
2018.01.17 19:11,947,happ****,175.223.***.59,3,0,아는사람은 다알아,[]
2018.01.09 16:39,660,kdyk****,223.39.***.4,3,1,이것보다 잘하겠다 ㅋㅋㅋㅋ,"['주가 인위적 관리는 사기? 회사 꼬라지가 되로 가야지', '개공감']"
2018.01.05 22:55,883,bunn****,49.142.***.171,4,0,"작년말 까지 누적 15~ 16만 맞나요?

그렇다면 16년 대비17년 증가비율이 대략 140~150%고 (분기당 2.5만에서 3만 발생)

이런 속도면 18년도에는 넉넉히 30만 계정수 돌파하고 19년도 중반까지 40만 계정은 돌파할 것 같네요.

그렇다면 계정수의 증가는 렌탈사업의 순항을 의미하고

40만 계정이하에선 계정수가 증가할수록 추가로 자본투입을 예측할 수 있겠네요~

회사가 말하는대로 계정수 40만 -2020년 부터가 손익분기점이라는 목표는 19년도에 충분히 달성가능하고

유상증자는 현대홈쇼핑이 계속 투입하는 방식과 제3자를 끌어들여서 공동출자자가 되는 방식도 많죠~

그러니깐 현대홈쇼핑이 계속 출자해서 욕먹지 말고~ 예를 들면 LG전자나 필립스 같은 공동사업자를 끌어들여서 합자하면 욕을 덜 먹고 훌륭하게 회사를 키울수도 있을거였음~


*******참고로 코웨이 Roe가 20~30 씩이나 되는 걸 보면 일단 손익분기점 넘기고 순항하면 이 보다 좋을 수 없죠~",[]
2018.01.05 23:06,503,kbok****,223.39.***.25,4,0,"올해 누적이 15만 정도구 회사예상을 뛰어넘었다내요
내년은 적자가 100억후반이라구 자찬하내요
그리고 누적은22ㅡ23만 보구유
4분기실적은 좋다하구 월요일 기관모아놓고
렌탈 잘돌아간다고 IR한다내요
배당 많이하고 8천억 돈자랑하지말구
미친놈들 자사주 매집하라하니
생각한다내요 미친놈들..
병신육갑하지 말라했죠
좀 기다려려 봅시다 랜탈만 올해 잘되면...
배당은 늘린답니다
그래도 랜탈 돈 밀어 넣고도 실적은 최고잔아요
gs cj 주당 순이익 3분기 11000원인데
현대 는 8700원이내요 주가는 반값인데
이제 랜탈에 투자는 이번이 마지막이라하내요
결론 주가가 안가는건 ...
주주무시하는것입니다
다들 한통식 전화합시다
2020년 렌탈 손익분기점 온답니다","['종횡무진 하시네요~ㅎㅎ 전 현대홈쇼핑 매수 들어갔습죠~ 받아먹기 진짜 지루해 죽죠죽어~ㅋ', '저두 옆집 gs가서 종가500주사서 200먹거습니다\n속이터집니다', 'HTS 보셔서 아시겠지만 너무 무거워요~ 신고가 종목이 어떤날에는 40개씩 생기는 이 호시절에 어의가 없죠~']"
2018.01.05 22:21,383,bunn****,49.142.***.171,2,1,"현재 렌탈케어 추가 자본투입으로 주가가 신저가를 가니 마니 하는 상황인데

이 노이즈의 주범은 회사쪽과 지금 물린 투자사들과 서로 소통이 안되었다는데 있네요~

투자사들은 지금 이 가격에 안물렸다면 거짓말인데

이런 투자사들이 손실이 불어나자 자사주 매입과 배당증가 또는 중간배당 실시... 이정도를 꾸준히 어필했는데

회사쪽이 쌩깐거죠~아주 쌩~ㅋㅋ 물린쪽에서는 엄청 야마도니 렌탈케어가 이쁠수가 없지요.

렌탈케어를 키우는게 맞고 투자사들도 공감했지요~

근데 왜 자사주매입과 배당늘린다는 액션은 하나도 없냐 이거죠~

허구헌날 현금성 8000억원있다고 자랑질만 ㅋㅋ 또 IR 한다고 공시 띄우고~ 천만번 해봤쟈죠~ 다들 물려있는데~

이렇게 되버리니 렌탈케어가 순항하고 있을지라도 투자자들 무시하면서 렌탈케어를 키우지 말라고 하는 거죠.

회사의 순익은 우상향, 게다가 코스피 2500~3000 간다는 이 호시절에, 이 개잡주는 맛탱이 가고 있는 이유입니다.


점점 주가가 무거워지고 호재에 둔감하고 투자자들이 이 돈많고 어리석은 회사에 등돌리기 좋은 때인것 같습니다.",[]
2018.01.05 22:56,291,kbok****,223.39.***.25,3,0,"조금만 참아보죠 저두 전화해 주담에게 님과 똑같이
욕했는데 배당과 자사주매입생각하구
주주환원책도 생각하내요...
완전 주주농락만하내요
다들 한번식 전화해 욕좀하고합시다","['좋은 회사를 경영진이 망치는게 한 순간일듯~ㅠㅜ', '저랑 비슷~ 욕은 안했지만 쓴소리 했슴돠~ㅎ 다음 주에도 또 전화 걸예정~ㅎ']"
2018.01.05 12:08,696,tmxh****,175.117.***.55,2,1,"3년 전 전문가가 장기보유 외쳐서 샀었는데
이건 오를 생각이 없네.
비트코인은 3억 벌고 현대홈쇼핑은 1200만원 손해 중.
지금 팔기도 뭐하고 들고 있어야 하나.ㅋ",[]
2018.01.04 16:59,625,rees****,119.204.***.147,0,1,너무 던졌네.,['저는 정리했어요181818ㅜ']
2018.01.04 11:59,737,bunn****,49.142.***.171,0,2,"몇일 전 판매수수료 높다해서

홈쇼핑 갑질 얘기 때문인가?

다들 왜 이러지~","['갑질 수수료 관련해서는 계약상으로 아무런 문제가 없어요.\n홈쇼핑이 칼들고 제조사와 거래 한개 아니라서 고로 공정위에서 하는건 그냥 권고사항이고\n실제 법적 제약이 없다는거죠.\n\n그리고 홈쇼핑 매출은 4분기가 가장 높아요. 오히려 이때 추매 평단가 낮추면서 대응하세요.', '그랬군요~ 어쩐지~', '공정위에서 홈쇼핑수수료가 너무 높다며 불공정수수료라고 한다네요...\n""갑질수수료""를 낮춰서 제조사 부담을 덜어준다는 애기가 있다네요...\n홈쇼핑수수료는 이익에 직결되는 사항이라.. 개미는 모르고 사고있구여, 이를 눈치챈 기관+외인은 연초부터 무슨홈쇼핑가리지않고 묻지마 매도 치는듯 보이네요....\n\n만일 그리된다면 홈쇼핑주는 심각한타격을 입을듯하네요...']"
2018.01.04 11:44,725,zolo****,125.143.***.75,0,1,"다털고(118,500원매수해서). LG전자랑, 롯데지주, 포스코로 분산투자했는데...
113,500원이라니... 클날뻔했네....

3개다 연말부터 연초 장난아니게 수익나는중인데....",['이거 11만원 깨지면 100% 단타로 5%정도 수익낼수 있을것 같은데....\n그때 함 들어와 봐야지~~~~~']
2018.01.04 10:55,549,cher****,121.154.***.136,3,0,"이거 언제까지 내려가나요

회사 망한것도 아니고 심란하네여........","['거기다 수수료 문제도 있구요.\n그나마 현대홈쇼가 제일 실적이 좋아 이 정도로 빠지는 거라 봅니다.\n당분간 추세전환은 쉽지않을 듯 합니다.', '렌탈업이 작년에 이어 올해도 500억 수혈받아야 하고 앞으로도 당분간 계속 이런 식의 유증으로 수혈받아야 합니다. 그렇다고 렌탈업이 전망이 좋은 것도 아니고..', '차트쟁이는 아니지만 차트가 무섭게 꺽여나는중이니 하방 지지선을 장담못하지요']"
2018.01.03 16:02,541,bunn****,49.142.***.171,0,1,"판매량이 11월이 이정도면 12월은 엄청추웠으니 할말 없소이다~


내일 폭락기운이 스멀스멀하여 <종가> 눈여겨보고 분할로 입성준비합니다~^^




http://news.naver.com/main/read.nhn?mode=LSD&mid=sec&sid1=101&oid=050&aid=0000046405

----------------------------------------------------------------------------------------
현대홈쇼핑의 2017년 11월 패션·의류 매출은 전년 같은 기간에 비해 40.3% 뛰었다.

CJ오쇼핑은 2017년 11월 패션 매출이 전년보다 10% 이상 늘었다.

""홈쇼핑의 경우

아웃도어만 따지고 있는 백화점과는 달리 패션의류 총합이 전년대비 40%를 넘겼다니 의미가 있음..""

현대홈쇼핑 H몰은 광군제 대박까지~ 현대홈이 11월 통틀어 1등이네요~

일단 물리는거 각오하고~ ㅋㅋㅋㅋ",[]
2018.01.03 21:03,415,k278****,223.39.***.182,1,1,무슨 내용인지 모르겠네요..,"['예 감사합니다', 'ㅋㅋ 그리고 렌탈케어 유상증자는 이미 결정났기 때문에 단기악재는 실현되었지용~그래서 매수~ 그렇지만 수급이 나빠서 물릴 가능성 높지요~ 그래도 매수~ㅎ 왜? 실적이 예측한것보다 좋네요~', '일단 간만에 4분기 어닝관련 무척좋은소식이지요~마진이 큰 의류매출이 전년비 40% 11월달만따져 이정도면 가장매서웠던 12월까지 합하면 꽤 커지고요 10월 추석때 시청률 떨어진것을 훨씬 커버하고도 남지요~거기에 광군제가 H몰 전체 매출 20% 차지하는데~ 그게 전년비 90%넘게 상승했다니 대박이지용~ 그래서 매수하려는데 수급이 나쁘고 월봉/주봉이 간당간당 하니 물리더래도 분할매수한다는 말이었습니다~']"
2018.01.02 21:54,726,cher****,59.1.***.4,0,4,"금일입성 했습니다
반갑습니다 형님들","['ㅈㅓ도 궁금..', '이사람 죽었나살았나?']"
2017.12.31 20:14,558,nams****,121.190.***.62,1,1,홈쇼핑 주주인데~~,[]
2017.12.29 16:09,391,kbok****,223.39.***.142,2,1,"그래도 고객이 많이 작년2배증가했다내요
내년엔 손실액 많이 감소 한다니
다른 종속괜찬내요 한섬
그리고 주가는 너무 저평가 아닌가요
올 배당은 늘린다니 지켜보죠","['주주로써\n큐밍정수기와복사기를 지난주에 렌탈함.', '렌탈 적자 반영했는데도... 영업이익 당기순이익 모두 작년보다 증가했어요..\n그런데 렌탈 핑게로 주식은 개판 만들어놨음..']"
2017.12.22 15:45,1020,bunn****,49.142.***.171,1,1,"cj오쇼핑: 246,000

현대홈: 123,000


딱 2배수네요~의미는 없지만~ 종가 딱 맞추네요~ㅋ

**지금 홈쇼핑주는 마진이 큰 의류가 잘팔리는등 호재가 많은데....


현대홈은 주가를 잡는 암초가 있는듯하니 주의하세요~ 오르지 못하면 그 이유가 있지 않겠어요?



cj오쇼핑이랑은 계속 차이가 날 거라고 봐요~내년에도~","['시가총액을보세요\n비슷한 재무구조 수익성 비슷한 시가총액', '폐장 하는 날 하락이라니~~ㅠㅠ', '전혀 의미없는 뻘글이네요~']"
2017.12.22 13:34,357,esse****,175.223.***.153,2,0,이 새벽에 노인네들이 TV보고.... 뭘 사겠냐 ?? 경쟁에서 밀리니 ......틈새시장 노린다고 엉뚱한 헛발질하고있네 ㅋㅋㅋ..... CJ오쇼핑 흉네라도 내라... 멍청한 쉑기들아!,[]
2017.12.22 13:32,292,esse****,175.223.***.153,2,0,이 새벽에 노인네들이 TV보고.... 뭘 사겠냐 ?? 경쟁에서 밀리니 ......틈새시장 노린다고 엉뚱한 헛발질하고있네 ㅋㅋㅋ..... CJ오쇼핑 흉네라도 내라... 멍청한 쉑기들아!,['정교선씨 연봉 반납하고 물러나길~ 대표이사도 교체하고~']
2017.12.22 11:11,495,78lm****,116.37.***.179,4,0,"배당금이 제일 적은 금액이라 그런지, 오늘부로 현대홈쇼핑, GS홈쇼핑,CJ오쇼핑 보다 시총 낮아짐!!
배당좀 늘려줘요!!","['경영진이 구시대적사람', '배당에 왜 이리 인색할까']"
2017.12.21 14:10,400,swon****,39.7.***.205,0,0,"환율은 1080원대...
다시 1070원으로 내려갈까요?",[]
2017.12.15 08:55,733,zzxe****,175.223.***.177,2,2,"가상회폐 와라.
자고일어나면 50-100%씩 오른다.",['그러게 80%올랐네']
2017.12.21 07:05,243,lyb0****,117.111.***.35,0,1,아직도 주식해서 미안하다... ㅋㅋㅋ,[]
2017.12.14 18:07,553,xjap****,121.152.***.147,3,2,내일부터 매수 굳굳,['난 종가에 질렀는데']
2017.12.14 15:38,379,sens****,223.38.***.226,1,1,븅신답네,['내돈 아니니까...ㅋㅋ']
2017.12.14 15:35,319,bunn****,49.142.***.171,1,1,이게 뭔 유치한 짓거리인지~ㅋㅋ,[]
2017.12.14 14:00,261,bunn****,49.142.***.171,1,0,조만간 크게 개미털듯~ 관망모드,[]
2017.12.13 16:57,654,bunn****,49.142.***.171,2,0,"지난 4월인가 3월인가 기사중 일부네요~


밸류파트너스운용은

현대홈쇼핑이 현금성 자산을 과도하게 보유해 자기자본 이익률(ROE)이 계속 낮아지는 결과를 초래했다고 주장했다.


밸류파트너스운용측은 “현대홈쇼핑의 주주 가치 창출 가치인 ROE가 60%에서 10% 미만으로 하락하는 가운데서도

정교선 대표의 연간 급여는 2013년부터 14억 수준에 달한다”며

“2016년 기준 등기이사 3인의 급여 총액(25억6000만원)도 상장된 홈쇼핑사 중 월등히 높다”고 설명했다.

현대홈쇼핑의 주주환원율은 미국 홈쇼핑 회사 HSN의 10분의 1, GS홈쇼핑의 3분의 1수준 밖에 안 된다는 지적이다.

-----------------------------------------------------------------------","['옳으신 말씀~ 허나 저평가된 회사 인지 저평가를 자초한 회사인지는 구별해야지 않나 싶네요~', '저는 같은 업종 비교해서 저평가된 회사 찾아서..... 너무 많이 떨어졌다 싶을때..조금씩 사모아 놓으면..\n시간이 해결해 주더라구요.....\n이익 많이 나는데 떨어진 주식은 시간이 갈수록 회사가치가 좋아지므로 ... 결국은 주가가 회복됨..', '여기도 주주들이 요구해야 할듯보여요~ 회사가 현금많다고 자만심이 쩔어있는듯해요~ㅎ', '현대백화점 홈쇼핑...이익은 엄청나는데 비해서 배당 너무 적지요.\n현백은..벌써..주주들이 모여서 회사측에 배당 상향 요구했습니다...', '문제를 삼으면 현대홈쇼핑도 문제가 될겁니다~ 주식배당은 낮은데 정교선씨 급여는 높다는데 이견이 없는듯~']"
2017.12.13 16:26,288,bunn****,49.142.***.171,1,0,"이렇게 적자가 계속되면

자본 확충하려고 또 몇백억 들어가고

주가 하락에 배당여력도 없고

주주가치를 훼손시키는 일 맞는거 아닌감유?","['얼마전에 400억 증자 했는데 이번에 또 500억 증자 하네요.\n할증 1000% 해서.... 액면가 5000원인데 50,000원에 증자 참여.\n아마도 몇년간은 적자 행진을 하겠지요. 렌탈사업이 그닥 비전이 있어보이지 않는데...', '그래서 자회사까지 반영한 연결재무제표가 있는겁니다...감안해도 흑자가 줄지를 않는데..\n최근 렌탈케어 없었으면 이익이 그만큼 더 났겠지요..\n진짜 엄청나게 나쁘면 내후년에 재무제표가 계속 악화되겠지요.....']"
2017.12.13 11:57,481,bunn****,49.142.***.171,2,0,수급도 투신 연속매도,"['.구역획정 전국구로되면 다시 sk에 팔려갈 1조라고 계산기두드리면 현재pbr말도안되는거지....수치는 수치로서 비교하면되는거고 그걸 잣대로 현재주가를 저평가네 고평가네 주식에 전혀 도움안된다는게 개인적 생각....평가는 시장이 하는거지.. 부모님물려주신재산 많은 백수와 돈한푼없는 의대생있다면 수치는 백수가 좋겟지만 여자들이 수치좋은데로 안갈수도있는거고 여자가 시장인거지.....', '나 개인적으로 pbr이란게 남들이 투기하는데 난 가치투자하네 하면서 들먹이는 수치외에는 주식에 아무쓸모가 없다고 생각하는사람입니다... 주가라는게 미래지향성 성장성 가능성을 따라가는데 비교하라고만든 그런수치들은 히스토리들, 그리고 현재상태를 사람들이 이해하기쉽도록 그냥 글자그대로 수치화시킨것외에는 아무의미없다....현대는 돈벌어서 은행에 쌓아놓았고 cj는 지역케이블인수 해외투자했는게 지금 그런 수치차이를 만든거지... .cj가 헬로지분 50%이상가지고있는데 그거 헬로시총으로 계산기두드리면 현재pbr 수치되는거고...', '애널들은 대부분 세력의 대변자입니다.... 나는 회계결산까지 한사람입니다. 보면 목적을 알수 있습니다.\n의도적으로 왜곡 잘하지요..\n예전에 삼성물산 합병때....대부분 증권회사 ..엉터리.보고서 내는거 보세요...', '삼성증권에서 CJ오쇼핑(035760)에 대해 ""동사는 실적 차별화에도 불구하고 연초대비 주가상승률이 가장 낮고 현재 시가총액도 경쟁 홈쇼핑사들 대비 낮게 형성된 상태. 향후 코스닥 시장 활성화 시 대표적 저평가주로 주목될 것""라고 분석했다. --------------> 삼성증권도 시가총액을 언급했지만 저평가를 논하는 급소는 아니지요~', '엄연히 고만고만 해도 홈쇼핑 3사 규모가 틀리는데..시총으로 비교를 하면 정확합니까...\n주당순자산 bps,pbr 등등은 ..그런것 비교하라고 만들어놓은 수치임........\n그리고 3사 영업이익율 순이익률 최근 몇년 보세요.... 어디가 제일 높나.\nCJ 강점은 매출 1위등..GS 강점은 배당등...여러가지를 감안하더라도...10~20% 높을 정도면 적당하지..\n30~50% 주가가 높을 이유는 아니라는 것을 말한것이지요.. .......', '고만고만한놈들 홈쇼핑3사얘기하는데 삼성하이닉스는 뮝미..그니까 요즘쳐다보지도않는 자산가치대비저평가는 그러타치더라도 순이익대비저평가는 아니지않나..시총최고높으니까...비교할려면 매출 영익으로 해야되지요...순이익보다 왜 영익인지 이런것도 얘기해야하나..', '당기순이익이 1300억원이라해도 렌탈케어에 추가로 또 500~600억이 들어가면 많이들어가는게 아닐런지요~\n그리고 그돈이 바로 회수되는게 아니라서 적자도나고 돈도 들어가면 이중고라 봐요', '렌탈케어는 그 말대로 미래를 위한 투자입니다...초기에는 광고다 뭐다 해서 적자났지만 흑자로 바뀌겠죠.\n현대홈 규모에 그렇게 큰 금액도 아님...\n적자가 연결재무제표에 반영되고도 올해 당기순이익 추정이 1354억입니다.', '렌탈케어 적자때문에 저평가란 부분이 몰각되는것 같네요~', '시총으로 회사를 비교하는건 말도 안되지요.....삼성전자에비해 하이닉스 시총은 상대가 안되는데.\n저평가 고평가는 PBR이나 순이익등으로 비교해야지..\n물론 미래가치도 중요하지만..현대가 비교해서 미래가치 없는거도 아니고\n올해 3분기까지 누적 당기순이익을 봐도 현대가 더 높음....\n모든 지표가 비슷한데...다른홈쇼핑보다 장부가치보다 30%이상 저평가를 말하는것임...\n그리고 영업이익 높으면서 다른데서 까먹어서 적자나는 회사도 많음...최종이익이 회사에 들어오는 수익임..', '왜 4년동안 당기순이익 다 더하고있쏘..17년도 18년도 앞으로 더 중요하지..그리고 순이익보다 영업이익을 봐야지요..시총 현대가 가장 높잖소', '재무제표 최근 4년동안 당기순이익 더해보면 현대가 제일 높음....\npbr이 장부가격인데.... 현대가 평균 0.4이상 낮잖아요....무슨 근거로 비싸게 대우받았다는지.....', '어떤이익말하는건지..현대홈쇼핑아닌것같은데요..그럼에도 불구하고 지금가장 가격비싸게 대우받고있는게 현대거만', '현대렌탈케어문제? 배당도 작고~ 자사주도 매입안하고~ 오직 렌탈케어에만 돈을 쏟아부니깐 안 좋은 이야기가 돌아요', '홈쇼핑중에 이익도 제일 많은데 불구하고.... 현재 PBR 0.99\n주가는 세력 마음인가요.....\nCJ 1.53\nGS 1.36 --- 배당 많아서 이해는 감..\nNS 1.46']"
2017.12.12 15:53,316,78lm****,116.37.***.179,1,1,"이주식 보면서 느낀점은 현대홈쇼핑은 125,000원 본능(시총 1조5천억원) 이 있는 것 같아요.
그래서 오늘은 매수타임으로 보고 매수 했습니다!!
다소 손실나더라도 배당락일까지는 보유하고, 수익나면 차익실현하면되니깐ㅋㅋ
그래도 올해 4분기는 좋은편인거 같으니 믿어 볼라구요.
모두들 성투하세요~",[]
2017.12.09 10:12,369,kbok****,223.39.***.40,0,1,"그냥 사놓고 기다리도될듯 렌탈도 좋아지고
실적 잘나오잔어",[]
2017.12.08 10:42,370,bunn****,49.142.***.171,0,0,"지금 유통업 치솟고 있는데 여기는 왜 하락하는지 아시는분?

지에스홈쇼핑보다 더 많이 떨어지네요~",['현대홈쇼핑 자체적으로는 큰 문제가 없어 보이지만 지속적인 현대렌탈케어 적자 때문이겠지요.\n평가손도 발생하지만 적자회사에 유상증자 1000% 로 500억 내야하니... 5천원주식을 5만원에 사네요.\n2017년초에도 400억 참여했던데... 렌탈케어 적자면 앞으로도 더 자금지원해야하지 않을까 싶네요.\n렌탈케어 적자가 대폭 줄어들어야만 힘을쓸듯. 몇년 걸릴수도.']
2017.11.28 16:23,1046,marg****,203.226.***.22,1,2,그럼 내일 현대홈쇼핑 날라가것내 ㅎㅎ,['아직 땅에붙어있네요']
2017.11.14 16:22,1572,htnc****,211.200.***.159,1,1,"주주간담회 11월29일날 확정되었습니다
장소 : 암사동으로 예상됩니다
시간 : 14:30 ~ 17:00

410명의 주주님들이 가입해주셨습니다.

네이버 검색창에 "" 현대백화점 소액주주 ""
검색하신후 까페쪽을 클릭하면 보이십니다.
가입해주셔서 힘을 실어주세요",[]
2017.11.14 01:15,541,htnc****,211.200.***.159,1,1,"주주간담회 11월29일날 확정되었습니다
장소 : 암사동으로 예상됩니다
시간 : 14:30 ~ 17:00

400명의 주주님들이 가입해주셨습니다.

네이버 검색창에 "" 현대백화점 소액주주 ""
검색하신후 까페쪽을 클릭하면 보이십니다.
가입해주셔서 힘을 실어주세요!!",[]
2017.11.10 16:55,649,htnc****,211.200.***.159,1,1,"주주간담회 11월29일날 확정되었습니다
장소 : 암사동으로 예상됩니다
시간 : 14:30 ~ 17:00

394명의 주주님들이 가입해주셨습니다.

네이버 검색창에 "" 현대백화점 소액주주 ""
검색하신후 까페쪽을 클릭하면 보이십니다.
가입해주셔서 힘을 실어주세요!!",[]
2017.11.10 00:46,514,zzan****,1.235.***.71,0,1,"3Q17 취급고는 부진했으나 수익성은 개선: 현대홈쇼핑의 3Q17 총매출은 2.3%YoY증가한 8,729억 원을 기록했다. T커머스 취급고가 증가했지만(440억원, +166억원), TV취급고 성장이 정체됐고, 모바 일이 성장했지만, 인터넷 취급고는 감소세를 보였다. 전반적으로 전년의 높은 베이스와 렌터카 매출 감소 등으로 취급고 성장은 크지 않았다. 미용/건강/보험 등의 편성 비중이 증가하고 온라인 가전 매출 비중이 축소되면서 GP마진이 개선됐고 9월 헬로비젼 SO수수료 인하 계약에 따른 SO비용 환 입 효과로 영업이익은 35.5%YoY개선된 248억원을 기록했다.

Comment

성장성 둔화가 아쉽지만 4Q17에도 안정적 영업이익 개선 기대: 3Q17 취급고는 당사의 추정치를 3%가량 하회했다. 수익성 개선은 긍정적이지만 T커머스를 제외할 경우 경쟁사대비 취급고 성장이 다소 약한 상황이다. 3Q17 연결기준 영업이익은 추정치를 19.8%상회했고 컨센서스를 9.3%상회하 는 긍정적인 실적을 기록했다. 주로 SO수수료 환입에 대한 추정치 차이인 것으로 판단한다. 4Q17 초반 긴 연휴에 따른 부정적 영향이 있겠지만, 상품 믹스 개선과 SO수수료 비용 부담 완화로 전년 대비 영업실적은 완만한 개선세를 지속할 것으로 전망한다.


Action

Valuation 부담 無, BUY유지: 세전이익과 순이익은 추정치와 컨센서스 수준으로 당장 큰 폭의 EPS 전망치 조정은 없을 것으로 판단한다. 동사의 주가는 18년 실적 기준 P/E 10.6배에서 거래중이다. 렌탈사업의 적자가 지속되고 있고 취급고 성장이 경쟁사 대비 둔화되고 있다는 점이 다소 아쉽지만 안정적 실적 개선과 최근 주가하락을 감안시 Valuation은 충분히 매력적이라고 판단한다.

https://open.kakao.com/o/g7LWWiC",[]
2017.11.09 12:23,329,selt****,121.172.***.195,2,0,"광군제앞두고

실적발표난 현홈은 이미 오를대로 오르고

현대백화점은 아직실적안나옴",[]
2017.11.08 19:15,374,kbok****,223.33.***.17,4,0,"18년에는 렌탈도 자리잡는다내요
그러면 매분기 연결영업이익 ...
기대해봅니다",[]
2017.11.08 16:18,691,sjk1****,125.184.***.79,2,1,"올3/4분기 실적, 전년 동기대비 35.7%증가
추정치 보다 휠씬 많이 나왔네요.",['맞아요!! ㅎㅎ 긴장했는데 기분째집니다~ㅎ']
2017.11.08 16:12,425,kbok****,223.33.***.17,2,0,"개별 영업익 314억
cj 304억 gs 303억",['항상 수년동안 이익이 제일 높았지요..\n그동안 애널들의 장난으로 실적이 안좋은것처럼 평가됨..PBR도 항상 30%정도. 낮고..']
2017.11.06 23:12,532,htnc****,121.173.***.161,2,0,"주주간담회 11월29일날 확정되었습니다
장소는 암사동으로 예상됩니다.

364명의 주주님들이 가입해주셨습니다.

네이버 검색창에 "" 현대백화점 소액주주 ""
검색하신후 까페쪽을 클릭하면 보이십니다.
가입해주셔서 힘을 실어주세요!!",[]
2017.11.03 15:33,691,kbok****,223.39.***.45,3,0,"담주 지켜보죠
시장이 어떻게 반응할지
시장기대치
개별영업익 359억 연결290억
작년 개별 234억 연결 183억
현대렌탈이 조죠놓내

참고 cj오쇼핑도 좋다내요
gs는 좋은실적 발표했내요",[]
2017.11.03 15:09,276,minh****,117.111.***.169,1,0,미리 담아두세여,[]
2017.11.02 12:53,367,kbok****,223.39.***.45,3,1,실적좋다해서 알아보구 들어왔는데,[]
2017.11.01 23:35,427,htnc****,211.200.***.159,3,0,"총 352명의 주주분들이 가입해주셨습니다

네이버 검색창에 ""현대백화점 소액주주""검색후
까페쪽을 클릭해주세요

11월29일 주주간담회 확정되었습니다
장소는 암사동으로 예상되고
시간은 주주님들이 가장 참여 하실수 있는시간으로 정해서 사측에 통보하도록 하겠습니다

주주친화적인 배당상향을 위하여
주주간담회 의견 및 함께 목소리를 내기 위하여
가입하여 힘을 실어주세요! 환영합니다!

주소 http://cafe.naver.com/hyundaistore 입니다.",[]
2017.10.25 09:45,723,happ****,182.212.***.238,1,0,"잘나가던 쇼핑 회사들

개망함 ㅋㅋㅋㅋㅋㅋㅋㅋㅋㅋㅋㅋㅋㅋㅋ",[]
2017.10.23 00:51,761,htnc****,211.200.***.159,3,0,"문제가 되면 삭제하도록 하겠습니다.
ㅡㅡㅡㅡㅡㅡㅡㅡㅡㅡㅡㅡㅡㅡㅡㅡㅡㅡㅡㅡㅡㅡㅡㅡㅡㅡㅡㅡㅡㅡㅡㅡㅡㅡㅡㅡ

전세계적으로 증시가 신고가를 갱신하고
코스피지수도 매일 역사적인 신고가를 갱신하고 있는 요즘...

현대백화점만 연일 신저가 행진을 하고 있습니다. 특히 현대백화점을 믿는 장기보유 투자자들은 낮은배당과 주가하락으로 고통받고있습니다.

현대백화점은 외주직원 정직원화,
전통시장과의 협업,
H포인트로 고객에게 이익공유로
직원, 전통시장, 고객에게 상생을 하고 있는데...
어찌 회사를 이용하고 투자하고 있는 주주들에게만 상생을 외면하는지 이해하기 어렵습니다.

현대백화점은 배당상향과 주가 정상화 방안을 내놓아야 합니다. 큰돈 안들이고도 적극적인 IR, 배당금3000원으로 인상 등 회사가 취할수 있는것을 행하지 않고 있습니다.

우리는 자신의 재산권 보호를 위한 소액주주로서 건전한 권리행사를 해야 합니다. 그러기 위해선 소액주주들의 관심이 필요합니다.

까페주소 입니다.
네이버에 ' 현대백화점 소액주주 ' 검색해주세요


http://cafe.naver.com/hyundaistore",[]
2017.10.13 10:38,1183,rato****,223.62.***.169,2,0,내지마라,[]
2017.10.10 08:32,931,sscv****,117.111.***.166,3,2,"저도 가입했다가 손실만봤고 1년후 댓글.수익
인증사진보고 다른곳에 가입했는데 역시 손실만
엄청봤네요.가입했더니 수익인증사진.댓글들은
정체를 알수가 없더군요..후회 막심 하더군요
다 사기,속임수 입니다. 가입비 몇백 날리고 틀림없이 후회 할껍니다.수익난거 사진 보여주며 가입 권유하는데 다 짜고치는 겁니다.지들 계좌에요
그 인간들은 개미들 가입비 받아 쳐먹고 사는
인간들이에요.약간씩 다르긴해도 평균적으로
6개월 200만원정도 받아처먹고 진짜 못해도
1000명 모집해도 20억을 그냥 처먹는겁니다.
실제로는 몇천명 되겠죠..사람장사 해처먹지
주식 정보로 개미들 돈 벌어주는게 아닙니다.
vip가입해서 돈 버는사람 절대 없습니다.
마이너스30% 난거 더 좋은 종목으로 복수한다구 매도하라고해서 팔으니까 담날 상한가치고 새로
매수한 종목은 급락하고 진짜 어이가 없더군요.
Vip추천종목 다 마이너스 20~40% 3~4개월 물려있네요. 진짜 속임수에 넘어가서 가입하지
마세요.눈물 흘리며 후회하게 될껍니다.
저 혼자서 이러기보단 다 같이 하는게 다 같이해서 새로운 피해자가 없도록 하는게 바람직해 보입니다.",['정말요? 가입했는데 ㅠ\n첫날 단타종목추천을 그지같은거 하더라구요\n그러고서 손절하라고하고 정말 돈만날린걸까요?']
2017.09.26 14:08,1785,minh****,117.111.***.63,3,2,"아무리 외적 요인도 중요하지만 매출, 영업이익 자체가 안정적이기 때문에 오릅니다!",[]
2017.09.25 15:54,549,lcys****,112.171.***.165,1,2,"지수 이틀연속 내려가니까

오르느니 참았다 오르느라고 쉬어버리자너

지수빠지니까 답이없네;;",['ㅋㅋㅋㅋㅋㅋ']
2017.09.25 12:14,611,mssh****,218.48.***.176,3,2,지금에라도 손절해야 할까요?,"['손절하세요.', '노노 기다려요', '빨리요']"
2017.09.21 09:18,346,lcys****,112.171.***.165,2,2,니 마음대로 해,[]
2017.09.20 19:49,388,happ****,182.212.***.238,1,0,쉐키들,[]
2017.09.18 12:18,947,john****,175.223.***.61,1,0,모두 하락이네. 왜?,['어닝쇼크일듯~ 3분기 별루~']
2017.08.14 12:03,532,snuf****,125.142.***.245,4,0,"143000원에 1주
거금인데
오늘 점심은 굶어야겠다",[]
2017.08.14 11:24,428,happ****,175.223.***.78,1,1,좋아,[]
2017.08.14 10:42,767,nams****,121.190.***.62,2,2,후~욱 가는건가?,"['기업하기 싫은나라 대한민국', '유통주 손 본다는 말에~~\n참으로 희한한 나라일세~~']"
2017.08.13 22:26,986,vkfq****,125.180.***.51,0,2,"5일선 타고 순간쩜상10방고.
시초가에 강력 매수 추천합니다. ㅋ ㅋ
눌림목강력 매수 추천합니다. ㅋ ㅋ ㅋ ㅋ ㅋ",[]
2017.08.09 12:19,662,s1a2****,221.148.***.238,1,5,"어쩔수없네요 급등못하게 물량 쌓아놔도 올라갈수밖에 읍네요

슛팅까지 15프로 예상합니다.",[]
2017.08.08 13:25,394,wide****,138.68.***.170,0,0,"오후 들어서 장이 괜찮아지고 있네
메이저 매수금액이 12.7억으로 압도적인 40% 가지고 있음
51주로 2.2억 거래 체결이 있었고
99주와 39주는 각각 1.1억 2.1억으로 계속해서 체결중이네여.
외인에서도 매수가 많이 보이고 있어서
오늘 마감때까지 올라가게 될지 기대가 됩니다",[]
2017.08.08 11:42,296,natr****,112.172.***.177,1,0,좋은일이 있겠지?ㅋㅋ,[]
2017.08.06 22:49,927,ahrw****,211.179.***.203,0,0,이쁘따 여름 쇼핑 가시죠 파버.나인 이건?,[]
2017.08.06 22:19,284,ahrw****,211.179.***.203,0,0,현대 쇼핑 이랑 가져 !!파버.나인? 상승장 기대 !,[]
2017.07.28 01:05,708,azqa****,118.91.***.0,1,0,"지주회사로서~~ ,,자회사 실적 사상 최대 = ~

자회사들 ~ 하이닉스. . 텔레콤 . 이노베이션. 에너지 , 부동산 ...등등.. 여러 자회사들 실적 사상 최대.. 호재


中 물류업체 ESR 지분 11.7% 인수

- 中 전자상거래 시장 폭발적 성장…안정적 수익 기대

중국 물류업체 지분을 인수한다.

이번 지분 인수로 국제적인 투자 전문 지주회사로 도약하겠다는 각오를 다졌다.

물류센터 사업에 주목한 이유는 중국 내 전자상거래 시장이 폭발적으로 성장했기 때문이다. 중국은 소득 수준이 높아지고 온라인 쇼핑이 활발해지면서 연평균 전자상거래 규모가 36%씩 성장했다. 중국 전자상거래 시장은 오는 2018년이면 미국 시장의 약 2.5배인 1000조 원 대를 돌파할 전망이다.

현재 중국 내 물류센터는 폭증하는 물동량을 소화하기 역부족이라 폭발적으로 성장 중이다. ESR에 투자해 안정적으로 수익을 낼 수 있다고 판단했다. 실제로 중국 물류센터 산업은 2013년 23조에서 지난해 42조 규모로 두 배 가까이 성장했다. 앞으로도 이 사업은 연평균 15% 이상 성장할 전망이다.

2011년 설립된 ESR은 1대 주주인 사모펀드 워버그 핀커스(Warburg Pincus)가 경영권을 보유했다. ESR은 중국뿐만이 아니라 일본과 싱가포르에 물류센터를 운영 중이다. 또 건설 중인 경기도 고양시 등에 물류센터 등을 포함하면 전 세계 물류센터 112개를 보유했다.

중국 ESR 지분 인수에 여러 다국적 기업이 관심을 보였다”

“이번에 투자를 성사하면서 $K가 국제적인 투자전문 지주사로서 역량을 증명하고 급성장하는 중국 내 물류사업에 선제 대응할 수 있게 됐다”",[]
2017.07.17 11:16,1016,happ****,182.212.***.238,0,0,다 던져버리고 나오세요~,[]
2017.07.17 10:46,330,pupu****,119.204.***.10,0,0,"ㅇ
ㅡ
ㅇ",[]
2017.06.28 12:55,828,cvbn****,118.91.***.45,3,1,"연기금.기관 연속 매수 세력♥ ㅡ 상승 호재 공시 == 코스피 200에 신규로 편입됨 !! ㅡ ♥

^^♥^^.. C]CGV ..여름 방학 성수기. 여름 수혜주 ...극장 개봉영화 흥행

♥ ㅡ 상승 호재 공시 == 코스피 200에 신규로 편입됨 !! ㅡ ♥

기관, 연기금 은 상승 올리는 매수세력입니다

우선, CJ CGV 의 실적등을 살펴 보겠습니다. ~ 앞으로 매년 20%씩 성장할수 있을것 ^^ 꾸준한 실적 성장...","[""'용산시대' 연다…CGV용산아이파크몰 7월 개관\n용산 아이파크몰 증축 현대아이파크몰] C/ CGV가 오는 7월 CGV용산아이파크몰을 재개관하고 본격적인 '용산시대'를 연다. CGV는 지난 3월부터 용산점에 대한 리뉴얼을 단행, 상영관 20개(기존 11개)를 갖춘...극장\n\n연기금,기관 연속매수~.여름 방학 성수기. 여름 수혜주 ...극장 개봉영화 흥행""]"
2017.06.16 12:51,1831,epic****,223.33.***.78,0,1,"홈쇼핑방송에서는 왜 상품의

장점만 소개하고 단점은 이야기하지

않는건가요??

T.T",['영업비밀입니다.ㅋㅋㅋ']
